text,category,priority,source,category_encoded,priority_encoded
ventilator inverter exhaust noisy balcony,Hostels,High,synth_highacc,1,2
cement brick burst replace repair,Maintenance,Low,synth_highacc,4,1
bathroom staircase dirty mug fan,Hostels,High,synth_highacc,1,2
complaint drugs registered harassment sexually,Security / Discipline,High,synth_highacc,6,2
email authentication sending browser firmware,IT Support,Low,synth_highacc,0,1
tax gst reimbursement pending fund,Fees / Finance,High,synth_highacc,3,2
thesis cancel overdue seminar paper,Academics,Medium,synth_highacc,2,0
cctv thief footage interrogate thieves,Security / Discipline,Low,synth_highacc,6,1
borrow locate limit newspaper newspaper,Library,Medium,synth_highacc,8,0
interest receipt late waiver bank,Fees / Finance,Low,synth_highacc,3,1
table laundry wobbling geyser detergent,Hostels,High,synth_highacc,1,2
kitchen spoil hygiene sabzi rice,Canteen,Medium,synth_highacc,9,0
towel washroom rough bunk inverter,Hostels,High,synth_highacc,1,2
drainage cupboard mattress tap hanger,Hostels,High,synth_highacc,1,2
food coffee shortage water plate,Canteen,High,synth_highacc,9,2
credit mentor transfer report delayed,Academics,Low,synth_highacc,2,1
wire switch repair crack sweeping,Maintenance,Medium,synth_highacc,4,0
laundry ventilator service toilet window,Hostels,Low,synth_highacc,1,1
finance treasury statement scholarship withdrawal,Fees / Finance,Low,synth_highacc,3,1
vandalism suspicious property incident danger,Security / Discipline,Medium,synth_highacc,6,0
sewage floor backup cement damage,Maintenance,Medium,synth_highacc,4,0
ram update upgrade driver adapter,IT Support,Medium,synth_highacc,0,0
tease interrogate sexual stole patrol,Security / Discipline,High,synth_highacc,6,2
dean migration approval clerk policy,Administration,Low,synth_highacc,7,1
admission seal cancellation document document,Administration,High,synth_highacc,7,2
geyser pillow leaking soap staircase,Hostels,High,synth_highacc,1,2
can we get a few more newspapers for the common room currently we only get one copy of the local paper and it s usually taken by 8 am having a second copy or a national daily would be great,Hostels,Low,complaint_triage,1,1
vpn backup routing scanner display,IT Support,Low,synth_highacc,0,1
subject cancel elective topic chapter,Academics,High,synth_highacc,2,2
ip projector address software server,IT Support,High,synth_highacc,0,2
proctoring tool crashes during camera check app closes after verifying webcam reinstall didn t help and i m mid exam window please provide a stable build or workaround urgent please,IT Support,High,complaint_triage,0,2
the markers used in the tutorial rooms are often dried out it would be helpful if the department could provide a fresh set to the class representatives at the start of each month to ensure the board work is visible,Academics,Low,complaint_triage,2,1
conductor windscreen rude petrol numberplate,Transport,Low,synth_highacc,5,1
blanket inverter torn table almirah,Hostels,Low,synth_highacc,1,1
regulation pending strict affidavit scholarship,Administration,Medium,synth_highacc,7,0
payment receipt failed arrear netbanking,Fees / Finance,Medium,synth_highacc,3,0
roommate heating noisy heater blanket,Hostels,Medium,synth_highacc,1,0
pickup drop overcrowded cycle bus,Transport,Low,synth_highacc,5,1
driver windscreen absent van windscreen,Transport,Low,synth_highacc,5,1
bibliography return section subscription librarian,Library,Low,synth_highacc,8,1
fare route increased overcrowded numberplate,Transport,Medium,synth_highacc,5,0
the floor mats at the entrance are quite worn out they don t really clean our shoes anymore and they slip around on the tiles it might be time to get some new heavy duty rubber mats,Hostels,Low,complaint_triage,1,1
laundry inverter machine noisy chair,Hostels,Low,synth_highacc,1,1
patrol threatened laptop investigate threatened,Security / Discipline,High,synth_highacc,6,2
hostel toilet expensive warden,Hostels,Medium,synth_highacc,1,0
raped camera assaulted accused senior,Security / Discipline,Low,synth_highacc,6,1
someone spilled oil all over the stairs in the science building and didn t clean it up i saw two people slip and fall already it s a major hazard,Security / Discipline,Medium,complaint_triage,6,0
bed table squeaky ventilator sink,Hostels,High,synth_highacc,1,2
taste pickle bad lunch taste,Canteen,Medium,synth_highacc,9,0
schedule petrol weekend headlight vehicle,Transport,Low,synth_highacc,5,1
aisle almanac light desk magazine,Library,High,synth_highacc,8,2
taste oil milk hygiene rate,Canteen,Low,synth_highacc,9,1
stipend netbanking due grant stipend,Fees / Finance,High,synth_highacc,3,2
regulation affidavit issue guideline regulation,Administration,Medium,synth_highacc,7,0
withdrawal invoice pending tuition remit,Fees / Finance,Low,synth_highacc,3,1
fare brake increased bus pickup,Transport,Low,synth_highacc,5,1
search locate shelf database fine,Library,Medium,synth_highacc,8,0
i saw a student s backpack get caught in the bus door as it was pulling away the driver didn t notice until we all started screaming we need better sensors on those doors,Transport,High,complaint_triage,5,2
food daal rotten fork dinner,Canteen,High,synth_highacc,9,2
waiver refund rejected statement cashier,Fees / Finance,High,synth_highacc,3,2
cloud protocol sync down cloud,IT Support,Medium,synth_highacc,0,0
bully danger complaint fought fraud,Security / Discipline,Low,synth_highacc,6,1
circular notice notary admission seal,Administration,Medium,synth_highacc,7,0
cycle diesel stolen route driver,Transport,Low,synth_highacc,5,1
transaction loan failed cashier audit,Fees / Finance,Medium,synth_highacc,3,0
harrass stolen sexual stranger arrest,Security / Discipline,High,synth_highacc,6,2
book expired abstract reading,Library,Medium,synth_highacc,8,0
print index queue rack available,Library,Low,synth_highacc,8,1
email firmware desktop password scanner,IT Support,High,synth_highacc,0,2
mosquito bunk heating bathroom towel,Hostels,Low,synth_highacc,1,1
finance upi section due withdrawal,Fees / Finance,Medium,synth_highacc,3,0
exam professor timetable topic internship,Academics,Low,synth_highacc,2,1
the chalk used in the basic electrical class is very dusty and leaves a lot of residue on the front row desks maybe the department could switch to dust free chalk or provide whiteboards for the older classrooms,Academics,Low,complaint_triage,2,1
dean requested approval status certificate,Administration,High,synth_highacc,7,2
threaten fight life smoke case,Security / Discipline,Low,synth_highacc,6,1
quiz credit score textbook submission,Academics,Low,synth_highacc,2,1
invoice waiver pending bill online,Fees / Finance,High,synth_highacc,3,2
clerk endorse verification admission notice,Administration,Medium,synth_highacc,7,0
gutter wrench cleaning fuse stair,Maintenance,Medium,synth_highacc,4,0
publisher newspaper details fine card,Library,Low,synth_highacc,8,1
vegetable daal expensive chicken sabzi,Canteen,Medium,synth_highacc,9,0
chapati price hard snack juice,Canteen,Medium,synth_highacc,9,0
chair noisy broken water soap,Hostels,Medium,synth_highacc,1,0
ram laptop upgrade charger display,IT Support,Medium,synth_highacc,0,0
renew rack request section nonfiction,Library,High,synth_highacc,8,2
refund transaction process reimbursement statement,Fees / Finance,Medium,synth_highacc,3,0
vpn usb routing bandwidth cable,IT Support,High,synth_highacc,0,2
paint plaster screwdriver handle sewage,Maintenance,Medium,synth_highacc,4,0
dust ceiling handle drill handle,Maintenance,Medium,synth_highacc,4,0
harrass threaten sexual investigate sexual,Security / Discipline,Low,synth_highacc,6,1
deposit balance refund loan remit,Fees / Finance,High,synth_highacc,3,2
presentation result scholar group grading,Academics,High,synth_highacc,2,2
case abusing pending injured fir,Security / Discipline,High,synth_highacc,6,2
invoice reimbursement tuition bill budget,Fees / Finance,High,synth_highacc,3,2
route numberplate diversion diesel shuttle,Transport,Low,synth_highacc,5,1
blanket mattress heating table blanket,Hostels,Medium,synth_highacc,1,0
someone is using a fake id to get into the campus bar i saw them showing it to the staff and it was clearly not them i don t want the university to get in trouble for underage drinking,Security / Discipline,Low,complaint_triage,6,1
pipe fused rusted electrician brick,Maintenance,Low,synth_highacc,4,1
lunch cook sauce breakfast curry,Canteen,High,synth_highacc,9,2
driver diesel mandatory conductor traffic,Transport,Low,synth_highacc,5,1
canteen cook stale kitchen cup,Canteen,Medium,synth_highacc,9,0
theft haras reported insulting cybercrime,Security / Discipline,High,synth_highacc,6,2
stolen teasing cybercrime harassment harrass,Security / Discipline,High,synth_highacc,6,2
login portal shutdown ssd charger,IT Support,Low,synth_highacc,0,1
policy approval amendment guideline missing,Administration,Medium,synth_highacc,7,0
stair sewage railing exposed hammer,Maintenance,High,synth_highacc,4,2
drugs complaint peddling arrest fight,Security / Discipline,High,synth_highacc,6,2
desk card staff counter aisle,Library,High,synth_highacc,8,2
circular notice application notice delay,Administration,High,synth_highacc,7,2
book print recommendation volume librarian,Library,Medium,synth_highacc,8,0
procedure processing enquiry awaiting notary,Administration,Low,synth_highacc,7,1
blanket mattress hanger service stinking,Hostels,High,synth_highacc,1,2
withdrawal fee processed bank budget,Fees / Finance,Medium,synth_highacc,3,0
placement faculty drive workshop project,Academics,Low,synth_highacc,2,1
weapon danger found harassed murder,Security / Discipline,Low,synth_highacc,6,1
vehicle provided gear parking overcrowded,Transport,Low,synth_highacc,5,1
weapon raped found harrass fir,Security / Discipline,High,synth_highacc,6,2
download port stuck storage browser,IT Support,Medium,synth_highacc,0,0
vegetable price oily counter chapati,Canteen,Low,synth_highacc,9,1
affidavit notice sworn missing notary,Administration,Low,synth_highacc,7,1
pipe broken burst sweeping peeling,Maintenance,Low,synth_highacc,4,1
tap cupboard dripping flush fan,Hostels,High,synth_highacc,1,2
software download crashing log portal,IT Support,High,synth_highacc,0,2
bonafide endorse certificate submission examination,Administration,High,synth_highacc,7,2
quiz group revaluation report syllabus,Academics,High,synth_highacc,2,2
tyre petrol puncture fare meter,Transport,High,synth_highacc,5,2
examination bonafide form status registrar,Administration,Low,synth_highacc,7,1
detergent water over water fan,Hostels,Low,synth_highacc,1,1
guard fraud witness cctv environment,Security / Discipline,Medium,synth_highacc,6,0
rice dinner pickle chapati taste,Canteen,High,synth_highacc,9,2
mac ip filter ram usb,IT Support,Medium,synth_highacc,0,0
horn numberplate not traffic numberplate,Transport,High,synth_highacc,5,2
oil rate breakfast plate drink,Canteen,Low,synth_highacc,9,1
fare stop refund provided bus,Transport,Low,synth_highacc,5,1
fan noisy speed bed bunk,Hostels,High,synth_highacc,1,2
registration signature completed pending awaiting,Administration,High,synth_highacc,7,2
assignment timetable feedback chapter workshop,Academics,Low,synth_highacc,2,1
book desk damaged abstract rack,Library,Medium,synth_highacc,8,0
silent subscription zone return subscription,Library,Medium,synth_highacc,8,0
harassment abusing filed violence haras,Security / Discipline,High,synth_highacc,6,2
verification dean done examination guideline,Administration,Medium,synth_highacc,7,0
request for more frequent cleaning of the whiteboards in the student lounge they are often left with old marker stains from previous days making it hard for new groups to use them for brainstorming,Academics,Low,complaint_triage,2,1
suspicious fought accused stranger patrol,Security / Discipline,High,synth_highacc,6,2
queue price tea counter daal,Canteen,Medium,synth_highacc,9,0
driver usb protocol patch mouse,IT Support,High,synth_highacc,0,2
letterhead hostel notice official status,Administration,Medium,synth_highacc,7,0
the digital clock in the lobby has a very bright blue display that is a bit piercing at night if there s a way to dim it or switch it to a softer color like red or amber it would be much better,Maintenance,Low,complaint_triage,4,1
sexual scam harassment case teased,Security / Discipline,Low,synth_highacc,6,1
the annual report on student welfare funds hasn t been posted in the lobby this year we always like to see how the student activity fees are being utilized for campus events and sports equipment,Fees / Finance,Low,complaint_triage,3,1
fiction photocopy available shelf aisle,Library,Medium,synth_highacc,8,0
the card reader at the entrance of the girls dorm is broken we have to leave the door propped open so people can get in which means anyone can enter the building,Security / Discipline,High,complaint_triage,6,2
deposit stipend refund gst balance,Fees / Finance,High,synth_highacc,3,2
sewage maintenance smell fix renovation,Maintenance,High,synth_highacc,4,2
transaction stipend fund bank remit,Fees / Finance,High,synth_highacc,3,2
edition publisher outdated photocopy rack,Library,High,synth_highacc,8,2
fare rickshaw increased ticket vehicle,Transport,Low,synth_highacc,5,1
headlight overcrowded dim parking schedule,Transport,Medium,synth_highacc,5,0
violence rape physical complaint injured,Security / Discipline,Medium,synth_highacc,6,0
cleaning carpenter wrench sweeping maintenance,Maintenance,Low,synth_highacc,4,1
bank application transfer debit scholarship,Fees / Finance,High,synth_highacc,3,2
bus seat license windscreen,Transport,High,synth_highacc,5,2
configure speed setup network slow,IT Support,Medium,synth_highacc,0,0
feedback for the first assignment was never provided we have already submitted the second assignment without knowing what we did wrong in the first one this defeats the purpose of continuous evaluation please ask the ta to release the comments and marks as soon as possible,Academics,Medium,complaint_triage,2,0
seat taillight reserved gear petrol,Transport,High,synth_highacc,5,2
transfer endorse certificate admission awaiting,Administration,Low,synth_highacc,7,1
ethernet projector wlan dns mouse,IT Support,Low,synth_highacc,0,1
cctv fraud footage weapon stole,Security / Discipline,High,synth_highacc,6,2
finance debit office concession tax,Fees / Finance,Medium,synth_highacc,3,0
kitchen chapati hygiene bill taste,Canteen,Low,synth_highacc,9,1
headlight taillight driver taxi cab,Transport,High,synth_highacc,5,2
circular notice deadline stamp bonafide,Administration,Low,synth_highacc,7,1
roommate toilet almirah staircase,Hostels,Medium,synth_highacc,1,0
lecture score timing homework syllabus,Academics,Low,synth_highacc,2,1
ceiling hammer repair maintenance damage,Maintenance,Medium,synth_highacc,4,0
faculty missing mentor exam question,Academics,High,synth_highacc,2,2
interest online grant waiver payment,Fees / Finance,High,synth_highacc,3,2
cable ethernet loose update freeze,IT Support,Low,synth_highacc,0,1
reading silent thesis available bibliography,Library,Low,synth_highacc,8,1
oil cheap drink plate expensive,Canteen,Low,synth_highacc,9,1
annual day function management was very poor this year,Administration,Medium,manual,7,0
treasury waiver department charges remit,Fees / Finance,Medium,synth_highacc,3,0
circular regulation clarification certificate dean,Administration,Medium,synth_highacc,7,0
shampoo laundry finished fan heating,Hostels,Medium,synth_highacc,1,0
drink kitchen fresh juice meal,Canteen,Low,synth_highacc,9,1
lecture grading cancelled syllabus grade,Academics,Low,synth_highacc,2,1
cable hardware loose patch login,IT Support,Low,synth_highacc,0,1
tile socket broken pipe screwdriver,Maintenance,High,synth_highacc,4,2
clerk official rude admission notary,Administration,Medium,synth_highacc,7,0
can we get a few more magazines for the reading area the current selection is quite old and it would be nice to have some updated tech or science journals to browse through during our free time,Hostels,Low,complaint_triage,1,1
syllabus curriculum incomplete workshop mentor,Academics,Medium,synth_highacc,2,0
card fund declined fee loan,Fees / Finance,Low,synth_highacc,3,1
rice tea undercook food oil,Canteen,High,synth_highacc,9,2
payment payment failed card remit,Fees / Finance,High,synth_highacc,3,2
cement brick hinge tile construction,Maintenance,Low,synth_highacc,4,1
egg chapati worth daal mess,Canteen,High,synth_highacc,9,2
the lock on the post box is jammed i can t get my mail out because the key won t turn in the cylinder i ve tried using some oil but it didn t help i need a locksmith or the maintenance team to open it and replace the lock,Maintenance,Medium,complaint_triage,4,0
investigate ragging matter thief abuse,Security / Discipline,Low,synth_highacc,6,1
research counter paper photocopy abstract,Library,High,synth_highacc,8,2
pipeline pipe leakage carpenter switch,Maintenance,Low,synth_highacc,4,1
vegetable menu food chicken counter,Canteen,Medium,synth_highacc,9,0
pickup drop petrol windscreen route,Transport,Medium,synth_highacc,5,0
certificate stamp issue transfer transfer,Administration,Medium,synth_highacc,7,0
door fuse jammed cement construction,Maintenance,Medium,synth_highacc,4,0
egg dinner coffee daal plate,Canteen,High,synth_highacc,9,2
membership counter renewal thesis volume,Library,High,synth_highacc,8,2
index desk page reading fiction,Library,Medium,synth_highacc,8,0
breakfast queue menu tea egg,Canteen,Low,synth_highacc,9,1
construction crack debris stair pipeline,Maintenance,Medium,synth_highacc,4,0
headlight taillight taxi schedule petrol,Transport,Medium,synth_highacc,5,0
deadline letterhead missed admission download,Administration,Medium,synth_highacc,7,0
guideline missing followed circular dean,Administration,Medium,synth_highacc,7,0
antivirus software blocking install router,IT Support,Low,synth_highacc,0,1
window washroom shutter heater shampoo,Hostels,Medium,synth_highacc,1,0
dinner milk served juice overcharge,Canteen,Medium,synth_highacc,9,0
water daal unclean milk canteen,Canteen,High,synth_highacc,9,2
scholarship penalty renewal account grant,Fees / Finance,Medium,synth_highacc,3,0
tea chapati cold snack tea,Canteen,High,synth_highacc,9,2
card late declined due penalty,Fees / Finance,High,synth_highacc,3,2
interest audit rate scholarship cashier,Fees / Finance,Low,synth_highacc,3,1
ragging harassment offence fight culprit,Security / Discipline,Low,synth_highacc,6,1
queue chicken cup counter vegetable,Canteen,High,synth_highacc,9,2
regulation clerk signature guideline approval,Administration,Low,synth_highacc,7,1
scholarship guideline form notice guideline,Administration,High,synth_highacc,7,2
vegetable sabzi price chicken fresh,Canteen,Low,synth_highacc,9,1
chapter answer summary scholar training,Academics,High,synth_highacc,2,2
blanket fan torn table washroom,Hostels,Medium,synth_highacc,1,0
photocopy book machine desk periodical,Library,Medium,synth_highacc,8,0
account reimbursement budget deduction remit,Fees / Finance,High,synth_highacc,3,2
driver license meter conductor overcrowded,Transport,Medium,synth_highacc,5,0
schedule stop delayed taillight overcrowded,Transport,Low,synth_highacc,5,1
book absent overdue book index,Library,Medium,synth_highacc,8,0
stipend grant deposit grant payable,Fees / Finance,Low,synth_highacc,3,1
refund online delayed fund tuition,Fees / Finance,Low,synth_highacc,3,1
scholarship waiver card tuition finance,Fees / Finance,Low,synth_highacc,3,1
license fare suspended gear brake,Transport,Low,synth_highacc,5,1
reference scan desk nonfiction article,Library,High,synth_highacc,8,2
bluetooth network pairing shutdown keyboard,IT Support,Low,synth_highacc,0,1
switch pane spark pipe bulb,Maintenance,Low,synth_highacc,4,1
midterm teacher results cancel textbook,Academics,Medium,synth_highacc,2,0
curtain chair damaged chair hanger,Hostels,Medium,synth_highacc,1,0
locate article shelf research index,Library,High,synth_highacc,8,2
wire switch construction pane hinge,Maintenance,Medium,synth_highacc,4,0
the finance helpdesk phone number is never answered i have been calling for three days to ask about my scholarship status and it just rings or goes to voicemail it s very difficult for us to keep visiting the office during lecture hours just for small queries,Fees / Finance,Medium,complaint_triage,3,0
tutorial grading cancelled absent teacher,Academics,High,synth_highacc,2,2
assignment quiz deadline tutorial project,Academics,High,synth_highacc,2,2
poor quality of food in the mess for the last few days the rotis are consistently burnt and the dal is extremely watery several of us have spoken to the mess manager but there has been no improvement in the service we pay for a balanced diet and this is not it,Hostels,Medium,complaint_triage,1,0
harrass incident sexual scam scam,Security / Discipline,Low,synth_highacc,6,1
slipper pillow slipper bed slow,Hostels,Medium,synth_highacc,1,0
sink pillow pipe sink tap,Hostels,High,synth_highacc,1,2
taste cheap bad spoon drink,Canteen,Low,synth_highacc,9,1
parking pickup full bus auto,Transport,High,synth_highacc,5,2
warden flush table inverter,Hostels,Medium,synth_highacc,1,0
bill expensive overcharge egg coffee,Canteen,High,synth_highacc,9,2
drill repairman noise brick repair,Maintenance,High,synth_highacc,4,2
egg overcharge stale daal meal,Canteen,Low,synth_highacc,9,1
cycle bicycle stop charges clutch,Transport,Low,synth_highacc,5,1
warden geyser permission fan tap,Hostels,Medium,synth_highacc,1,0
alcohol attack smoke smoke laptop,Security / Discipline,Low,synth_highacc,6,1
curriculum professor outdated score answer,Academics,High,synth_highacc,2,2
detergent table washroom hanger soap,Hostels,Medium,synth_highacc,1,0
wire switch exposed sweeping sparking,Maintenance,Low,synth_highacc,4,1
audit bank report upi waiver,Fees / Finance,High,synth_highacc,3,2
the study material provided on the lms for theory of computation is just a series of scanned images that are unreadable we cannot search for keywords or use screen readers could the department provide proper digital pdfs or a standard textbook reference that matches the slides,Academics,Medium,complaint_triage,2,0
curtain chair damaged chair strict,Hostels,Medium,synth_highacc,1,0
the fee receipt generated by the portal is missing the university seal i need to submit this to my father s office for his hra and education allowance but they rejected the current pdf can the finance department provide a digitally signed version with the official stamp,Fees / Finance,Medium,complaint_triage,3,0
hanger balcony broken slipper towel,Hostels,Low,synth_highacc,1,1
door hinge jammed hole cracked,Maintenance,Low,synth_highacc,4,1
dean submission approval processing deadline,Administration,Medium,synth_highacc,7,0
there is a lot of litter on the night buses it would be great if there were small trash cans installed near the exits so people don t just leave their bottles on the floor,Transport,Low,complaint_triage,5,1
critical spreadsheet corrupted after sync workbook opens with a corruption error auto save shows multiple conflicting versions urgently need a clean version restored please check revision history and backups due today for committee review exact path and timestamps available thank you for fast recovery,IT Support,High,complaint_triage,0,2
research nonfiction section reference stack,Library,Medium,synth_highacc,8,0
credit midterm transfer quiz viva,Academics,High,synth_highacc,2,2
request for window mesh repair the mosquito netting in my room has a hole in it and insects are getting in at night i ve tried taping it but it doesn t hold i would appreciate it if a new mesh could be fitted,Hostels,Medium,complaint_triage,1,0
sexual witness harassment fight corridor,Security / Discipline,Low,synth_highacc,6,1
chair fan broken laundry drainage,Hostels,Low,synth_highacc,1,1
lunch rotten delayed mess overcharge,Canteen,Low,synth_highacc,9,1
clerk signature verification admission awaiting,Administration,Medium,synth_highacc,7,0
fail connection ethernet vpn error,IT Support,Low,synth_highacc,0,1
mentor seminar guidance schedule seminar,Academics,Medium,synth_highacc,2,0
egg rotten oil daal milk,Canteen,High,synth_highacc,9,2
water drink unclean quality cup,Canteen,High,synth_highacc,9,2
bill pickle overcharge chapati cook,Canteen,Medium,synth_highacc,9,0
bank arrear statement remit scholarship,Fees / Finance,High,synth_highacc,3,2
maintenance screwdriver needed carpenter broken,Maintenance,Low,synth_highacc,4,1
fir hostel lodged weapon rape,Security / Discipline,Low,synth_highacc,6,1
request to reposition the trash bin in the common area by a few feet currently it s placed right under the light switch which makes it a bit awkward to reach for the button in the dark moving it to the corner would be a better layout,Maintenance,Low,complaint_triage,4,1
bill remit incorrect gst receipt,Fees / Finance,Low,synth_highacc,3,1
plumber jammed ceiling wire,Maintenance,Low,synth_highacc,4,1
weapon arrest found sexually fraud,Security / Discipline,High,synth_highacc,6,2
the 8 00 am bus broke down on the main bridge and we were stuck there for 45 minutes i missed my 8 30 am quiz which is 10 of my grade is there any way to get a formal note for my professor,Transport,High,complaint_triage,5,2
crack sewage lock hole wire,Maintenance,Medium,synth_highacc,4,0
outstanding credit amount charges online,Fees / Finance,Medium,synth_highacc,3,0
vandalism tease property complaint theft,Security / Discipline,Low,synth_highacc,6,1
construction drain noise valve fix,Maintenance,High,synth_highacc,4,2
dampness and mold growth on the north wall after the rains a large patch of black mold has appeared in the corner of my room it is causing a musty smell and i am worried about the air quality this needs to be cleaned and the wall waterproofed,Hostels,Medium,complaint_triage,1,0
reboot shutdown ram software internet,IT Support,High,synth_highacc,0,2
installment debit upi receipt account,Fees / Finance,Low,synth_highacc,3,1
request for a formal letter from the finance office for an external scholarship the ngo providing my funding needs a letter on university letterhead stating my total annual expenses i have the format ready when can i pick this up,Fees / Finance,Medium,complaint_triage,3,0
tutorial practical extra homework answer,Academics,Medium,synth_highacc,2,0
finance charges office waiver arrear,Fees / Finance,Low,synth_highacc,3,1
processing dean slow submission approval,Administration,Low,synth_highacc,7,1
procedure deadline lengthy letterhead letterhead,Administration,High,synth_highacc,7,2
plumber hinge tap ladder hinge,Maintenance,Medium,synth_highacc,4,0
there is a person on the roof of the 10 story admin building and they are standing very close to the edge they look like they might jump please send a crisis team immediately,Security / Discipline,High,complaint_triage,6,2
waiver cashier rejected netbanking grant,Fees / Finance,Medium,synth_highacc,3,0
detergent geyser over table inverter,Hostels,Low,synth_highacc,1,1
processing pending rejected registrar letterhead,Administration,Medium,synth_highacc,7,0
submission notarized pending regulation enrollment,Administration,High,synth_highacc,7,2
theft molest interrogate thief,Security / Discipline,Low,synth_highacc,6,1
professor curriculum leave chapter report,Academics,Low,synth_highacc,2,1
headlight taillight auto clutch mirror,Transport,High,synth_highacc,5,2
citation scan format card photocopy,Library,Low,synth_highacc,8,1
browser firmware cache down speed,IT Support,Medium,synth_highacc,0,0
theft weapon surveillance thief,Security / Discipline,Medium,synth_highacc,6,0
stranger harrass entry insulting fight,Security / Discipline,Medium,synth_highacc,6,0
fare bicycle revision route meter,Transport,Low,synth_highacc,5,1
curriculum missing outdated final lecture,Academics,Low,synth_highacc,2,1
sink blanket pipe geyser warden,Hostels,Medium,synth_highacc,1,0
enrollment attestation number submit notarized,Administration,Low,synth_highacc,7,1
staircase shampoo fan laundry laundry,Hostels,Medium,synth_highacc,1,0
wrench ladder repair peeling hole,Maintenance,High,synth_highacc,4,2
shampoo locker finished staircase washroom,Hostels,High,synth_highacc,1,2
signature pending attestation procedure scholarship,Administration,High,synth_highacc,7,2
cheap daal juice worth drink,Canteen,Medium,synth_highacc,9,0
laundry hanger machine toilet sink,Hostels,Medium,synth_highacc,1,0
sewage sewage backup renovation drain,Maintenance,Medium,synth_highacc,4,0
seminar overdue postponed professor placement,Academics,High,synth_highacc,2,2
notebook credit correction result postpone,Academics,Medium,synth_highacc,2,0
letterhead dean hostel official notice,Administration,Medium,synth_highacc,7,0
bullied scam harassed raped corridor,Security / Discipline,Low,synth_highacc,6,1
warden corridor strict chair table,Hostels,Low,synth_highacc,1,1
plaster drain falling roof fuse,Maintenance,Medium,synth_highacc,4,0
internship homework opportunity textbook delay,Academics,Medium,synth_highacc,2,0
scholar overdue registration schedule lecturer,Academics,Medium,synth_highacc,2,0
ticket gear missing parking mandatory,Transport,High,synth_highacc,5,2
danger accused injured unsafe environment,Security / Discipline,High,synth_highacc,6,2
application policy rejected scholarship affidavit,Administration,High,synth_highacc,7,2
stop clutch skipped petrol rickshaw,Transport,High,synth_highacc,5,2
fiction desk available publisher periodical,Library,Low,synth_highacc,8,1
temporary admin rights for approved research tool need same day install of a vendor sdk approval attached please assign jit elevation,IT Support,Low,complaint_triage,0,1
viva score conducted degree degree,Academics,Low,synth_highacc,2,1
scan membership card librarian shelf,Library,Medium,synth_highacc,8,0
overcharge rate overcharge water worth,Canteen,High,synth_highacc,9,2
policy endorse amendment migration missing,Administration,High,synth_highacc,7,2
the projector in room 402 has a very dim lamp the slides are barely visible even with the lights turned off this is a core theory room and we have four lectures there every day please replace the bulb or the projector unit,Academics,Medium,complaint_triage,2,0
ticket traffic missing pickup gear,Transport,High,synth_highacc,5,2
proxy blocks vendor documentation site docs subdomain is categorized incorrectly please review and allow if appropriate,IT Support,Medium,complaint_triage,0,0
drainage drainage clogged toilet inverter,Hostels,Medium,synth_highacc,1,0
evidence hostel alcohol interrogate sexual,Security / Discipline,High,synth_highacc,6,2
ssd antivirus storage software protocol,IT Support,High,synth_highacc,0,2
drain sewage stair renovation fuse,Maintenance,Medium,synth_highacc,4,0
journal print subscription aisle renew,Library,High,synth_highacc,8,2
tax gst card card concession,Fees / Finance,Low,synth_highacc,3,1
tax budget deduction account transaction,Fees / Finance,Medium,synth_highacc,3,0
charges scholarship due outstanding interest,Fees / Finance,Low,synth_highacc,3,1
vpn router routing portal shutdown,IT Support,High,synth_highacc,0,2
drainage door clogged heating dirty,Hostels,Low,synth_highacc,1,1
penalty search charged magazine rack,Library,Medium,synth_highacc,8,0
grant card approved application loan,Fees / Finance,Medium,synth_highacc,3,0
practical internship marks viva assignment,Academics,High,synth_highacc,2,2
roommate locker noisy mug water,Hostels,Medium,synth_highacc,1,0
document clerk sworn circular,Administration,Low,synth_highacc,7,1
sewage construction smell dust cleaning,Maintenance,High,synth_highacc,4,2
schedule taxi weekend horn mirror,Transport,High,synth_highacc,5,2
window exhaust shutter table soap,Hostels,High,synth_highacc,1,2
projector wifi mouse cable processor,IT Support,Low,synth_highacc,0,1
counter drink staff fresh mess,Canteen,Low,synth_highacc,9,1
brake clutch windscreen stop clutch,Transport,Medium,synth_highacc,5,0
certificate hostel status application form,Administration,Low,synth_highacc,7,1
cook hygiene tea curry queue,Canteen,Medium,synth_highacc,9,0
reimbursement penalty pending charges tax,Fees / Finance,High,synth_highacc,3,2
guard cctv sleeping kidnap alcohol,Security / Discipline,High,synth_highacc,6,2
notebook syllabus mentor curriculum final,Academics,High,synth_highacc,2,2
pickup drop ticket charges diesel,Transport,High,synth_highacc,5,2
fee debit payment debit,Fees / Finance,Medium,synth_highacc,3,0
wire switch grill handle fuse,Maintenance,Medium,synth_highacc,4,0
article bibliography unavailable journal librarian,Library,Medium,synth_highacc,8,0
cement brick leaking sweeping mopping,Maintenance,Low,synth_highacc,4,1
install configure speed software download,IT Support,Low,synth_highacc,0,1
cupboard laundry broken balcony water,Hostels,Low,synth_highacc,1,1
dust fix replace drill floor,Maintenance,High,synth_highacc,4,2
volume fine missing thesis photocopy,Library,Medium,synth_highacc,8,0
withdrawal delayed tuition tuition gst,Fees / Finance,Medium,synth_highacc,3,0
application submission rejected deadline circular,Administration,High,synth_highacc,7,2
crack maintenance repair pipeline jammed,Maintenance,Low,synth_highacc,4,1
pickup drop van bicycle license,Transport,Medium,synth_highacc,5,0
gutter sewage cleaning exposed bulb,Maintenance,High,synth_highacc,4,2
document admission bonafide migration,Administration,High,synth_highacc,7,2
roof sweeping leak socket ladder,Maintenance,High,synth_highacc,4,2
upload vpn speed monitor configure,IT Support,Low,synth_highacc,0,1
request for a few more dustbins in the backyard people often hang out there in the evening and there s nowhere to throw small wrappers or bottles one or two extra bins would help keep the grass clean,Hostels,Low,complaint_triage,1,1
signature clerk attestation registrar notarized,Administration,High,synth_highacc,7,2
towel locker rough slow towel,Hostels,Medium,synth_highacc,1,0
chapter paper credit textbook subject,Academics,Low,synth_highacc,2,1
group workshop project project subject,Academics,Low,synth_highacc,2,1
invoice due duplicate statement invoice,Fees / Finance,Medium,synth_highacc,3,0
citation aisle format shelf bibliography,Library,High,synth_highacc,8,2
my attendance for the professional communication class was marked absent for the entire last week even though i was present i checked the manual register and my signature is there the faculty says i need to contact the portal admin to get it corrected,Academics,Medium,complaint_triage,2,0
canteen breakfast stale quality chapati,Canteen,Low,synth_highacc,9,1
violence vandalism physical patrol thief,Security / Discipline,Medium,synth_highacc,6,0
nonfiction counter collection catalogue article,Library,Low,synth_highacc,8,1
update charger failing shutdown port,IT Support,Medium,synth_highacc,0,0
bibliography author section counter desk,Library,Low,synth_highacc,8,1
circular scholarship clarification missing clerk,Administration,Low,synth_highacc,7,1
i noticed that the lock on the side door of the humanities building doesn t click shut properly anyone can just walk in without swiping their id card even after hours,Security / Discipline,Medium,complaint_triage,6,0
digital signature failed on my provisional degree certificate i need this document for a visa interview scheduled for tomorrow morning the copy i downloaded has an invalid watermark on the university seal i need a corrected verified pdf sent to my registered email within the next hour,Academics,High,complaint_triage,2,2
indicator pickup broken auto route,Transport,Medium,synth_highacc,5,0
cloud latency sync freeze cable,IT Support,Medium,synth_highacc,0,0
towel inverter rough window curtain,Hostels,Medium,synth_highacc,1,0
meal bill spoiled worth curry,Canteen,High,synth_highacc,9,2
vpn charger disconnecting portal display,IT Support,Low,synth_highacc,0,1
threatened theft killed stalk teasing,Security / Discipline,Medium,synth_highacc,6,0
finance late office tuition grant,Fees / Finance,Medium,synth_highacc,3,0
snack breakfast items dinner queue,Canteen,High,synth_highacc,9,2
security breach near the back entrance of block d i saw an unidentified individual wandering near the stairwell who did not have a student id or a visitor pass when approached they ran toward the laundry area we need the security guards to check the perimeter and verify the gate logs immediately,Hostels,High,complaint_triage,1,2
raped harrass assaulted stalking evidence,Security / Discipline,High,synth_highacc,6,2
battery meter dead cycle taillight,Transport,Medium,synth_highacc,5,0
clerk processing rude application approval,Administration,High,synth_highacc,7,2
article fiction unavailable thesis reading,Library,High,synth_highacc,8,2
mattress inverter hard heating drainage,Hostels,Medium,synth_highacc,1,0
projector reboot freeze cable authentication,IT Support,High,synth_highacc,0,2
drainage mosquito clogged cotton fan,Hostels,Low,synth_highacc,1,1
driver fare speeding seat ticket,Transport,Low,synth_highacc,5,1
chapter midterm overdue textbook lecturer,Academics,Low,synth_highacc,2,1
mosquito slipper bucket bathroom water,Hostels,High,synth_highacc,1,2
reimbursement application pending gst bank,Fees / Finance,Low,synth_highacc,3,1
notebook final correction tutorial report,Academics,Low,synth_highacc,2,1
shampoo roommate finished almirah expensive,Hostels,High,synth_highacc,1,2
installment fund plan refund pending,Fees / Finance,High,synth_highacc,3,2
locker warden key chair staircase,Hostels,Low,synth_highacc,1,1
statement finance account credited account,Fees / Finance,Medium,synth_highacc,3,0
credit debit credit fee audit,Fees / Finance,Low,synth_highacc,3,1
examination dean form official missing,Administration,High,synth_highacc,7,2
tube cement flicker pane broken,Maintenance,Medium,synth_highacc,4,0
credit debit penalty pending cashier,Fees / Finance,High,synth_highacc,3,2
cable driver loose bandwidth ram,IT Support,High,synth_highacc,0,2
patrol thieves vehicle attack stalking,Security / Discipline,High,synth_highacc,6,2
ticket route counter bus horn,Transport,Low,synth_highacc,5,1
ventilator tap exhaust almirah shampoo,Hostels,High,synth_highacc,1,2
soap strict missing staircase mug,Hostels,Low,synth_highacc,1,1
cashier remit pending loan waiver,Fees / Finance,Low,synth_highacc,3,1
investigate attack matter scam steals,Security / Discipline,High,synth_highacc,6,2
software laptop crashing mac wifi,IT Support,High,synth_highacc,0,2
accused theft scam witness stole,Security / Discipline,Medium,synth_highacc,6,0
bill price water rate bill,Canteen,High,synth_highacc,9,2
software processor crashing mouse modem,IT Support,High,synth_highacc,0,2
food canteen shortage pickle taste,Canteen,High,synth_highacc,9,2
can we have a separate fast track line for students who just need to pick up a pre printed receipt currently everyone stands in the same queue regardless of whether they are paying or just collecting a document,Fees / Finance,Low,complaint_triage,3,1
catalogue subscription search silent newspaper,Library,Medium,synth_highacc,8,0
dean official approval regulation official,Administration,Low,synth_highacc,7,1
bucket cupboard cracked ventilator bathroom,Hostels,High,synth_highacc,1,2
i suspect that my scholarship was revoked by mistake i still meet all the gpa and credit requirements but my account shows i m now paying the out of state rate,Administration,High,complaint_triage,7,2
request for a fan repair in room 201 the ceiling fan is making a very loud grinding noise on high speed it feels like it might fall or the motor might burn out soon it s getting too warm to sleep without it please have a technician look at it,Hostels,Medium,complaint_triage,1,0
antivirus backup backup firewall port,IT Support,Low,synth_highacc,0,1
roommate ventilator noisy mattress tap,Hostels,Medium,synth_highacc,1,0
canteen cup cup cup,Canteen,High,synth_highacc,9,2
vegetable expensive sabzi chicken rice,Canteen,Low,synth_highacc,9,1
netbanking balance upi gst audit,Fees / Finance,Low,synth_highacc,3,1
shelf newspaper labelling catalogue librarian,Library,Medium,synth_highacc,8,0
guideline registrar followed verification deadline,Administration,Medium,synth_highacc,7,0
fee penalty structure deduction bank,Fees / Finance,High,synth_highacc,3,2
deadline processing extension form application,Administration,Medium,synth_highacc,7,0
tube repair flicker repair tile,Maintenance,Medium,synth_highacc,4,0
error crash display adapter server,IT Support,Medium,synth_highacc,0,0
hygiene curry poor rice rice,Canteen,Low,synth_highacc,9,1
locker drainage jammed tap corridor,Hostels,Medium,synth_highacc,1,0
invoice invoice concession bill reimbursement,Fees / Finance,Medium,synth_highacc,3,0
reference section desk bibliography renew,Library,Low,synth_highacc,8,1
drugs stalk peddling offence harrash,Security / Discipline,High,synth_highacc,6,2
deadline official extension migration sworn,Administration,Medium,synth_highacc,7,0
bathroom expensive dirty expensive strict,Hostels,High,synth_highacc,1,2
fare route increased numberplate bus,Transport,Low,synth_highacc,5,1
window exhaust shutter noisy staircase,Hostels,Low,synth_highacc,1,1
due remit date installment deduction,Fees / Finance,Low,synth_highacc,3,1
error crash usb protocol authentication,IT Support,High,synth_highacc,0,2
overcharge milk juice water stale,Canteen,Medium,synth_highacc,9,0
seat conductor broken cab stop,Transport,Low,synth_highacc,5,1
deduction fund wrong due cleared,Fees / Finance,Medium,synth_highacc,3,0
workshop chapter registration diploma teacher,Academics,High,synth_highacc,2,2
ssd charger storage wifi computer,IT Support,High,synth_highacc,0,2
taste kitchen bad egg sabzi,Canteen,Low,synth_highacc,9,1
blanket mattress toilet slipper geyser,Hostels,High,synth_highacc,1,2
schedule fuel provided fare cycle,Transport,High,synth_highacc,5,2
ssd email storage vpn bandwidth,IT Support,Medium,synth_highacc,0,0
carpenter cement hole leak bulb,Maintenance,Low,synth_highacc,4,1
approval verification awaited seal delay,Administration,Medium,synth_highacc,7,0
construction grill noise renovation ladder,Maintenance,Medium,synth_highacc,4,0
browser ip portal download mac,IT Support,High,synth_highacc,0,2
research reading material return article,Library,High,synth_highacc,8,2
taste juice fork hygiene sabzi,Canteen,Medium,synth_highacc,9,0
hostel bunk bucket mattress,Hostels,High,synth_highacc,1,2
nonfiction magazine collection edition absent,Library,High,synth_highacc,8,2
vpn internet scanner server portal,IT Support,Medium,synth_highacc,0,0
trespass witness prohibited tease haras,Security / Discipline,High,synth_highacc,6,2
drink juice sauce juice rate,Canteen,Medium,synth_highacc,9,0
subject topic elective delay score,Academics,Low,synth_highacc,2,1
chapter cancel summary group midterm,Academics,Medium,synth_highacc,2,0
router modem speed log freeze,IT Support,Low,synth_highacc,0,1
fee budget refund fee,Fees / Finance,Low,synth_highacc,3,1
document regulation circular certificate,Administration,High,synth_highacc,7,2
sexually stalking abusing teasing violence,Security / Discipline,Medium,synth_highacc,6,0
status attestation unknown hostel dean,Administration,Low,synth_highacc,7,1
weapon stalk seized teased stolen,Security / Discipline,High,synth_highacc,6,2
snack mess items chapati queue,Canteen,Medium,synth_highacc,9,0
blanket mattress mosquito shampoo cupboard,Hostels,High,synth_highacc,1,2
headlight van dim rickshaw provided,Transport,Low,synth_highacc,5,1
cctv evidence footage fraud stranger,Security / Discipline,Low,synth_highacc,6,1
roommate washroom shifting service warden,Hostels,Medium,synth_highacc,1,0
status notice application notary delay,Administration,Low,synth_highacc,7,1
nonfiction return collection counter periodical,Library,Low,synth_highacc,8,1
fare diesel revision stop ticket,Transport,Medium,synth_highacc,5,0
due gst date credited bill,Fees / Finance,Medium,synth_highacc,3,0
credit debit credited pending deduction,Fees / Finance,High,synth_highacc,3,2
attestation requested signature deadline sworn,Administration,Low,synth_highacc,7,1
invoice scholarship duplicate installment scholarship,Fees / Finance,Medium,synth_highacc,3,0
sink noisy pipe water warden,Hostels,Medium,synth_highacc,1,0
vegetable rate oily cook sabzi,Canteen,High,synth_highacc,9,2
drainage exhaust overflowing stinking flush,Hostels,High,synth_highacc,1,2
vpn patch email server desktop,IT Support,High,synth_highacc,0,2
workshop timetable material internship overdue,Academics,Medium,synth_highacc,2,0
printer error offline latency update,IT Support,Low,synth_highacc,0,1
fee concession structure interest invoice,Fees / Finance,Low,synth_highacc,3,1
harrass scam sexual investigate rape,Security / Discipline,High,synth_highacc,6,2
catalogue fine search available renew,Library,High,synth_highacc,8,2
ticket petrol counter meter tyre,Transport,Low,synth_highacc,5,1
finance reimbursement section fund payment,Fees / Finance,Low,synth_highacc,3,1
answer assignment key assignment diploma,Academics,High,synth_highacc,2,2
table inverter wobbling hostel detergent,Hostels,High,synth_highacc,1,2
projector software down cable server,IT Support,Medium,synth_highacc,0,0
auto rickshaw gear tyre diesel,Transport,High,synth_highacc,5,2
balance deposit enquiry concession scholarship,Fees / Finance,Medium,synth_highacc,3,0
taste glass bad canteen hygiene,Canteen,Low,synth_highacc,9,1
bus conductor late cab bicycle,Transport,Medium,synth_highacc,5,0
question placement paper schedule score,Academics,High,synth_highacc,2,2
threatened cctv killed unsafe complaint,Security / Discipline,Medium,synth_highacc,6,0
install configure router charger offline,IT Support,High,synth_highacc,0,2
backup shutdown software bandwidth browser,IT Support,Medium,synth_highacc,0,0
door curtain lock blanket toilet,Hostels,Medium,synth_highacc,1,0
deadline submission awaiting missing transfer,Administration,Medium,synth_highacc,7,0
bill fork sauce rate pickle,Canteen,High,synth_highacc,9,2
due deposit cleared fee bank,Fees / Finance,High,synth_highacc,3,2
connectivity laptop unstable dns keyboard,IT Support,High,synth_highacc,0,2
application issue rejected notary attestation,Administration,Low,synth_highacc,7,1
shuttle license cancelled taxi clutch,Transport,Medium,synth_highacc,5,0
charges van extra cycle taxi,Transport,Medium,synth_highacc,5,0
hammer garbage ceiling screwdriver fuse,Maintenance,Medium,synth_highacc,4,0
book book recommendation article scan,Library,Low,synth_highacc,8,1
taste rice canteen hygiene vegetable,Canteen,Low,synth_highacc,9,1
windscreen parking broken taxi schedule,Transport,High,synth_highacc,5,2
alcohol insulting senior smoke scam,Security / Discipline,Low,synth_highacc,6,1
paint plaster peeling mopping crack,Maintenance,Medium,synth_highacc,4,0
license traffic suspended provided cab,Transport,High,synth_highacc,5,2
food water rotten menu cheap,Canteen,Medium,synth_highacc,9,0
grill leaking welding drain grill,Maintenance,Low,synth_highacc,4,1
browser ethernet cache ram wlan,IT Support,High,synth_highacc,0,2
sabzi bill fork pickle water,Canteen,High,synth_highacc,9,2
notebook lecture delayed curriculum grade,Academics,Low,synth_highacc,2,1
bill concession payment scholarship online,Fees / Finance,High,synth_highacc,3,2
return reading date author book,Library,Low,synth_highacc,8,1
scan journal citation librarian overdue,Library,Medium,synth_highacc,8,0
admission notary cancellation examination notary,Administration,High,synth_highacc,7,2
wire switch lock brick fused,Maintenance,Low,synth_highacc,4,1
case surveillance pending caught assault,Security / Discipline,High,synth_highacc,6,2
search locate catalogue thesis ebook,Library,Low,synth_highacc,8,1
table hostel wobbling mug mosquito,Hostels,Medium,synth_highacc,1,0
helmet clutch mandatory parking route,Transport,High,synth_highacc,5,2
numberplate petrol missing indicator license,Transport,Medium,synth_highacc,5,0
official endorse document clerk status,Administration,Medium,synth_highacc,7,0
endorse bonafide document procedure examination,Administration,Low,synth_highacc,7,1
abstract penalty journal desk catalogue,Library,Medium,synth_highacc,8,0
stipend balance gst grant deposit,Fees / Finance,High,synth_highacc,3,2
approval policy awaited notarized awaiting,Administration,Low,synth_highacc,7,1
production api throttled after waf change clients receive http 429 across endpoints suspect new rate limit policy please confirm limits and burst behavior funding portal calls are throttled need rollback or higher quotas asap we ll adjust client backoff accordingly eta requested,IT Support,High,complaint_triage,0,2
traffic windscreen diesel accident pickup,Transport,High,synth_highacc,5,2
signature migration required stamp missing,Administration,High,synth_highacc,7,2
endorse notarized document issue bonafide,Administration,Medium,synth_highacc,7,0
curtain dirty damaged window fan,Hostels,High,synth_highacc,1,2
new ra onboarding bundle of standard academic tools research assistant starts monday please provision accounts licenses and mfa sharepoint and git access aligned with project asset tag to follow,IT Support,Low,complaint_triage,0,1
i ve been trying to call the financial aid office for two hours and the line is just busy do you only have one phone line for 20 000 students,Administration,Low,complaint_triage,7,1
taillight taillight damaged clutch petrol,Transport,High,synth_highacc,5,2
transaction cleared failed invoice finance,Fees / Finance,High,synth_highacc,3,2
bulb tube grill sparking cleaning,Maintenance,Medium,synth_highacc,4,0
viva workshop conducted delay credit,Academics,Low,synth_highacc,2,1
laundry door machine fan almirah,Hostels,Low,synth_highacc,1,1
circular notice seal deadline bonafide,Administration,Medium,synth_highacc,7,0
procedure verification lengthy delay clerk,Administration,Low,synth_highacc,7,1
attestation procedure needed rejected sworn,Administration,High,synth_highacc,7,2
mosquito staircase dirty bathroom expensive,Hostels,Low,synth_highacc,1,1
training lecturer program teacher revaluation,Academics,Medium,synth_highacc,2,0
professor report leave midterm scholar,Academics,Low,synth_highacc,2,1
stolen abused fir harassment patrol,Security / Discipline,Medium,synth_highacc,6,0
notebook textbook correction topic scholar,Academics,Medium,synth_highacc,2,0
dinner daal coffee snack tea,Canteen,Low,synth_highacc,9,1
taste curry worth hygiene glass,Canteen,Medium,synth_highacc,9,0
alcohol harassed consumption camera evidence,Security / Discipline,Medium,synth_highacc,6,0
bulb wrench fused broken hinge,Maintenance,Medium,synth_highacc,4,0
enrollment certificate confirmed registrar seal,Administration,High,synth_highacc,7,2
fee stipend processed budget,Fees / Finance,High,synth_highacc,3,2
report group submission paper absent,Academics,Medium,synth_highacc,2,0
volume reading missing borrow aisle,Library,High,synth_highacc,8,2
assignment paper deadline diploma assignment,Academics,High,synth_highacc,2,2
invoice transaction duplicate late budget,Fees / Finance,Low,synth_highacc,3,1
request for a shoe rack near the entrance a lot of students leave their muddy shoes near the door and it makes the lobby look untidy a simple wooden rack would help keep the area organized,Hostels,Low,complaint_triage,1,1
credit debit penalty pending invoice,Fees / Finance,High,synth_highacc,3,2
endorse affidavit submit regulation dean,Administration,High,synth_highacc,7,2
upload wifi driver scanner usb,IT Support,Medium,synth_highacc,0,0
verification document approval attestation download,Administration,Low,synth_highacc,7,1
pipe peeling rusted wrench tile,Maintenance,Low,synth_highacc,4,1
result syllabus published textbook exam,Academics,Low,synth_highacc,2,1
application examination rejected circular delay,Administration,High,synth_highacc,7,2
cycle battery stolen overcrowded battery,Transport,High,synth_highacc,5,2
attestation registrar signature notary examination,Administration,High,synth_highacc,7,2
curriculum grading outdated workshop schedule,Academics,High,synth_highacc,2,2
stolen incident danger harassment vandalism,Security / Discipline,High,synth_highacc,6,2
valve gutter peeling leaking maintenance,Maintenance,Low,synth_highacc,4,1
there is a mistake in the room assignment for my mid term exam the portal says room 302 but the professor says room 105 half the class is going to go to the wrong place,Administration,Medium,complaint_triage,7,0
bus van cleaning auto license,Transport,Medium,synth_highacc,5,0
mirror license cracked accident numberplate,Transport,High,synth_highacc,5,2
smoke unsafe banned accused robbery,Security / Discipline,Medium,synth_highacc,6,0
the online finance portal has a very confusing ui it s hard to find where the previous semester s receipts are stored a simple download all button for the yearly statements would be very helpful for our income tax filings,Fees / Finance,Medium,complaint_triage,3,0
detergent balcony mattress hanger staircase,Hostels,Medium,synth_highacc,1,0
patrol abused vehicle steals case,Security / Discipline,Low,synth_highacc,6,1
score result improvement midterm training,Academics,Medium,synth_highacc,2,0
syllabus submission textbook lesson assignment,Academics,Medium,synth_highacc,2,0
renew thesis shelf fine absent,Library,Low,synth_highacc,8,1
counter sabzi staff food canteen,Canteen,Low,synth_highacc,9,1
circular notice download form status,Administration,Medium,synth_highacc,7,0
renew librarian overdue fine audiobook,Library,Low,synth_highacc,8,1
invoice netbanking duplicate budget balance,Fees / Finance,High,synth_highacc,3,2
status fee unknown notarized download,Administration,High,synth_highacc,7,2
slipper geyser torn hanger washroom,Hostels,High,synth_highacc,1,2
withdrawal transfer processed tuition deduction,Fees / Finance,Medium,synth_highacc,3,0
viva group conducted delay delay,Academics,High,synth_highacc,2,2
theft interrogate accused report,Security / Discipline,Medium,synth_highacc,6,0
mosquito ventilator stinking bathroom shampoo,Hostels,Low,synth_highacc,1,1
procedure guideline lengthy missing requested,Administration,High,synth_highacc,7,2
mess juice spoil food rotten,Canteen,Medium,synth_highacc,9,0
hinge maintenance rusted sparking pipeline,Maintenance,Low,synth_highacc,4,1
printer antivirus offline error modem,IT Support,Low,synth_highacc,0,1
interest delayed rate remit delayed,Fees / Finance,Low,synth_highacc,3,1
sink bunk pipe flush cotton,Hostels,Medium,synth_highacc,1,0
guard security camera cctv harassment,Security / Discipline,Low,synth_highacc,6,1
loan audit application due treasury,Fees / Finance,Medium,synth_highacc,3,0
i was just threatened with a weapon in the park area near the campus entrance the guy told me to give him my watch or he d hurt me i managed to run away but he s still there,Security / Discipline,High,complaint_triage,6,2
cheap bill vegetable worth food,Canteen,Low,synth_highacc,9,1
taste mess bad kitchen spoil,Canteen,High,synth_highacc,9,2
hammer repair fix screwdriver tube,Maintenance,Low,synth_highacc,4,1
receipt finance generated statement debit,Fees / Finance,Medium,synth_highacc,3,0
drugs unsafe stolen security steal,Security / Discipline,Low,synth_highacc,6,1
approval submission admission signature application,Administration,Low,synth_highacc,7,1
presentation thesis evaluated postpone question,Academics,Low,synth_highacc,2,1
the scholarship form pdf is not editable we have to print it out fill it by hand and then scan it again making it a fillable pdf form would be a much more modern and efficient way to handle the process,Fees / Finance,Low,complaint_triage,3,1
rice daal undercook juice worth,Canteen,Low,synth_highacc,9,1
fee transaction processed statement,Fees / Finance,Low,synth_highacc,3,1
group grading project report report,Academics,High,synth_highacc,2,2
oil chapati drink plate chicken,Canteen,Low,synth_highacc,9,1
cook hygiene chapati curry glass,Canteen,Medium,synth_highacc,9,0
vpn firmware routing desktop offline,IT Support,Low,synth_highacc,0,1
drugs assaulted peddling teasing bully,Security / Discipline,Medium,synth_highacc,6,0
fir injured thieves complaint raped,Security / Discipline,Low,synth_highacc,6,1
the student success portal is anything but it has crashed three times while i was trying to upload my mandatory advising worksheet,Administration,Low,complaint_triage,7,1
the shuttle at 7 30 am is always empty maybe that resource could be moved to the 10 00 am slot when the buses are overflowing,Transport,Low,complaint_triage,5,1
online card payment outstanding withdrawal,Fees / Finance,High,synth_highacc,3,2
indicator shuttle broken numberplate conductor,Transport,Medium,synth_highacc,5,0
assignment faculty deadline lesson diploma,Academics,Medium,synth_highacc,2,0
i think i left my phone on the seat of the green line bus it s a black iphone if anyone finds it please call the admin office i need it for my multi factor authentication for my exams,Transport,High,complaint_triage,5,2
canteen cook hygiene hygiene,Canteen,Low,synth_highacc,9,1
reboot shutdown rebooting printer adapter,IT Support,High,synth_highacc,0,2
login desktop failing speed processor,IT Support,Low,synth_highacc,0,1
fought stalk injured harassed caught,Security / Discipline,Medium,synth_highacc,6,0
backup error port bandwidth projector,IT Support,Low,synth_highacc,0,1
software port license freeze ip,IT Support,Low,synth_highacc,0,1
verification submission done fee rejected,Administration,Low,synth_highacc,7,1
dust stair maintenance drill drill,Maintenance,High,synth_highacc,4,2
workshop credit teacher tutorial faculty,Academics,Medium,synth_highacc,2,0
salad spoon sabzi sauce vegetable,Canteen,Medium,synth_highacc,9,0
seat driver broken driver diesel,Transport,Medium,synth_highacc,5,0
the 9 00 pm shuttle driver was driving incredibly fast through the pedestrian zone near the library i almost got hit while crossing this kind of reckless behavior is terrifying and someone is going to get seriously hurt if this isn t addressed immediately,Transport,High,complaint_triage,5,2
clerk letterhead rejected admission guideline,Administration,Low,synth_highacc,7,1
return book date nonfiction bibliography,Library,Medium,synth_highacc,8,0
newspaper ebook rack article available,Library,Low,synth_highacc,8,1
counter desk photocopy counter bibliography,Library,Medium,synth_highacc,8,0
washroom bucket stinking dirty flush,Hostels,Medium,synth_highacc,1,0
tutorial topic cancelled lecturer teacher,Academics,Medium,synth_highacc,2,0
lecture deadline cancelled score answer,Academics,Medium,synth_highacc,2,0
door carpenter jammed pipeline worn,Maintenance,Low,synth_highacc,4,1
payment late credited refund upi,Fees / Finance,Low,synth_highacc,3,1
seminar teacher postponed paper practical,Academics,Medium,synth_highacc,2,0
vehicle numberplate traffic parking pickup,Transport,High,synth_highacc,5,2
battery gear dead route traffic,Transport,High,synth_highacc,5,2
drugs rape peddled tease steals,Security / Discipline,Medium,synth_highacc,6,0
application transfer fee policy download,Administration,Low,synth_highacc,7,1
section aisle audiobook ebook locate,Library,Medium,synth_highacc,8,0
valve gutter burst wrench repairman,Maintenance,Low,synth_highacc,4,1
subject grading registration delay grading,Academics,High,synth_highacc,2,2
hostel slipper gate washroom water,Hostels,High,synth_highacc,1,2
i m currently stranded at the campus perimeter because the 5 00 pm bus never showed up and i have a final exam starting in 15 minutes there s no other way to get to the hall on time please help me get there before the doors close,Transport,High,complaint_triage,5,2
carpenter drain floor leak door,Maintenance,Low,synth_highacc,4,1
sabzi rate milk pickle overcharge,Canteen,High,synth_highacc,9,2
answer assignment key group teacher,Academics,Low,synth_highacc,2,1
form issue download regulation fee,Administration,Medium,synth_highacc,7,0
warden bunk strict bed chair,Hostels,Medium,synth_highacc,1,0
rice milk plate chapati spoon,Canteen,Medium,synth_highacc,9,0
request for a fee estimate for the next academic year i need to apply for a bank loan extension and they require an official projected cost for tuition and hostel who should i contact to get this document stamped,Fees / Finance,Medium,complaint_triage,3,0
email mac bug password configure,IT Support,Low,synth_highacc,0,1
dinner counter cheap snack menu,Canteen,Medium,synth_highacc,9,0
newspaper librarian publisher article catalogue,Library,High,synth_highacc,8,2
laundry water service chair mattress,Hostels,Medium,synth_highacc,1,0
violence suspicious physical harrass witness,Security / Discipline,Medium,synth_highacc,6,0
upload wlan speed cache cloud,IT Support,Medium,synth_highacc,0,0
heater geyser element geyser mug,Hostels,High,synth_highacc,1,2
curriculum delay outdated tutorial workshop,Academics,Medium,synth_highacc,2,0
snack juice items sabzi curry,Canteen,Low,synth_highacc,9,1
stale pickle tea fresh drink,Canteen,Low,synth_highacc,9,1
route brake extended brake meter,Transport,Medium,synth_highacc,5,0
librarian overdue help counter book,Library,Medium,synth_highacc,8,0
auto rickshaw rickshaw fuel horn,Transport,High,synth_highacc,5,2
diesel clutch petrol overcrowded traffic,Transport,Medium,synth_highacc,5,0
mess kitchen quality chicken worth,Canteen,High,synth_highacc,9,2
invoice finance cashier bill installment,Fees / Finance,High,synth_highacc,3,2
ragging security stopped drugs sexually,Security / Discipline,Low,synth_highacc,6,1
towel bucket corridor hanger exhaust,Hostels,Low,synth_highacc,1,1
the authorized personnel only door in the server room was left wide open today there was nobody inside and all the hardware was exposed this seems like a huge security oversight,Security / Discipline,Medium,complaint_triage,6,0
tap hostel dripping strict noisy,Hostels,High,synth_highacc,1,2
deadline missing extension notarized signature,Administration,High,synth_highacc,7,2
bucket heating cracked sink ventilator,Hostels,Low,synth_highacc,1,1
procedure scholarship lengthy fee procedure,Administration,High,synth_highacc,7,2
transaction outstanding error remit credited,Fees / Finance,Low,synth_highacc,3,1
ram battery upgrade charger download,IT Support,Medium,synth_highacc,0,0
mirror windscreen cracked taxi cab,Transport,Low,synth_highacc,5,1
circular sworn issued download verification,Administration,Medium,synth_highacc,7,0
arrest incident suspect raped robbery,Security / Discipline,High,synth_highacc,6,2
kidnap theft murder scam accused,Security / Discipline,Medium,synth_highacc,6,0
regulation stamp strict awaiting approval,Administration,Low,synth_highacc,7,1
aisle research light print penalty,Library,Medium,synth_highacc,8,0
report assignment quiz lecture schedule,Academics,Low,synth_highacc,2,1
towel bucket hostel mug bunk,Hostels,Medium,synth_highacc,1,0
workshop curriculum teacher tutorial quiz,Academics,High,synth_highacc,2,2
drainage locker overflowing mosquito washroom,Hostels,Medium,synth_highacc,1,0
invoice treasury duplicate outstanding treasury,Fees / Finance,Medium,synth_highacc,3,0
email usb restart password mouse,IT Support,Medium,synth_highacc,0,0
slow drainage in the mess washbasin every time we wash our hands before lunch the water pools up and takes 10 minutes to go down it s getting quite dirty and leaves a lot of residue the u bend under the sink likely needs to be cleared of debris,Maintenance,Medium,complaint_triage,4,0
publisher rack details research almanac,Library,Low,synth_highacc,8,1
fine audiobook waived database zone,Library,Medium,synth_highacc,8,0
borrow newspaper limit volume zone,Library,Low,synth_highacc,8,1
case fight pending incident kidnap,Security / Discipline,High,synth_highacc,6,2
hygiene drink poor cup hygiene,Canteen,Medium,synth_highacc,9,0
due waiver date invoice installment,Fees / Finance,Medium,synth_highacc,3,0
inverter bathroom backup expensive slow,Hostels,Low,synth_highacc,1,1
online interest payment refund debit,Fees / Finance,High,synth_highacc,3,2
salad rate salad sauce chapati,Canteen,High,synth_highacc,9,2
mug soap drainage soap shampoo door,Hostels,Low,synth_highacc,1,1
diploma deadline verification practical subject,Academics,Low,synth_highacc,2,1
book journal overdue fine overdue,Library,Medium,synth_highacc,8,0
rice overcharge fork chapati plate,Canteen,High,synth_highacc,9,2
exam delay schedule subject result,Academics,High,synth_highacc,2,2
i m being blocked from graduation because of a 5 late fee from three years ago that i was never told about this is ridiculous i ve already paid 80 000 in tuition,Administration,Medium,complaint_triage,7,0
route gear rickshaw stop seat,Transport,Low,synth_highacc,5,1
scholarship penalty not credit processed,Fees / Finance,High,synth_highacc,3,2
lunch water drink breakfast rice,Canteen,Medium,synth_highacc,9,0
maintenance worn needed tube sewage,Maintenance,High,synth_highacc,4,2
bullied cybercrime harassed fight threaten,Security / Discipline,High,synth_highacc,6,2
cleaning socket maintenance sweeping gutter,Maintenance,High,synth_highacc,4,2
antivirus restart blocking dns backup,IT Support,High,synth_highacc,0,2
receipt delayed generated waiver tax,Fees / Finance,Low,synth_highacc,3,1
washroom toilet mattress corridor sink,Hostels,Medium,synth_highacc,1,0
cycle bicycle mandatory stop taillight,Transport,Low,synth_highacc,5,1
balance credit enquiry transaction fund,Fees / Finance,High,synth_highacc,3,2
fiction nonfiction edition subscription bibliography,Library,High,synth_highacc,8,2
fought laptop injured case steals,Security / Discipline,Low,synth_highacc,6,1
i found a bug in the student portal that allows me to see other people s grades this is a huge security flaw and needs to be fixed before someone with bad intentions finds it,Administration,High,complaint_triage,7,2
policy procedure unclear form hostel,Administration,Low,synth_highacc,7,1
ethernet charger wlan wifi mouse,IT Support,Low,synth_highacc,0,1
arrest smoke suspect senior assault,Security / Discipline,High,synth_highacc,6,2
threaten cybercrime life patrol senior,Security / Discipline,Low,synth_highacc,6,1
database overdue access thesis audiobook,Library,Low,synth_highacc,8,1
router bandwidth rebooting ip battery,IT Support,Medium,synth_highacc,0,0
salad quality meal sauce rotten,Canteen,Medium,synth_highacc,9,0
table corridor wobbling stinking shampoo,Hostels,Low,synth_highacc,1,1
socket fuse window sewage maintenance,Maintenance,Medium,synth_highacc,4,0
shelf reference labelling thesis search,Library,High,synth_highacc,8,2
stolen security investigate harassment stranger,Security / Discipline,Low,synth_highacc,6,1
attack abusing robbery ragging investigate,Security / Discipline,Low,synth_highacc,6,1
backup connection keyboard install error,IT Support,High,synth_highacc,0,2
cloud slow sync install bug,IT Support,Medium,synth_highacc,0,0
citation card format absent book,Library,Low,synth_highacc,8,1
magazine publisher latest index book,Library,Low,synth_highacc,8,1
headlight license dim diesel brake,Transport,Medium,synth_highacc,5,0
suggestion to add more charging ports in the library s individual study cubicles most of us work on laptops for long hours and there are only a few desks with working power outlets it would make the space much more functional,Academics,Low,complaint_triage,2,1
evidence suspicious cybercrime interrogate stranger,Security / Discipline,High,synth_highacc,6,2
charges fee waiver outstanding pending,Fees / Finance,Low,synth_highacc,3,1
route bus extended accident horn,Transport,Medium,synth_highacc,5,0
i am stuck in a loop i do the mfa on my phone it says success then the website just asks me to log in again over and over i tried chrome and safari my roommate is logged in fine on the same wifi so idk what the deal is help,IT Support,Medium,complaint_triage,0,0
spoon fresh fresh fork fresh,Canteen,High,synth_highacc,9,2
notebook lecturer question curriculum curriculum,Academics,Medium,synth_highacc,2,0
can the university provide a small finance handbook for the freshmen it would be great to have all the bank details payment dates and refund policies in one place,Fees / Finance,Low,complaint_triage,3,1
payment gst failed debit payable,Fees / Finance,High,synth_highacc,3,2
van pickup overloaded provided license,Transport,Medium,synth_highacc,5,0
lunch oil delayed cheap breakfast,Canteen,High,synth_highacc,9,2
group practical project result degree,Academics,Low,synth_highacc,2,1
grill leak welding hole fuse,Maintenance,Medium,synth_highacc,4,0
fare petrol revision stop headlight,Transport,Low,synth_highacc,5,1
ceiling socket damp socket wire,Maintenance,Medium,synth_highacc,4,0
seat bus broken overcrowded seat,Transport,High,synth_highacc,5,2
my degree was mailed to my parents house and the mailman left it in the rain it s completely ruined since this was an admin choice to mail it without protection will i get a free replacement,Administration,Medium,complaint_triage,7,0
headlight taillight tyre provided taillight,Transport,High,synth_highacc,5,2
search locate section penalty subscription,Library,High,synth_highacc,8,2
unstable scaffolding left by the painting crew the metal structure near the entrance is swaying in the wind and looks like it might tip over onto the student walkway it needs to be secured or dismantled immediately before it causes an accident,Maintenance,High,complaint_triage,4,2
handle wire loose ceiling bulb,Maintenance,High,synth_highacc,4,2
headlight taillight mirror taillight windscreen,Transport,Low,synth_highacc,5,1
lunch hygiene juice breakfast egg,Canteen,High,synth_highacc,9,2
journal desk borrow magazine audiobook,Library,High,synth_highacc,8,2
drainage inverter door tap stinking,Hostels,Medium,synth_highacc,1,0
backup down bluetooth bandwidth password,IT Support,Low,synth_highacc,0,1
the study group sign up sheets on the wall are always falling off because of the wind using a proper clipboard or a magnetic board would keep the information more secure for the students,Academics,Low,complaint_triage,2,1
battery cycle dead license taillight,Transport,Low,synth_highacc,5,1
practical practical answer viva revaluation,Academics,Low,synth_highacc,2,1
stair fixture railing wire urgent,Maintenance,Low,synth_highacc,4,1
gutter maintenance cleaning handle maintenance,Maintenance,High,synth_highacc,4,2
certificate notarized delayed missing signature,Administration,High,synth_highacc,7,2
tax gst debit invoice scholarship,Fees / Finance,Low,synth_highacc,3,1
parking route fee shuttle clutch,Transport,High,synth_highacc,5,2
monitor restart display motherboard configure,IT Support,Low,synth_highacc,0,1
balance balance enquiry loan pending,Fees / Finance,High,synth_highacc,3,2
tutorial subject extra workshop presentation,Academics,Low,synth_highacc,2,1
webcam turns off randomly during zoom seminars camera disconnects mid call and won t reconnect it s awkward in presentations please advise,IT Support,Medium,complaint_triage,0,0
browser cloud projector download laptop,IT Support,Low,synth_highacc,0,1
book abstract overdue membership fine,Library,Medium,synth_highacc,8,0
driver traffic speeding rickshaw numberplate,Transport,Low,synth_highacc,5,1
intruder alarm sounding in the girls wing the emergency buzzer has been going off for 10 minutes and no warden is visible we are unsure if we should evacuate or if there is a genuine threat please clarify and send security,Hostels,High,complaint_triage,1,2
witness caught statement kidnap accused,Security / Discipline,High,synth_highacc,6,2
request for a small table near the bank counter currently there is nowhere to keep our bags or files while we are filling out the deposit slips a simple standing desk would make the queue much more organized,Fees / Finance,Low,complaint_triage,3,1
harrass thieves sexual vandalism accused,Security / Discipline,High,synth_highacc,6,2
fiction nonfiction nonfiction return search,Library,Medium,synth_highacc,8,0
journal search subscription magazine counter,Library,Medium,synth_highacc,8,0
is there any way to extend the shuttle service by one hour on friday nights many of us stay late at the lab and having to walk back to the dorms in the dark feels unsafe,Transport,Low,complaint_triage,5,1
article librarian unavailable audiobook publisher,Library,Low,synth_highacc,8,1
assignment topic feedback score lecturer,Academics,Medium,synth_highacc,2,0
browser portal ram download password,IT Support,High,synth_highacc,0,2
browser fail cache storage update,IT Support,High,synth_highacc,0,2
keyboard antivirus typing password firmware,IT Support,High,synth_highacc,0,2
fir harassed lodged culprit harassed,Security / Discipline,Medium,synth_highacc,6,0
fan roommate speed roommate inverter,Hostels,Low,synth_highacc,1,1
tutorial revaluation cancelled cancel diploma,Academics,Medium,synth_highacc,2,0
distribution list ownership change request assign primary ownership to the department lead enable moderation for external senders no immediate urgency we ll update documentation,IT Support,Low,complaint_triage,0,1
report answer submission midterm practical,Academics,Low,synth_highacc,2,1
there are several typos in the official university commencement program it s very embarrassing to have misspelled names and titles for such a formal event,Administration,Low,complaint_triage,7,1
build server offline ci failing for capstone teams all builds queued with no agents available portal times out after restart blocks deployment to staging urgent attention requested,IT Support,High,complaint_triage,0,2
suggestion for a digital queue management system instead of standing in a physical line we could get a token on our phones and come back when it s our turn this would prevent the hallway from getting overcrowded,Fees / Finance,Low,complaint_triage,3,1
i am trapped in the elevator in the engineering block the emergency button isn t working and it s starting to get really hot in here i ve been stuck for 20 minutes and i m starting to panic,Security / Discipline,High,complaint_triage,6,2
steal alcohol fight thief bully,Security / Discipline,High,synth_highacc,6,2
application certificate fee stamp awaiting,Administration,High,synth_highacc,7,2
the fire exit in the basement of the chemistry lab is blocked by a bunch of old crates and equipment if there was a fire we wouldn t be able to get out please clear this immediately,Security / Discipline,High,complaint_triage,6,2
bed door squeaky locker bed,Hostels,Medium,synth_highacc,1,0
coffee expensive bitter cook daal,Canteen,Medium,synth_highacc,9,0
washroom toilet corridor locker heating,Hostels,High,synth_highacc,1,2
patrol steal vehicle stole offence,Security / Discipline,Low,synth_highacc,6,1
wire switch ceiling window sparking,Maintenance,Medium,synth_highacc,4,0
suspicious theft fought stranger fir,Security / Discipline,Low,synth_highacc,6,1
journal index subscription zone reading,Library,Medium,synth_highacc,8,0
maintenance leaking needed repair fused,Maintenance,Medium,synth_highacc,4,0
reading silent scan fine journal,Library,Medium,synth_highacc,8,0
guard kidnap violence cctv vandalism,Security / Discipline,Low,synth_highacc,6,1
tuition deposit remission reimbursement reimbursement,Fees / Finance,High,synth_highacc,3,2
gutter urgent blocked fused tube,Maintenance,Low,synth_highacc,4,1
shuttle van numberplate schedule indicator,Transport,High,synth_highacc,5,2
return scan reminder borrow zone,Library,Medium,synth_highacc,8,0
bus accident bicycle mandatory,Transport,Low,synth_highacc,5,1
harrash danger complaint scam working,Security / Discipline,High,synth_highacc,6,2
server software down authentication error,IT Support,High,synth_highacc,0,2
submission migration pending official clerk,Administration,Low,synth_highacc,7,1
scanner ram detecting modem error,IT Support,Low,synth_highacc,0,1
return article date return abstract,Library,Medium,synth_highacc,8,0
driver taillight shuttle conductor seat,Transport,Low,synth_highacc,5,1
syllabus timetable revision mentor assignment,Academics,High,synth_highacc,2,2
fine catalogue waived reading audiobook,Library,Medium,synth_highacc,8,0
notebook degree correction grading placement,Academics,Low,synth_highacc,2,1
modem shutdown signal firmware error,IT Support,Medium,synth_highacc,0,0
detergent geyser over almirah strict,Hostels,High,synth_highacc,1,2
rotten cheap rotten spoil menu,Canteen,Medium,synth_highacc,9,0
registrar procedure stamp dean endorse,Administration,High,synth_highacc,7,2
socket lock loose grill exposed,Maintenance,High,synth_highacc,4,2
sewage drill smell carpenter cracked,Maintenance,High,synth_highacc,4,2
plaster ladder falling leak grill,Maintenance,Medium,synth_highacc,4,0
withdrawal receipt waiver tuition pending,Fees / Finance,High,synth_highacc,3,2
software scanner mac update bandwidth,IT Support,Medium,synth_highacc,0,0
threaten stolen life alcohol ragging,Security / Discipline,Medium,synth_highacc,6,0
regulation deadline delay guideline affidavit,Administration,Medium,synth_highacc,7,0
price overcharge dinner expensive pickle,Canteen,High,synth_highacc,9,2
auto rickshaw ticket driver meter,Transport,Medium,synth_highacc,5,0
email dns mac password bandwidth,IT Support,High,synth_highacc,0,2
migration fee certificate issue status,Administration,High,synth_highacc,7,2
warden dirty permission pillow roommate,Hostels,Low,synth_highacc,1,1
patrol unsafe increased interrogate suspicious,Security / Discipline,High,synth_highacc,6,2
cleaning sewage required carpenter ceiling,Maintenance,High,synth_highacc,4,2
fiction thesis available print section,Library,Low,synth_highacc,8,1
conductor parking behaviour bus route,Transport,Low,synth_highacc,5,1
weapon robbery found cybercrime abuse,Security / Discipline,Low,synth_highacc,6,1
reference reading desk aisle card,Library,Low,synth_highacc,8,1
handle carpenter loose fixture leak,Maintenance,Low,synth_highacc,4,1
my pell grant disappeared from my financial aid package overnight i haven t changed my status or my income i need to know what happened to my funding,Administration,High,complaint_triage,7,2
paint grill peeling lock jammed,Maintenance,Low,synth_highacc,4,1
queue pickle long worth sabzi,Canteen,Medium,synth_highacc,9,0
seminar submission certificate seminar answer,Academics,Medium,synth_highacc,2,0
due deposit penalty finance processed,Fees / Finance,Medium,synth_highacc,3,0
stop overcrowded unsafe meter diesel,Transport,High,synth_highacc,5,2
deadline bonafide missed verification seal,Administration,Medium,synth_highacc,7,0
driver diesel rash shuttle brake,Transport,High,synth_highacc,5,2
investigate fraud complaint haras caught,Security / Discipline,Low,synth_highacc,6,1
switch grill spark maintenance socket,Maintenance,High,synth_highacc,4,2
migration bonafide certificate awaiting attestation,Administration,Low,synth_highacc,7,1
i noticed that the bike racks on the front of the campus shuttles are often full maybe we could look into installing a few more racks so more people are encouraged to cycle instead of taking their cars,Transport,Low,complaint_triage,5,1
gutter dust blocked damage fix,Maintenance,Low,synth_highacc,4,1
reimbursement pending pending penalty deposit,Fees / Finance,Low,synth_highacc,3,1
topic submission unclear score faculty,Academics,Medium,synth_highacc,2,0
helmet headlight clutch license shuttle,Transport,Low,synth_highacc,5,1
vpn motherboard disconnecting authentication portal,IT Support,Medium,synth_highacc,0,0
protocol dns restart connectivity bug,IT Support,Low,synth_highacc,0,1
submission deadline late pending attestation,Administration,Medium,synth_highacc,7,0
case suspicious pending witness victim,Security / Discipline,Low,synth_highacc,6,1
milk mess sour menu fork,Canteen,Medium,synth_highacc,9,0
exam schedule postponement professor faculty,Academics,Low,synth_highacc,2,1
traffic route jam conductor overcrowded,Transport,Medium,synth_highacc,5,0
numberplate cab missing seat van,Transport,Medium,synth_highacc,5,0
syllabus report incomplete delay mentor,Academics,Medium,synth_highacc,2,0
search locate reference catalogue expired,Library,Medium,synth_highacc,8,0
browser firmware cache server motherboard,IT Support,Medium,synth_highacc,0,0
door curtain lock almirah hanger,Hostels,High,synth_highacc,1,2
certificate form issue submit official,Administration,High,synth_highacc,7,2
letterhead notary certificate official letterhead,Administration,Medium,synth_highacc,7,0
valve gutter peeling brick leaking,Maintenance,Low,synth_highacc,4,1
ventilator drainage exhaust heating window,Hostels,Low,synth_highacc,1,1
score revaluation improvement thesis project,Academics,High,synth_highacc,2,2
tax budget deduction fund delayed,Fees / Finance,Medium,synth_highacc,3,0
fare stop increased taxi taillight,Transport,Medium,synth_highacc,5,0
procedure policy scholarship policy notary,Administration,Medium,synth_highacc,7,0
interest late rate bank waiver,Fees / Finance,Low,synth_highacc,3,1
hygiene dinner poor worth stale,Canteen,Low,synth_highacc,9,1
arrest abuse unsafe offence cybercrime,Security / Discipline,Medium,synth_highacc,6,0
request for a change in the lab partner for the os project my current partner has not attended a single session and is not responding to any communications i cannot finish the multi threaded application alone i would like to join another group or work solo if possible,Academics,Medium,complaint_triage,2,0
accused cctv incident witness vandalism,Security / Discipline,High,synth_highacc,6,2
lunch counter delayed egg expensive,Canteen,Low,synth_highacc,9,1
drainage curtain overflowing staircase washroom,Hostels,Low,synth_highacc,1,1
drill roof noise pipeline leak,Maintenance,Low,synth_highacc,4,1
dinner lunch served snack lunch,Canteen,Low,synth_highacc,9,1
photocopy nonfiction charges author article,Library,High,synth_highacc,8,2
notary notarized attest fee approval,Administration,High,synth_highacc,7,2
print publisher queue rack fiction,Library,High,synth_highacc,8,2
certificate examination transfer application hostel,Administration,Low,synth_highacc,7,1
reading silent available publisher citation,Library,Low,synth_highacc,8,1
danger vandalism kidnap unsafe working,Security / Discipline,High,synth_highacc,6,2
bonafide regulation certificate bonafide guideline,Administration,Low,synth_highacc,7,1
security alert unfamiliar login to student email alert shows sign in from another region password changed immediately please review account activity and enforce sign out mfa policy check requested,IT Support,High,complaint_triage,0,2
reboot shutdown display storage offline,IT Support,Low,synth_highacc,0,1
fare rickshaw revision diesel headlight,Transport,High,synth_highacc,5,2
reading silent penalty librarian aisle,Library,Low,synth_highacc,8,1
backup battery restore portal restart,IT Support,Low,synth_highacc,0,1
harrass senior sexual fought molested,Security / Discipline,Medium,synth_highacc,6,0
ssd display storage fail software,IT Support,High,synth_highacc,0,2
numberplate auto mandatory driver bicycle,Transport,High,synth_highacc,5,2
i witnessed a student being harassed and bullied by a group near the fountain they were filming it and laughing while the person was crying it didn t look like a joke at all and felt very malicious,Security / Discipline,High,complaint_triage,6,2
switch carpenter spark exposed drill,Maintenance,High,synth_highacc,4,2
internet reboot antivirus network crash,IT Support,Low,synth_highacc,0,1
deduction debit extra interest arrear,Fees / Finance,High,synth_highacc,3,2
fiction nonfiction search desk card,Library,Low,synth_highacc,8,1
harrass harass sexual smoke fraud,Security / Discipline,Medium,synth_highacc,6,0
affidavit verification sworn bonafide dean,Administration,Low,synth_highacc,7,1
reboot shutdown processor login reboot,IT Support,Medium,synth_highacc,0,0
degree project textbook diploma midterm,Academics,High,synth_highacc,2,2
shelf rack ebook journal almanac,Library,High,synth_highacc,8,2
garbage window removal broken leaking,Maintenance,Medium,synth_highacc,4,0
hostel fee payment not reflecting on the portal despite successful bank transfer i have the utr number and the bank confirmation but the accounts office still says my no dues certificate is pending curfew for the convocation registration is tonight and i can t apply without this clearance i ve been running between the bank and the finance desk all day with no resolution,Fees / Finance,High,complaint_triage,3,2
theft thieves suspicious steal,Security / Discipline,High,synth_highacc,6,2
mirror taxi cracked parking charges,Transport,Medium,synth_highacc,5,0
aisle renew light thesis ebook,Library,Low,synth_highacc,8,1
water kitchen unclean lunch mess,Canteen,High,synth_highacc,9,2
subject delayed subject topic chapter,Academics,High,synth_highacc,2,2
some students are using the roof of the library as a hangout spot i saw them climbing up the fire escape earlier it s a long drop and they are sitting right on the edge,Security / Discipline,Medium,complaint_triage,6,0
can we get some posters on the bus about basic etiquette like letting people off before boarding and not playing music without headphones,Transport,Low,complaint_triage,5,1
offence laptop serious bully security,Security / Discipline,Low,synth_highacc,6,1
answer chapter key deadline final,Academics,Low,synth_highacc,2,1
the bus driver was making very sharp turns and several people fell out of their seats he s driving like he s in a race not carrying students,Transport,High,complaint_triage,5,2
switch mopping spark switch garbage,Maintenance,Low,synth_highacc,4,1
cab fare unavailable clutch route,Transport,High,synth_highacc,5,2
fixture fuse replacement wrench dust,Maintenance,Low,synth_highacc,4,1
arrest steal made violence haras,Security / Discipline,Medium,synth_highacc,6,0
leak plaster water plaster maintenance,Maintenance,Medium,synth_highacc,4,0
egg worth cook daal overcharge,Canteen,Low,synth_highacc,9,1
credit debit late processed waiver,Fees / Finance,Medium,synth_highacc,3,0
floor sewage slippery tile wire,Maintenance,Low,synth_highacc,4,1
treasury bank department deposit arrear,Fees / Finance,High,synth_highacc,3,2
invoice cashier deduction bill transaction,Fees / Finance,Medium,synth_highacc,3,0
deadline bonafide extension clerk dean,Administration,Low,synth_highacc,7,1
borrow borrow period rack locate,Library,High,synth_highacc,8,2
withdrawal outstanding processed netbanking fee,Fees / Finance,Medium,synth_highacc,3,0
stop vehicle missing taxi ticket,Transport,High,synth_highacc,5,2
unsafe culprit feel danger insult,Security / Discipline,Medium,synth_highacc,6,0
rice chicken undercook spoon counter,Canteen,Medium,synth_highacc,9,0
toilet bucket blocked detergent staircase,Hostels,Medium,synth_highacc,1,0
waiver installment rejected account gst,Fees / Finance,Low,synth_highacc,3,1
catalogue periodical search section edition,Library,High,synth_highacc,8,2
seat auto reserved charges charges,Transport,Medium,synth_highacc,5,0
loan remit sanction payment gst,Fees / Finance,Medium,synth_highacc,3,0
paint plaster stair brick sewage,Maintenance,High,synth_highacc,4,2
quiz revaluation score grade diploma,Academics,High,synth_highacc,2,2
vehicle taxi accident parking charges,Transport,Low,synth_highacc,5,1
investigate harass matter theft stalk,Security / Discipline,Medium,synth_highacc,6,0
ethernet offline wlan ram download,IT Support,Low,synth_highacc,0,1
deadline policy extension dean seal,Administration,High,synth_highacc,7,2
fine overdue calculation fine search,Library,Medium,synth_highacc,8,0
vpn bandwidth disconnecting ram mouse,IT Support,High,synth_highacc,0,2
fir teasing cybercrime complaint harassed,Security / Discipline,Medium,synth_highacc,6,0
regulation circular verification guideline circular,Administration,Low,synth_highacc,7,1
printer router offline adapter connectivity,IT Support,High,synth_highacc,0,2
photocopy research machine available author,Library,Medium,synth_highacc,8,0
door wrench jammed replace door,Maintenance,Medium,synth_highacc,4,0
bus brake horn vehicle,Transport,Low,synth_highacc,5,1
vehicle bus inspection clutch provided,Transport,Low,synth_highacc,5,1
fine almanac waived book volume,Library,Medium,synth_highacc,8,0
route mandatory diversion traffic rickshaw,Transport,High,synth_highacc,5,2
submission deadline pending sworn fee,Administration,High,synth_highacc,7,2
the power outlets in the common room are a bit loose in the wall they work fine but they wiggle a bit when you plug in a charger tightening the faceplate screws would solve the issue,Maintenance,Low,complaint_triage,4,1
fuel driver shortage pickup windscreen,Transport,High,synth_highacc,5,2
towel bunk rough tap bathroom,Hostels,Low,synth_highacc,1,1
traffic mandatory seat accident tyre,Transport,Medium,synth_highacc,5,0
download error stuck printer log,IT Support,Medium,synth_highacc,0,0
error crash motherboard router cloud,IT Support,Low,synth_highacc,0,1
curriculum homework outdated deadline missing,Academics,Low,synth_highacc,2,1
schedule helmet tyre fare brake,Transport,Medium,synth_highacc,5,0
rice egg queue chapati curry,Canteen,High,synth_highacc,9,2
ethernet configure wlan hardware authentication,IT Support,Low,synth_highacc,0,1
photocopy photocopy machine aisle abstract,Library,Low,synth_highacc,8,1
penalty transfer late upi deduction,Fees / Finance,Low,synth_highacc,3,1
fuel provided shortage gear charges,Transport,Low,synth_highacc,5,1
steal case caught accused rape,Security / Discipline,High,synth_highacc,6,2
tuition remit remission deduction waiver,Fees / Finance,Low,synth_highacc,3,1
weapon drugs found security incident,Security / Discipline,High,synth_highacc,6,2
cycle bicycle helmet petrol overcrowded,Transport,Medium,synth_highacc,5,0
enrollment letterhead confirmed guideline pending,Administration,High,synth_highacc,7,2
transfer notice certificate enrollment endorse,Administration,Medium,synth_highacc,7,0
status procedure unknown form notice,Administration,High,synth_highacc,7,2
pillow mosquito flat geyser ventilator,Hostels,High,synth_highacc,1,2
driver headlight speeding indicator indicator,Transport,High,synth_highacc,5,2
credit missing transfer question absent,Academics,Medium,synth_highacc,2,0
steal harass caught working harrash,Security / Discipline,Low,synth_highacc,6,1
guideline notice followed status sworn,Administration,Medium,synth_highacc,7,0
application missing rejected rejected fee,Administration,High,synth_highacc,7,2
gst bill charges debit installment,Fees / Finance,High,synth_highacc,3,2
section aisle available almanac renew,Library,Low,synth_highacc,8,1
endpoint quarantined during research compute security agent isolated my device mid run please review and release if safe,IT Support,High,complaint_triage,0,2
garbage socket removal worn ceiling,Maintenance,Medium,synth_highacc,4,0
interest tuition tuition waiver deposit,Fees / Finance,High,synth_highacc,3,2
chair door broken window exhaust,Hostels,High,synth_highacc,1,2
chapati oil hard hygiene queue,Canteen,Medium,synth_highacc,9,0
lecture absent timing cancel revaluation,Academics,Medium,synth_highacc,2,0
food rotten shortage juice counter,Canteen,High,synth_highacc,9,2
workshop assignment report tutorial training,Academics,Medium,synth_highacc,2,0
magazine expired torn search card,Library,Medium,synth_highacc,8,0
menu water food quality water,Canteen,High,synth_highacc,9,2
bandwidth slow insufficient connectivity connectivity,IT Support,Low,synth_highacc,0,1
intermittent internet connectivity in block e the signal keeps dropping every 15 minutes making it impossible to participate in online quizzes or research for our projects this has been happening for three days please check the router on the 3rd floor,Hostels,Medium,complaint_triage,1,0
print return queue locate available,Library,High,synth_highacc,8,2
enrollment fee number registrar attestation,Administration,Medium,synth_highacc,7,0
paint cleaning colour floor damage,Maintenance,Low,synth_highacc,4,1
pipe garbage burst cement pane,Maintenance,Medium,synth_highacc,4,0
certificate notarized issue policy issue,Administration,Medium,synth_highacc,7,0
wifi projector bluetooth dropping ip,IT Support,High,synth_highacc,0,2
smoke cctv banned steal murder,Security / Discipline,High,synth_highacc,6,2
certificate submit delayed submission signature,Administration,High,synth_highacc,7,2
research newspaper paper reference silent,Library,Low,synth_highacc,8,1
account upi outstanding deduction audit,Fees / Finance,High,synth_highacc,3,2
receipt tax lost gst tax,Fees / Finance,High,synth_highacc,3,2
tile pipe pane valve fused,Maintenance,High,synth_highacc,4,2
the automated voice on the university s academic helpline is a bit too fast it s hard to follow the menu options for result inquiries slowing down the recording slightly would make the system more user friendly,Academics,Low,complaint_triage,2,1
plumber tile tap fixture construction,Maintenance,High,synth_highacc,4,2
scholarship outstanding eligibility netbanking refund,Fees / Finance,Medium,synth_highacc,3,0
photocopy photocopy machine card volume,Library,Medium,synth_highacc,8,0
rate counter increased vegetable drink,Canteen,Low,synth_highacc,9,1
almirah cupboard chair bucket corridor,Hostels,Low,synth_highacc,1,1
slipper toilet stinking bed mattress,Hostels,Medium,synth_highacc,1,0
installment deduction option transfer remit,Fees / Finance,Medium,synth_highacc,3,0
cook food stale curry kitchen,Canteen,High,synth_highacc,9,2
tax gst cashier charges refund,Fees / Finance,High,synth_highacc,3,2
ticket bicycle missing taillight bus,Transport,Low,synth_highacc,5,1
the door closer in the library is too tight the door slams shut with a loud bang every time someone enters which is constant it disrupts the quiet environment and might eventually break the glass please adjust the hydraulic tension on the arm,Maintenance,Medium,complaint_triage,4,0
cable antivirus loose authentication latency,IT Support,High,synth_highacc,0,2
mentor homework guidance overdue chapter,Academics,High,synth_highacc,2,2
hardware firewall firmware driver configure,IT Support,Low,synth_highacc,0,1
request for a designated quiet zone in the department lobby it s a good place to read between classes but it gets very noisy when people are talking loudly on their phones a few silence please signs might help,Academics,Low,complaint_triage,2,1
the instruction stickers on the atm are peeling off it s hard to see which slot is for the card and which is for the receipt a fresh set of stickers would make the machine easier to use for new students,Fees / Finance,Low,complaint_triage,3,1
hinge window rusted stair electrician,Maintenance,High,synth_highacc,4,2
schedule fuel weekend driver indicator,Transport,Low,synth_highacc,5,1
kitchen curry hygiene plate overcharge,Canteen,Medium,synth_highacc,9,0
theft fight reported teasing disrespect,Security / Discipline,Medium,synth_highacc,6,0
the driver of the afternoon shuttle was yelling at a student for asking a simple question about the route it was very aggressive and uncalled for,Transport,Medium,complaint_triage,5,0
pipe handle joint jammed ceiling,Maintenance,High,synth_highacc,4,2
project delayed submission thesis lecturer,Academics,Medium,synth_highacc,2,0
fare mandatory revision traffic seat,Transport,Medium,synth_highacc,5,0
membership section expire counter audiobook,Library,Low,synth_highacc,8,1
arrest insult suspect vandalism rape,Security / Discipline,High,synth_highacc,6,2
aisle absent light citation catalogue,Library,High,synth_highacc,8,2
internet cloud scanner network error,IT Support,Medium,synth_highacc,0,0
waiver transaction rejected balance upi,Fees / Finance,Low,synth_highacc,3,1
electrician socket wiring screwdriver gutter,Maintenance,Medium,synth_highacc,4,0
magazine periodical latest bibliography subscription,Library,Low,synth_highacc,8,1
stipend audit receipt grant due,Fees / Finance,High,synth_highacc,3,2
gst gst charges account deposit,Fees / Finance,High,synth_highacc,3,2
i saw someone trying to pick the lock on a parked scooter near the main gate when they saw me they tucked a tool into their pocket and walked away quickly toward the city side,Security / Discipline,Medium,complaint_triage,6,0
paint switch job lock fix,Maintenance,Low,synth_highacc,4,1
heavy sewage backup in the ground floor washrooms of block c foul water is overflowing from the drains and entering the residential rooms it is a massive health risk and the smell is becoming unbearable for the entire block we need a professional drainage clearing team to address this blockage immediately,Maintenance,High,complaint_triage,4,2
exam notebook timetable answer exam,Academics,Low,synth_highacc,2,1
soap mosquito missing hostel inverter,Hostels,Medium,synth_highacc,1,0
certificate guideline delayed letterhead requested,Administration,Low,synth_highacc,7,1
upload rebooting speed latency network,IT Support,High,synth_highacc,0,2
login battery failing down install,IT Support,Medium,synth_highacc,0,0
scholarship statement credited tuition online,Fees / Finance,Low,synth_highacc,3,1
stalk robbery stalking working attack,Security / Discipline,Medium,synth_highacc,6,0
transaction bill finance bank processed,Fees / Finance,Low,synth_highacc,3,1
smoke laptop detected offence fraud,Security / Discipline,Medium,synth_highacc,6,0
book shelf overdue volume fine,Library,High,synth_highacc,8,2
index research page article article,Library,Low,synth_highacc,8,1
outstanding budget amount arrear deposit,Fees / Finance,Low,synth_highacc,3,1
waiver deposit rejected credit credited,Fees / Finance,Medium,synth_highacc,3,0
cleaning fuse lock sweeping tube,Maintenance,Medium,synth_highacc,4,0
fir camera scam complaint bullied,Security / Discipline,High,synth_highacc,6,2
the chairs in the communication lab are a bit squeaky it s a minor distraction during presentations when everyone is moving around a bit of oiling on the chair bases would probably fix the issue,Academics,Low,complaint_triage,2,1
textbook practical unavailable missing faculty,Academics,High,synth_highacc,2,2
receipt interest generated debit loan,Fees / Finance,High,synth_highacc,3,2
transaction scholarship error delayed due,Fees / Finance,Medium,synth_highacc,3,0
weapon violence found drugs sexually,Security / Discipline,High,synth_highacc,6,2
netbanking treasury upi withdrawal payable,Fees / Finance,Low,synth_highacc,3,1
cycle taxi stolen pickup horn,Transport,High,synth_highacc,5,2
stamp seal regulation stamp pending,Administration,Medium,synth_highacc,7,0
computer motherboard antivirus laptop modem,IT Support,Medium,synth_highacc,0,0
netbanking charges upi payment late,Fees / Finance,Low,synth_highacc,3,1
shelf rack card publisher section,Library,High,synth_highacc,8,2
canteen fresh rate drink,Canteen,Low,synth_highacc,9,1
water mess unclean dinner egg,Canteen,Low,synth_highacc,9,1
spoon breakfast sabzi fork fresh,Canteen,Medium,synth_highacc,9,0
scholarship notarized form guideline endorse,Administration,High,synth_highacc,7,2
verification enrollment application attestation missing,Administration,Medium,synth_highacc,7,0
cashier scholarship bill loan deposit,Fees / Finance,Medium,synth_highacc,3,0
snack rate items quality sabzi,Canteen,High,synth_highacc,9,2
cashier deposit gst loan invoice,Fees / Finance,High,synth_highacc,3,2
stipend credit late grant deposit,Fees / Finance,Low,synth_highacc,3,1
thesis quiz tutorial seminar result,Academics,Low,synth_highacc,2,1
catalogue scan search audiobook periodical,Library,Medium,synth_highacc,8,0
electrician pipeline wiring socket garbage,Maintenance,High,synth_highacc,4,2
antivirus printer shutdown firewall display,IT Support,Medium,synth_highacc,0,0
scholarship gst fee tuition charges,Fees / Finance,Low,synth_highacc,3,1
bus diesel license seat,Transport,Low,synth_highacc,5,1
floor socket mopping burst screwdriver,Maintenance,Low,synth_highacc,4,1
driver bus absent battery indicator,Transport,Low,synth_highacc,5,1
exam quiz postponement result degree,Academics,High,synth_highacc,2,2
edition catalogue outdated ebook journal,Library,High,synth_highacc,8,2
registration examination slip registration missing,Administration,Low,synth_highacc,7,1
payment installment failed remit cashier,Fees / Finance,Low,synth_highacc,3,1
breakfast juice menu worth plate,Canteen,Medium,synth_highacc,9,0
enrollment processing letterhead registration application,Administration,Medium,synth_highacc,7,0
i missed the deadline to apply for my teaching assistantship because the portal was down for maintenance the entire final day this wasn t announced beforehand,Administration,Medium,complaint_triage,7,0
milk oil sour counter hygiene,Canteen,High,synth_highacc,9,2
processing pending procedure affidavit deadline,Administration,Low,synth_highacc,7,1
offence report serious accused stolen,Security / Discipline,Medium,synth_highacc,6,0
deadline download missed procedure registrar,Administration,Low,synth_highacc,7,1
interrogate steal suspect sexual scam,Security / Discipline,Low,synth_highacc,6,1
guard murder fought cctv teasing,Security / Discipline,Medium,synth_highacc,6,0
keyboard intermittently repeats keys e and backspace repeat occasionally causes frequent typos cleaned keycaps and updated firmware if covered can we arrange a keyboard swap not urgent but inconvenient i can visit the service desk thanks,IT Support,Low,complaint_triage,0,1
i found a backpack full of expensive camera gear in the park i ve brought it to the lost and found but i wanted to make sure it was logged,Security / Discipline,Low,complaint_triage,6,1
rice cup undercook taste menu,Canteen,High,synth_highacc,9,2
attendance portal shows shortage despite attending all remedial classes i was told these extra sessions would clear my debarment but the system hasn t updated and i am being blocked from downloading my end term admit card the exams start the day after tomorrow i need a manual override from the department head,Academics,High,complaint_triage,2,2
threatened evidence killed kidnap injured,Security / Discipline,Medium,synth_highacc,6,0
gear schedule problem mandatory fuel,Transport,High,synth_highacc,5,2
abstract catalogue journal penalty abstract,Library,Medium,synth_highacc,8,0
taste hygiene bad expensive stale,Canteen,Medium,synth_highacc,9,0
legacy web app only works in ie mode buttons don t render in chrome edge ie mode works but prompts repeatedly can you confirm recommended settings we ll document for the department,IT Support,Low,complaint_triage,0,1
washroom toilet detergent shampoo strict,Hostels,High,synth_highacc,1,2
deduction processed wrong charges late,Fees / Finance,Medium,synth_highacc,3,0
driver ticket rash schedule license,Transport,High,synth_highacc,5,2
signature approval attestation download document,Administration,Low,synth_highacc,7,1
mess sauce kitchen food rotten,Canteen,Medium,synth_highacc,9,0
exam teacher postponement quiz lecture,Academics,High,synth_highacc,2,2
bank loan disbursement rejected due to incorrect university account details the finance office provided a bank branch code that is no longer active my education loan has been stalled and the bank says they will cancel the sanction if the correct details aren t provided by this evening i cannot afford the semester fees out of pocket i need the corrected bank mandate immediately,Fees / Finance,High,complaint_triage,3,2
detergent expensive over flush expensive,Hostels,High,synth_highacc,1,2
i witnessed a student being forced into a van near the edge of campus the van was white and had no plates it happened very fast and they were screaming,Security / Discipline,High,complaint_triage,6,2
ethernet modem wlan crash authentication,IT Support,Low,synth_highacc,0,1
installment transaction option card statement,Fees / Finance,Low,synth_highacc,3,1
status notary unknown delay application,Administration,Medium,synth_highacc,7,0
tea chicken cold salad snack,Canteen,Medium,synth_highacc,9,0
gutter construction blocked cleaning construction,Maintenance,Medium,synth_highacc,4,0
renovation gutter pane construction hole,Maintenance,High,synth_highacc,4,2
assignment notebook deadline subject cancel,Academics,Medium,synth_highacc,2,0
washroom heating stinking sink strict,Hostels,Medium,synth_highacc,1,0
mug soap noisy heater shampoo tap,Hostels,Low,synth_highacc,1,1
router reboot rebooting ip vpn,IT Support,High,synth_highacc,0,2
ceiling repairman repair fused brick,Maintenance,Medium,synth_highacc,4,0
interest upi online waiver payable,Fees / Finance,Medium,synth_highacc,3,0
policy official amendment approval awaiting,Administration,Medium,synth_highacc,7,0
kitchen quality hygiene chicken menu,Canteen,Medium,synth_highacc,9,0
pickup traffic missed license fuel,Transport,Low,synth_highacc,5,1
garbage hinge removal bulb window,Maintenance,Medium,synth_highacc,4,0
i noticed that the cctv camera in the east parking lot has been spray painted over it s been like that for two days which means that whole area is currently unmonitored,Security / Discipline,Medium,complaint_triage,6,0
van shuttle overloaded numberplate ticket,Transport,Medium,synth_highacc,5,0
slipper bathroom torn roommate chair,Hostels,High,synth_highacc,1,2
seat driver broken taillight clutch,Transport,Low,synth_highacc,5,1
workshop exam material chapter viva,Academics,Medium,synth_highacc,2,0
fine membership waived subscription print,Library,Low,synth_highacc,8,1
socket maintenance loose pane replace,Maintenance,High,synth_highacc,4,2
warden soap strict slow mosquito,Hostels,Low,synth_highacc,1,1
bus bicycle late stop seat,Transport,Low,synth_highacc,5,1
cashier bank gst loan cleared,Fees / Finance,High,synth_highacc,3,2
mosquito toilet net locker mattress,Hostels,High,synth_highacc,1,2
pillow locker flat slipper table,Hostels,Medium,synth_highacc,1,0
mosquito pillow expensive bathroom door,Hostels,High,synth_highacc,1,2
search locate newspaper publisher penalty,Library,High,synth_highacc,8,2
bus traffic cab mandatory,Transport,High,synth_highacc,5,2
connectivity laptop unstable bluetooth desktop,IT Support,High,synth_highacc,0,2
photocopy print machine catalogue article,Library,Low,synth_highacc,8,1
request for lightweight image editor on lab pc i only need crop resize for a class assignment if there s a standard tool please deploy to my profile open source is fine no admin rights necessary if via portal,IT Support,Low,complaint_triage,0,1
presentation group training group scholar,Academics,High,synth_highacc,2,2
hygiene kitchen poor egg drink,Canteen,High,synth_highacc,9,2
online audit payment fee charges,Fees / Finance,High,synth_highacc,3,2
fee cashier waiver treasury balance,Fees / Finance,Low,synth_highacc,3,1
attestation seal signature submission deadline,Administration,High,synth_highacc,7,2
suggestion for a small lost and found shelf near the warden s office people often find keys or id cards and don t know where to leave them a designated shelf would make it easy to reclaim lost items,Hostels,Low,complaint_triage,1,1
protocol dns desktop configure processor,IT Support,Low,synth_highacc,0,1
error crash upload wifi ethernet,IT Support,Medium,synth_highacc,0,0
bluetooth connect pairing update password,IT Support,Medium,synth_highacc,0,0
vegetable plate menu chicken spoon,Canteen,Medium,synth_highacc,9,0
cctv threaten footage teased victim,Security / Discipline,High,synth_highacc,6,2
guideline delay followed bonafide awaiting,Administration,Low,synth_highacc,7,1
paint plaster pane bulb grill,Maintenance,Low,synth_highacc,4,1
refund tax process deduction online,Fees / Finance,Medium,synth_highacc,3,0
food plate shortage fork daal,Canteen,Low,synth_highacc,9,1
cctv abuse footage assault stranger,Security / Discipline,Low,synth_highacc,6,1
trespass smuggling prohibited abuse arrest,Security / Discipline,Low,synth_highacc,6,1
regulation issue notary guideline notarized,Administration,Medium,synth_highacc,7,0
discrepancy in the fine calculation for late book return the library says i owe 450 but the finance portal is showing 1 200 i have the return slips showing the actual dates the accounts branch needs to sync the data with the library system to reflect the correct amount,Fees / Finance,Medium,complaint_triage,3,0
plumber renovation tap dust drain,Maintenance,Low,synth_highacc,4,1
bunk locker bed hanger slipper,Hostels,Low,synth_highacc,1,1
price vegetable cup expensive milk,Canteen,Low,synth_highacc,9,1
outstanding cleared amount audit scholarship,Fees / Finance,Low,synth_highacc,3,1
reference penalty section locate expired,Library,Low,synth_highacc,8,1
registrar issue office verification seal,Administration,Medium,synth_highacc,7,0
auto mandatory overcharge horn indicator,Transport,High,synth_highacc,5,2
cheap quality glass worth canteen,Canteen,Low,synth_highacc,9,1
cycle helmet stolen rickshaw seat,Transport,Low,synth_highacc,5,1
seminar placement postponed practical schedule,Academics,High,synth_highacc,2,2
stop petrol skipped traffic route,Transport,Low,synth_highacc,5,1
tap ventilator dripping drainage detergent,Hostels,High,synth_highacc,1,2
pipeline socket broken fixture bulb,Maintenance,Low,synth_highacc,4,1
tea spoil cold plate cup,Canteen,High,synth_highacc,9,2
enrollment migration number official application,Administration,Low,synth_highacc,7,1
cab taxi indicator driver meter,Transport,Low,synth_highacc,5,1
tuition penalty remission pending credited,Fees / Finance,Low,synth_highacc,3,1
bulb garbage fused cement renovation,Maintenance,Medium,synth_highacc,4,0
enrollment deadline number letterhead affidavit,Administration,High,synth_highacc,7,2
payment account gateway late upi,Fees / Finance,Low,synth_highacc,3,1
workshop absent registration score workshop,Academics,High,synth_highacc,2,2
driver route speeding bus parking,Transport,Medium,synth_highacc,5,0
procedure processing lengthy hostel missing,Administration,Medium,synth_highacc,7,0
gutter damage blocked damage grill,Maintenance,High,synth_highacc,4,2
garbage urgent removal cement pipeline,Maintenance,Low,synth_highacc,4,1
i think someone is living in the basement of the library i found a sleeping bag some food wrappers and personal items tucked behind the old archives,Security / Discipline,Low,complaint_triage,6,1
suggestion to add a frequently asked questions section for scholarships on the portal many of us have the same questions about eligibility and deadlines and a simple faq page would save a lot of time for the staff,Fees / Finance,Low,complaint_triage,3,1
concession processed remit reimbursement concession,Fees / Finance,Medium,synth_highacc,3,0
bathroom curtain dirty mattress balcony,Hostels,High,synth_highacc,1,2
projector desktop restart cable internet,IT Support,Low,synth_highacc,0,1
snack snack items breakfast milk,Canteen,High,synth_highacc,9,2
suggestion for an auto pay feature for the monthly mess bills it s a bit of a hassle to log in every month just to pay a small amount a recurring payment option through upi or net banking would be a great convenience for everyone,Fees / Finance,Low,complaint_triage,3,1
research newspaper available reference overdue,Library,Medium,synth_highacc,8,0
hinge handle rusted drain renovation,Maintenance,Low,synth_highacc,4,1
rice cup undercook oil milk,Canteen,Low,synth_highacc,9,1
fir victim investigate complaint sexually,Security / Discipline,Low,synth_highacc,6,1
drink spoon rice juice price,Canteen,High,synth_highacc,9,2
rice bill undercook queue stale,Canteen,High,synth_highacc,9,2
hardware internet firmware display modem,IT Support,Medium,synth_highacc,0,0
i found a suspicious usb drive plugged into one of the public computers in the library i didn t open it because i was afraid of malware but it looked intentionally hidden,Security / Discipline,Low,complaint_triage,6,1
the main water pipe in the basement of block b has burst and is flooding the server room there is about two inches of water on the floor already and it is rising toward the power backup units if the water hits the electrical mains the entire building will short circuit we need a plumbing team and a heavy duty pump here immediately to prevent a total blackout and equipment damage,Maintenance,High,complaint_triage,4,2
guard threatened sleeping senior assaulted,Security / Discipline,Medium,synth_highacc,6,0
dinner tea served juice kitchen,Canteen,High,synth_highacc,9,2
guard harrass sleeping senior sexually,Security / Discipline,High,synth_highacc,6,2
cloud backup sync vpn restart,IT Support,Medium,synth_highacc,0,0
vpn wlan routing rebooting motherboard,IT Support,High,synth_highacc,0,2
return borrow date abstract publisher,Library,Low,synth_highacc,8,1
verification registration pending regulation clerk,Administration,Low,synth_highacc,7,1
mess sauce tea food sabzi,Canteen,Low,synth_highacc,9,1
spoon dinner kitchen fork sauce,Canteen,Medium,synth_highacc,9,0
inquiry about the caution money interest since the university holds our 10 000 deposit for four years we would like to know if that interest is used for student welfare or if it s credited back to us this was a point of discussion in the last student council meeting,Fees / Finance,Medium,complaint_triage,3,0
fee treasury waiver arrear balance,Fees / Finance,Low,synth_highacc,3,1
numberplate headlight tyre driver helmet,Transport,Low,synth_highacc,5,1
route mirror diversion taxi brake,Transport,High,synth_highacc,5,2
charges late tax outstanding statement,Fees / Finance,Medium,synth_highacc,3,0
subject answer elective thesis workshop,Academics,Medium,synth_highacc,2,0
bucket ventilator cracked heating window,Hostels,Medium,synth_highacc,1,0
laundry inverter machine stinking drainage,Hostels,Medium,synth_highacc,1,0
roommate slow shifting heating heater,Hostels,Low,synth_highacc,1,1
notebook schedule lesson curriculum marks,Academics,Low,synth_highacc,2,1
cleaning leak drill sweeping electrician,Maintenance,High,synth_highacc,4,2
publisher almanac details almanac ebook,Library,Medium,synth_highacc,8,0
thesis tutorial approval lesson practical,Academics,Medium,synth_highacc,2,0
application guideline fee requested delay,Administration,Low,synth_highacc,7,1
breakfast curry menu drink curry,Canteen,Medium,synth_highacc,9,0
drain switch overflowing brick fix,Maintenance,High,synth_highacc,4,2
section aisle desk nonfiction bibliography,Library,High,synth_highacc,8,2
account balance credited stipend charges,Fees / Finance,Low,synth_highacc,3,1
drugs abusing camera security haras,Security / Discipline,High,synth_highacc,6,2
vehicle license brake parking stop,Transport,Low,synth_highacc,5,1
credit debit bill credit late,Fees / Finance,High,synth_highacc,3,2
thesis index binding journal newspaper,Library,Medium,synth_highacc,8,0
paint plaster hinge crack renovation,Maintenance,Low,synth_highacc,4,1
bulb tube drain crack urgent,Maintenance,Medium,synth_highacc,4,0
cup egg counter glass cook,Canteen,Medium,synth_highacc,9,0
keyboard mouse rebooting firewall cache,IT Support,Low,synth_highacc,0,1
salad coffee salad sauce expensive,Canteen,Medium,synth_highacc,9,0
vehicle taxi battery parking tyre,Transport,High,synth_highacc,5,2
queue curry plate counter rate,Canteen,Low,synth_highacc,9,1
update connect failing ip mouse,IT Support,High,synth_highacc,0,2
counter quality staff milk glass,Canteen,Low,synth_highacc,9,1
plumber leak tap drain valve,Maintenance,High,synth_highacc,4,2
kitchen coffee breakfast meal chicken,Canteen,High,synth_highacc,9,2
main gate of the faculty residential area is jammed and won t open an ambulance is trying to get through for an emergency call but the electronic gates are unresponsive we need someone to manually release the gears or cut the lock right now to allow the emergency vehicle through,Maintenance,High,complaint_triage,4,2
affidavit transfer sworn application notice,Administration,Low,synth_highacc,7,1
fir prohibited lodged bully weapon,Security / Discipline,High,synth_highacc,6,2
return silent date nonfiction print,Library,Low,synth_highacc,8,1
bus accident cleaning vehicle bicycle,Transport,Low,synth_highacc,5,1
my exam form is not submitted and tomorrow is the last date,Academics,High,query_test,2,2
fiction nonfiction citation subscription membership,Library,Low,synth_highacc,8,1
software download license scanner bug,IT Support,High,synth_highacc,0,2
the caution wet floor signs are looking a bit dirty since they are used in the main lobby it would be good to give them a scrub so they look professional and are clearly visible to everyone,Maintenance,Low,complaint_triage,4,1
lock wrench broken pipeline carpenter,Maintenance,Low,synth_highacc,4,1
leak damage water pipeline sweeping,Maintenance,High,synth_highacc,4,2
book photocopy newspaper counter,Library,Medium,synth_highacc,8,0
witness raped statement sexual accused,Security / Discipline,High,synth_highacc,6,2
fare ticket refund rickshaw indicator,Transport,Low,synth_highacc,5,1
there was a group of people drinking alcohol on the bus last night they were being loud and spilling drinks on the seats the driver didn t seem to care,Transport,High,complaint_triage,5,2
payment for the backlog exam was deducted but the status is still unpaid the registration portal closes in two hours if i don t get the confirmation i won t be able to sit for the carry over paper this semester i have the bank transaction id and need a manual update to my profile,Academics,High,complaint_triage,2,2
case violence pending teasing vandalism,Security / Discipline,Low,synth_highacc,6,1
carpenter exposed cracked leak jammed,Maintenance,Medium,synth_highacc,4,0
usb monitor port storage software,IT Support,Medium,synth_highacc,0,0
balcony slow water corridor drainage,Hostels,High,synth_highacc,1,2
carpenter burst broken leak screwdriver,Maintenance,Medium,synth_highacc,4,0
drainage water overflowing toilet hostel,Hostels,Medium,synth_highacc,1,0
mug soap sink washroom shampoo ventilator,Hostels,Medium,synth_highacc,1,0
roof valve leak hole burst,Maintenance,High,synth_highacc,4,2
project faculty guide topic syllabus,Academics,Medium,synth_highacc,2,0
bank concession transfer arrear payable,Fees / Finance,Low,synth_highacc,3,1
dinner vegetable overcharge snack breakfast,Canteen,Low,synth_highacc,9,1
fine stack calculation abstract librarian,Library,High,synth_highacc,8,2
endorse transfer document procedure status,Administration,Medium,synth_highacc,7,0
violence abuse physical assault stalking,Security / Discipline,Low,synth_highacc,6,1
bunk locker exhaust service pillow,Hostels,High,synth_highacc,1,2
endorse affidavit procedure policy certificate,Administration,High,synth_highacc,7,2
sexually smuggling teasing sexual harrash,Security / Discipline,Low,synth_highacc,6,1
silent search zone librarian shelf,Library,Medium,synth_highacc,8,0
form seal download submission clerk,Administration,Low,synth_highacc,7,1
thesis delay submission group placement,Academics,High,synth_highacc,2,2
application submit fee download submission,Administration,High,synth_highacc,7,2
stamp seal notary document policy,Administration,Medium,synth_highacc,7,0
research bibliography shelf reference scan,Library,Medium,synth_highacc,8,0
duplicate entry in the misc fees section i ve been billed for id card replacement twice this month even though i only requested it once and paid at the counter please remove the second charge of 250 from my outstanding balance,Fees / Finance,Medium,complaint_triage,3,0
policy transfer unclear regulation verification,Administration,Low,synth_highacc,7,1
printer offline jam bug processor,IT Support,High,synth_highacc,0,2
the main boiler has reached critical pressure levels the gauge is in the red and the pressure release valve isn t popping we need a boiler technician to bleed the system immediately to prevent a rupture in the basement,Maintenance,High,complaint_triage,4,2
conductor bus rude mandatory stop,Transport,Low,synth_highacc,5,1
signature attestation required attestation enrollment,Administration,Medium,synth_highacc,7,0
windscreen pickup broken diesel headlight,Transport,High,synth_highacc,5,2
stamp seal submit dean hostel,Administration,High,synth_highacc,7,2
mess taste quality hygiene cheap,Canteen,Low,synth_highacc,9,1
window pillow shutter chair towel,Hostels,High,synth_highacc,1,2
there is a massive party happening in room 402 of block b there are at least 50 people in a room meant for four and they are throwing bottles off the balcony someone is going to get hit,Security / Discipline,High,complaint_triage,6,2
bed pillow squeaky expensive fan,Hostels,High,synth_highacc,1,2
route fuel changed schedule gear,Transport,High,synth_highacc,5,2
tuition reimbursement remission interest withdrawal,Fees / Finance,Medium,synth_highacc,3,0
official examination letter fee requested,Administration,High,synth_highacc,7,2
transfer admission certificate admission fee,Administration,High,synth_highacc,7,2
stipend installment delayed grant receipt,Fees / Finance,Low,synth_highacc,3,1
reported phishing fake bursar notice targeting students email requests payment via a suspicious external portal i did not click links others may have received it please initiate campus wide alert and filter updates headers available for analysis kindly confirm incident response steps time sensitive to prevent credential theft appreciate quick action,IT Support,High,complaint_triage,0,2
i m being charged for a meal plan that i specifically opted out of during registration i have the confirmation email proving i chose the no meal plan option,Administration,Medium,complaint_triage,7,0
cashier online statement loan budget,Fees / Finance,High,synth_highacc,3,2
battery battery dead route stop,Transport,High,synth_highacc,5,2
photocopy catalogue charges periodical zone,Library,Medium,synth_highacc,8,0
could we have more frequent pest control in the garden there are a lot of grasshoppers and small bugs that fly into the ground floor rooms in the evening it s a bit of a nuisance when the windows are open,Hostels,Low,complaint_triage,1,1
form submit download regulation rejected,Administration,Medium,synth_highacc,7,0
ip adapter address printer modem,IT Support,Medium,synth_highacc,0,0
search locate index newspaper card,Library,High,synth_highacc,8,2
violence evidence incident weapon offence,Security / Discipline,High,synth_highacc,6,2
vpn driver disconnecting antivirus modem,IT Support,Low,synth_highacc,0,1
someone is operating an unauthorized food stall in the quad they aren t wearing gloves and the food doesn t look like it s being kept at the right temperature,Security / Discipline,Low,complaint_triage,6,1
hygiene oil poor worth lunch,Canteen,Medium,synth_highacc,9,0
balance reimbursement enquiry audit fee,Fees / Finance,Low,synth_highacc,3,1
smoke sexually banned case stalk,Security / Discipline,High,synth_highacc,6,2
faculty curriculum final exam seminar,Academics,Medium,synth_highacc,2,0
geyser water leaking flush heating,Hostels,Medium,synth_highacc,1,0
signature application required clerk bonafide,Administration,High,synth_highacc,7,2
deadline submission official missing document,Administration,Low,synth_highacc,7,1
request for more power outlets in the study room most of us have laptops and chargers and the current four sockets are always occupied an extension cord or a power strip would be a great addition,Hostels,Low,complaint_triage,1,1
route stop extended numberplate fuel,Transport,High,synth_highacc,5,2
threatened stalking killed assaulted molested,Security / Discipline,Medium,synth_highacc,6,0
milk milk sour queue menu,Canteen,Medium,synth_highacc,9,0
traffic meter jam numberplate conductor,Transport,High,synth_highacc,5,2
scanner driver detecting bug vpn,IT Support,High,synth_highacc,0,2
hardware configure firmware mouse firmware,IT Support,Medium,synth_highacc,0,0
refund transaction process penalty online,Fees / Finance,Low,synth_highacc,3,1
bed fan squeaky mug corridor,Hostels,Low,synth_highacc,1,1
traffic route brake accident bus,Transport,Low,synth_highacc,5,1
penalty research counter membership periodical,Library,Low,synth_highacc,8,1
software center installs failing with generic error several updates show retry without details please push remediation or advise steps,IT Support,Low,complaint_triage,0,1
assignment professor deadline paper topic,Academics,Medium,synth_highacc,2,0
the wi fi signal in the study hall of block 2 is very weak we use that space for group studies between classes but we can t access any online resources or the lms a signal booster or a new access point is needed in that area,Academics,Medium,complaint_triage,2,0
toilet table blocked flush service,Hostels,Low,synth_highacc,1,1
document fee approval document,Administration,Medium,synth_highacc,7,0
lesson overdue difficult question internship,Academics,High,synth_highacc,2,2
result tutorial published textbook training,Academics,High,synth_highacc,2,2
brightness hotkeys stopped after update display is stuck too bright in lecture halls please help restore hotkey functionality,IT Support,Low,complaint_triage,0,1
the soap in the academic block washrooms has a very strong scent a more neutral or unscented soap would be better for students who are sensitive to strong fragrances in enclosed spaces,Academics,Low,complaint_triage,2,1
roof crack leak mopping cement,Maintenance,High,synth_highacc,4,2
stop stop skipped helmet mirror,Transport,Low,synth_highacc,5,1
procedure regulation enquiry sworn document,Administration,High,synth_highacc,7,2
bully assault complaint assault tease,Security / Discipline,High,synth_highacc,6,2
towel flush rough tap flush,Hostels,High,synth_highacc,1,2
ip protocol address patch mac,IT Support,High,synth_highacc,0,2
locker stinking jammed sink almirah,Hostels,Medium,synth_highacc,1,0
investigate complaint matter haras steal,Security / Discipline,Low,synth_highacc,6,1
balance installment enquiry concession grant,Fees / Finance,High,synth_highacc,3,2
backup connect restore authentication ethernet,IT Support,Low,synth_highacc,0,1
bill canteen glass rate breakfast,Canteen,Low,synth_highacc,9,1
abuse prohibited teasing threaten robbery,Security / Discipline,Low,synth_highacc,6,1
download login stuck scanner rebooting,IT Support,High,synth_highacc,0,2
pillow toilet flat table chair,Hostels,Low,synth_highacc,1,1
violence caught physical stalking scam,Security / Discipline,High,synth_highacc,6,2
drainage heating clogged dirty bathroom,Hostels,Medium,synth_highacc,1,0
presentation topic diploma group score,Academics,Low,synth_highacc,2,1
repair tile urgent wire grill,Maintenance,Low,synth_highacc,4,1
transaction debit credit bank grant,Fees / Finance,Low,synth_highacc,3,1
registrar document office seal procedure,Administration,High,synth_highacc,7,2
almanac shelf return bibliography overdue,Library,Low,synth_highacc,8,1
practical midterm viva viva lecture,Academics,Low,synth_highacc,2,1
presentation delayed evaluated workshop presentation,Academics,Medium,synth_highacc,2,0
plaster gutter falling paint construction,Maintenance,Medium,synth_highacc,4,0
project lecturer guide homework group,Academics,Low,synth_highacc,2,1
internship postpone opportunity project revaluation,Academics,Medium,synth_highacc,2,0
bill coffee vegetable rate oil,Canteen,Medium,synth_highacc,9,0
bank invoice transfer stipend payable,Fees / Finance,Low,synth_highacc,3,1
tube sparking flicker sweeping cement,Maintenance,High,synth_highacc,4,2
authentication connection wlan server error,IT Support,High,synth_highacc,0,2
locker stinking jammed balcony dirty,Hostels,Medium,synth_highacc,1,0
cable software loose freeze backup,IT Support,Low,synth_highacc,0,1
plumber fixture tap lock socket,Maintenance,Medium,synth_highacc,4,0
answer subject key marks topic,Academics,Medium,synth_highacc,2,0
guard case sleeping thief sexual,Security / Discipline,High,synth_highacc,6,2
fiction nonfiction aisle renew magazine,Library,Low,synth_highacc,8,1
abuse cybercrime steal threaten insult,Security / Discipline,High,synth_highacc,6,2
approval missing pending approval scholarship,Administration,High,synth_highacc,7,2
placement missing drive degree overdue,Academics,High,synth_highacc,2,2
unsafe smoke feel suspicious alcohol,Security / Discipline,High,synth_highacc,6,2
food sauce shortage tea rice,Canteen,Medium,synth_highacc,9,0
stair urgent railing leak stair,Maintenance,High,synth_highacc,4,2
i saw a group of non students using the shuttle to get across town this made the bus too full for actual students who pay for this service through their fees there should be an id check,Transport,Low,complaint_triage,5,1
workshop curriculum grade tutorial presentation,Academics,Medium,synth_highacc,2,0
backup adapter restore protocol browser,IT Support,Medium,synth_highacc,0,0
book aisle overdue author publisher,Library,Medium,synth_highacc,8,0
attack steal robbery insult violence,Security / Discipline,Low,synth_highacc,6,1
detergent hanger exhaust hanger noisy,Hostels,High,synth_highacc,1,2
answer lecture key curriculum placement,Academics,Low,synth_highacc,2,1
danger harassment molest unsafe abusing,Security / Discipline,Low,synth_highacc,6,1
fare shuttle revision accident pickup,Transport,Low,synth_highacc,5,1
journal subscription subscription volume research,Library,Medium,synth_highacc,8,0
cup taste tea glass sabzi,Canteen,High,synth_highacc,9,2
error crash ssd hardware storage,IT Support,Medium,synth_highacc,0,0
route mandatory changed mandatory mandatory,Transport,Low,synth_highacc,5,1
mopping lock exposed garbage carpenter,Maintenance,High,synth_highacc,4,2
window pane is vibrating loudly during high winds the glass in room 504 seems to have come loose from the putty or the frame it makes a very annoying rattling sound all night can maintenance apply some sealant to stop the vibration,Maintenance,Medium,complaint_triage,4,0
practical answer missed credit final,Academics,Low,synth_highacc,2,1
laundry water service shampoo almirah,Hostels,High,synth_highacc,1,2
modem antivirus signal down software,IT Support,Medium,synth_highacc,0,0
membership expired expire membership book,Library,High,synth_highacc,8,2
bill worth overcharge breakfast overcharge,Canteen,Medium,synth_highacc,9,0
approval delay guideline signature dean,Administration,Low,synth_highacc,7,1
signature registration attestation official notice,Administration,High,synth_highacc,7,2
mattress almirah hard dirty washroom,Hostels,Low,synth_highacc,1,1
refund cashier delayed installment withdrawal,Fees / Finance,Medium,synth_highacc,3,0
quiz credit assignment assignment submission,Academics,High,synth_highacc,2,2
fee fee pending audit outstanding,Fees / Finance,Medium,synth_highacc,3,0
receipt payable generated processed netbanking,Fees / Finance,High,synth_highacc,3,2
circular endorse clarification form regulation,Administration,Medium,synth_highacc,7,0
photocopy thesis machine thesis research,Library,Low,synth_highacc,8,1
return publisher reminder index overdue,Library,Medium,synth_highacc,8,0
report result question lecture chapter,Academics,Low,synth_highacc,2,1
processing endorse time hostel guideline,Administration,Low,synth_highacc,7,1
credit midterm transfer midterm viva,Academics,High,synth_highacc,2,2
geyser heater leaking dirty water,Hostels,High,synth_highacc,1,2
projector patch ip cable patch,IT Support,High,synth_highacc,0,2
degree name is misspelled on the final convocation list it says btech cse instead of btech cse ai ml i have paid for the specialized degree and this must be corrected before the certificates go to print this afternoon,Academics,High,complaint_triage,2,2
ticket fuel counter cycle stop,Transport,Low,synth_highacc,5,1
journal publisher missing aisle book,Library,Medium,synth_highacc,8,0
canteen fresh costly sauce salad,Canteen,Medium,synth_highacc,9,0
subject project delay topic final,Academics,Medium,synth_highacc,2,0
pipe pipe burst hammer mopping,Maintenance,Low,synth_highacc,4,1
slipper laundry detergent bed heater,Hostels,Low,synth_highacc,1,1
wire socket exposed dust broken,Maintenance,Low,synth_highacc,4,1
i m trying to apply for a student loan but the bank says the university hasn t verified my enrollment status despite multiple requests from their side the deadline for the loan is tomorrow,Administration,High,complaint_triage,7,2
roommate roommate drainage almirah,Hostels,High,synth_highacc,1,2
washroom water stinking towel washroom,Hostels,High,synth_highacc,1,2
plumber floor tap screwdriver mopping,Maintenance,Medium,synth_highacc,4,0
menu price queue quality overcharge,Canteen,Medium,synth_highacc,9,0
dust leaking tile drill plumber,Maintenance,Medium,synth_highacc,4,0
aisle photocopy light counter reading,Library,Low,synth_highacc,8,1
overcharge fork oil water water,Canteen,Medium,synth_highacc,9,0
the bus windows are so dirty you can barely see out of them it s hard to know which stop we re at especially when it s dark outside a simple wash once a week would help,Transport,Low,complaint_triage,5,1
cctv drugs footage prohibited murder,Security / Discipline,Low,synth_highacc,6,1
ceiling plaster repair door exposed,Maintenance,Low,synth_highacc,4,1
pipe hole rusted sweeping repairman,Maintenance,High,synth_highacc,4,2
counter pickle staff egg chapati,Canteen,High,synth_highacc,9,2
bullied abusing harassed molest bullied,Security / Discipline,High,synth_highacc,6,2
helmet mirror mandatory provided fare,Transport,Medium,synth_highacc,5,0
account account refund deduction fee,Fees / Finance,Low,synth_highacc,3,1
floor grill mopping sparking hinge,Maintenance,Low,synth_highacc,4,1
tile pipe paint wrench floor,Maintenance,Low,synth_highacc,4,1
update login failing network password,IT Support,Low,synth_highacc,0,1
loan payable sanction transaction refund,Fees / Finance,Low,synth_highacc,3,1
print ebook black available expired,Library,Medium,synth_highacc,8,0
budget online allocation statement receipt,Fees / Finance,Low,synth_highacc,3,1
conductor auto behaviour diesel mandatory,Transport,High,synth_highacc,5,2
paint carpenter job burst leak,Maintenance,High,synth_highacc,4,2
van cycle overloaded shuttle seat,Transport,Low,synth_highacc,5,1
drinking water tastes like chlorine the latest batch of water in the block g cooler has a very strong chemical smell and taste it s almost undrinkable please check if the purification system was over treated,Hostels,Medium,complaint_triage,1,0
score diploma improvement seminar topic,Academics,Medium,synth_highacc,2,0
thesis teacher syllabus seminar report,Academics,High,synth_highacc,2,2
cab schedule unavailable traffic meter,Transport,Medium,synth_highacc,5,0
bank remit transfer account refund,Fees / Finance,Medium,synth_highacc,3,0
milk taste vegetable food tea,Canteen,High,synth_highacc,9,2
snack chicken items salad vegetable,Canteen,Low,synth_highacc,9,1
midterm subject results revaluation assignment,Academics,Low,synth_highacc,2,1
print fiction queue publisher subscription,Library,High,synth_highacc,8,2
sexually fought abusing ragging raped,Security / Discipline,High,synth_highacc,6,2
transfer policy certificate official application,Administration,Low,synth_highacc,7,1
fee budget credit payment,Fees / Finance,Medium,synth_highacc,3,0
mentor assignment guidance result homework,Academics,Medium,synth_highacc,2,0
return rack reminder search book,Library,Low,synth_highacc,8,1
canteen daal mess fresh,Canteen,Low,synth_highacc,9,1
electrician ceiling tile repair door,Maintenance,Low,synth_highacc,4,1
water dinner unclean plate pickle,Canteen,High,synth_highacc,9,2
hygiene menu poor spoil fork,Canteen,High,synth_highacc,9,2
tax gst refund arrear tuition,Fees / Finance,Medium,synth_highacc,3,0
mosquito bed detergent bathroom chair,Hostels,High,synth_highacc,1,2
fought danger injured fir stalking,Security / Discipline,Low,synth_highacc,6,1
syllabus curriculum professor lesson score,Academics,Low,synth_highacc,2,1
deadline hostel missed status admission,Administration,Low,synth_highacc,7,1
attestation notice signature bonafide rejected,Administration,High,synth_highacc,7,2
antivirus hardware blocking bluetooth wlan,IT Support,High,synth_highacc,0,2
incessant noise from the room above mine late at night the residents of 305 have been hosting loud gatherings every night this week i have tried talking to them but they don t listen it is affecting my sleep and my ability to study for my upcoming internals,Hostels,Medium,complaint_triage,1,0
raped kidnap assaulted murder molest,Security / Discipline,High,synth_highacc,6,2
vandalism fraud property raped thieves,Security / Discipline,High,synth_highacc,6,2
shampoo shampoo finished geyser heating,Hostels,High,synth_highacc,1,2
renovation sewage window construction mopping,Maintenance,Medium,synth_highacc,4,0
error crash hardware wlan slow,IT Support,Low,synth_highacc,0,1
affidavit signature sworn delay verification,Administration,Medium,synth_highacc,7,0
upload mac server scanner server,IT Support,Medium,synth_highacc,0,0
deduction pending extra concession card,Fees / Finance,Low,synth_highacc,3,1
overcharge vegetable bill water salad,Canteen,Medium,synth_highacc,9,0
the bus driver almost hit a cyclist because he didn t check his blind spot before turning into the campus gate he didn t even stop to see if the guy was okay,Transport,High,complaint_triage,5,2
official download document sworn submission,Administration,Low,synth_highacc,7,1
inconsistency in the lecture schedule for the third floor seminar hall sometimes the class is moved to a different block without any notice on the portal or the notice board we waste 15 minutes of the lecture just wandering around looking for the professor can we have a stabilized timetable,Academics,Medium,complaint_triage,2,0
book audiobook recommendation thesis ebook,Library,Low,synth_highacc,8,1
floor ladder slippery bulb switch,Maintenance,Medium,synth_highacc,4,0
official document letter examination notary,Administration,Low,synth_highacc,7,1
pickup drop headlight driver horn,Transport,High,synth_highacc,5,2
the bus was so overcrowded today that students were literally pressed against the doors if the driver had to brake suddenly those doors could have given way this is a disaster waiting to happen,Transport,High,complaint_triage,5,2
drink menu food juice oil,Canteen,High,synth_highacc,9,2
indicator taillight broken mandatory bicycle,Transport,Low,synth_highacc,5,1
interest budget invoice waiver scholarship,Fees / Finance,Medium,synth_highacc,3,0
regulation admission download guideline endorse,Administration,High,synth_highacc,7,2
presentation chapter textbook group presentation,Academics,Medium,synth_highacc,2,0
bill oil chicken rate pickle,Canteen,Low,synth_highacc,9,1
sexually abusing teasing thief fight,Security / Discipline,High,synth_highacc,6,2
someone is selling what looks like exam answer keys in the student lounge they are charging fifty dollars and targeting freshmen this seems like a major breach of academic integrity,Security / Discipline,Medium,complaint_triage,6,0
accused bully stranger witness prohibited,Security / Discipline,Low,synth_highacc,6,1
mosquito table drainage bathroom fan,Hostels,Medium,synth_highacc,1,0
magazine index latest search ebook,Library,Medium,synth_highacc,8,0
document stamp missing hostel signature,Administration,Medium,synth_highacc,7,0
transfer document certificate policy hostel,Administration,High,synth_highacc,7,2
bonafide registration certificate hostel regulation,Administration,Medium,synth_highacc,7,0
paint handle job damage fused,Maintenance,High,synth_highacc,4,2
budget pending allocation finance bank,Fees / Finance,Medium,synth_highacc,3,0
book penalty recommendation search locate,Library,High,synth_highacc,8,2
registration seal completed bonafide verification,Administration,High,synth_highacc,7,2
dust mopping accumulation plaster hinge,Maintenance,Medium,synth_highacc,4,0
renew aisle membership fine research,Library,Medium,synth_highacc,8,0
account installment tax deduction concession,Fees / Finance,Medium,synth_highacc,3,0
volume edition newspaper return librarian,Library,Low,synth_highacc,8,1
mess canteen vegetable food hygiene,Canteen,Medium,synth_highacc,9,0
price water rice expensive chicken,Canteen,High,synth_highacc,9,2
ram server upgrade freeze wifi,IT Support,High,synth_highacc,0,2
bathroom heating dirty sink washroom,Hostels,Low,synth_highacc,1,1
tea cheap cold worth vegetable,Canteen,High,synth_highacc,9,2
socket ceiling loose repairman stair,Maintenance,High,synth_highacc,4,2
drainage expensive exhaust tap ventilator,Hostels,Medium,synth_highacc,1,0
diesel brake petrol accident auto,Transport,High,synth_highacc,5,2
breakfast water menu hygiene chicken,Canteen,Low,synth_highacc,9,1
stolen molested insulting harassment assault,Security / Discipline,Medium,synth_highacc,6,0
sexual ragging harrash complaint hostel,Security / Discipline,Low,synth_highacc,6,1
spoon bill price fork kitchen,Canteen,High,synth_highacc,9,2
drugs scam peddling cctv bullied,Security / Discipline,Medium,synth_highacc,6,0
harassment prohibited filed laptop robbery,Security / Discipline,Medium,synth_highacc,6,0
bulb tube drill wire handle,Maintenance,High,synth_highacc,4,2
notebook faculty homework curriculum diploma,Academics,Medium,synth_highacc,2,0
transaction cashier budget bank invoice,Fees / Finance,Low,synth_highacc,3,1
endorse notice document hostel requested,Administration,Low,synth_highacc,7,1
milk tea price food curry,Canteen,Low,synth_highacc,9,1
water pickle unclean kitchen mess,Canteen,High,synth_highacc,9,2
membership audiobook renewal database rack,Library,Low,synth_highacc,8,1
ebook penalty audiobook return nonfiction,Library,Low,synth_highacc,8,1
conductor fuel rude van brake,Transport,Low,synth_highacc,5,1
textbook viva unavailable presentation lecturer,Academics,High,synth_highacc,2,2
stalk assault stalking corridor smuggling,Security / Discipline,Medium,synth_highacc,6,0
scholarship registration form submit form,Administration,High,synth_highacc,7,2
backup log login bandwidth shutdown,IT Support,Medium,synth_highacc,0,0
soap towel missing tap tap,Hostels,High,synth_highacc,1,2
professor teacher leave teacher mentor,Academics,Low,synth_highacc,2,1
syllabus schedule revision presentation timetable,Academics,Low,synth_highacc,2,1
update cloud failing projector cloud,IT Support,Low,synth_highacc,0,1
traffic license auto accident clutch,Transport,Medium,synth_highacc,5,0
return available date bibliography index,Library,Medium,synth_highacc,8,0
assignment syllabus deadline mentor credit,Academics,Low,synth_highacc,2,1
crack fuse wall repairman dust,Maintenance,Low,synth_highacc,4,1
door exhaust lock blanket tap,Hostels,Medium,synth_highacc,1,0
route mirror diversion provided mirror,Transport,Low,synth_highacc,5,1
bed toilet squeaky expensive expensive,Hostels,High,synth_highacc,1,2
cleaning plumber tile sweeping broken,Maintenance,Low,synth_highacc,4,1
scholarship tuition eligibility online installment,Fees / Finance,Low,synth_highacc,3,1
volume edition research bibliography ebook,Library,Low,synth_highacc,8,1
reading fiction area overdue abstract,Library,Medium,synth_highacc,8,0
i lost my financial aid award letter and i need it for a housing application today can i come by and get a stamped copy immediately,Administration,Medium,complaint_triage,7,0
invoice due duplicate account outstanding,Fees / Finance,High,synth_highacc,3,2
sabzi mess coffee pickle sabzi,Canteen,Medium,synth_highacc,9,0
violence weapon report weapon bully,Security / Discipline,Low,synth_highacc,6,1
dinner breakfast served sauce bill,Canteen,Medium,synth_highacc,9,0
water cup unclean vegetable pickle,Canteen,High,synth_highacc,9,2
antivirus bandwidth blocking bandwidth offline,IT Support,Low,synth_highacc,0,1
lunch hygiene snack breakfast snack,Canteen,Low,synth_highacc,9,1
concession netbanking payment reimbursement balance,Fees / Finance,High,synth_highacc,3,2
journal overdue audiobook magazine return,Library,High,synth_highacc,8,2
notary regulation attest notary scholarship,Administration,Medium,synth_highacc,7,0
threatened guard killed stalking case,Security / Discipline,Low,synth_highacc,6,1
notebook training correction training schedule,Academics,High,synth_highacc,2,2
examination fee form attestation affidavit,Administration,Medium,synth_highacc,7,0
assignment mentor feedback practical marks,Academics,High,synth_highacc,2,2
stamp seal verification migration guideline,Administration,Low,synth_highacc,7,1
document download missing stamp bonafide,Administration,Medium,synth_highacc,7,0
inverter mattress backup noisy inverter,Hostels,Low,synth_highacc,1,1
gear traffic problem indicator license,Transport,Medium,synth_highacc,5,0
registration document deadline deadline attestation,Administration,Low,synth_highacc,7,1
topic lecture unclear quiz paper,Academics,Low,synth_highacc,2,1
textbook score unavailable teacher result,Academics,High,synth_highacc,2,2
loan upi sanction grant transfer,Fees / Finance,High,synth_highacc,3,2
sewage pane smell paint worn,Maintenance,Medium,synth_highacc,4,0
fund budget statement interest concession,Fees / Finance,Low,synth_highacc,3,1
login portal download download down,IT Support,Medium,synth_highacc,0,0
presentation paper evaluated lesson credit,Academics,Low,synth_highacc,2,1
heater bed element corridor fan,Hostels,High,synth_highacc,1,2
email latency portal password protocol,IT Support,Medium,synth_highacc,0,0
queue taste expensive counter drink,Canteen,High,synth_highacc,9,2
marks presentation incorrect final professor,Academics,Low,synth_highacc,2,1
research librarian material citation reference,Library,High,synth_highacc,8,2
investigate guard complaint molest report,Security / Discipline,High,synth_highacc,6,2
cab taxi mirror cab seat,Transport,High,synth_highacc,5,2
index print page expired newspaper,Library,Low,synth_highacc,8,1
wifi bug motherboard dropping cloud,IT Support,Low,synth_highacc,0,1
subject postpone registration paper training,Academics,Low,synth_highacc,2,1
water staircase supply window curtain,Hostels,Medium,synth_highacc,1,0
regulation missing strict hostel endorse,Administration,High,synth_highacc,7,2
abuse cctv tease threaten stolen,Security / Discipline,Low,synth_highacc,6,1
driver usb laptop patch ethernet,IT Support,Medium,synth_highacc,0,0
certificate admission admission application signature,Administration,High,synth_highacc,7,2
theft thief investigate raped,Security / Discipline,High,synth_highacc,6,2
sewage pipe backup replace roof,Maintenance,High,synth_highacc,4,2
deduction withdrawal extra finance online,Fees / Finance,Medium,synth_highacc,3,0
notebook answer correction thesis grading,Academics,Medium,synth_highacc,2,0
pillow tap flat tap curtain,Hostels,Medium,synth_highacc,1,0
certificate notice issue policy circular,Administration,Low,synth_highacc,7,1
registrar rejected office examination official,Administration,Medium,synth_highacc,7,0
fare headlight increased ticket provided,Transport,Medium,synth_highacc,5,0
carpenter burst fixture leak socket,Maintenance,Low,synth_highacc,4,1
payment credited failed stipend application,Fees / Finance,High,synth_highacc,3,2
diploma report verification exam final,Academics,High,synth_highacc,2,2
enrollment registrar registration registration clerk,Administration,Medium,synth_highacc,7,0
group delay project subject faculty,Academics,Medium,synth_highacc,2,0
newspaper available penalty article index,Library,Low,synth_highacc,8,1
group lecturer project group topic,Academics,Medium,synth_highacc,2,0
cheap curry cook worth vegetable,Canteen,High,synth_highacc,9,2
credit presentation transfer mentor grade,Academics,Medium,synth_highacc,2,0
antivirus down blocking laptop printer,IT Support,Low,synth_highacc,0,1
harassment environment filed sexually steal,Security / Discipline,High,synth_highacc,6,2
paint plaster wire valve pipeline,Maintenance,Low,synth_highacc,4,1
fee treasury pending cleared application,Fees / Finance,High,synth_highacc,3,2
professor missing leave missing viva,Academics,High,synth_highacc,2,2
degree teacher midterm diploma placement,Academics,Medium,synth_highacc,2,0
treasury remit department loan invoice,Fees / Finance,Medium,synth_highacc,3,0
subject assignment elective lesson faculty,Academics,Medium,synth_highacc,2,0
washroom toilet mattress blanket drainage,Hostels,Medium,synth_highacc,1,0
switch renovation spark exposed lock,Maintenance,High,synth_highacc,4,2
could we have more frequent buses during finals week the library is packed 24 7 and the current shuttle frequency isn t enough to handle the number of students leaving at 2 00 am,Transport,Medium,complaint_triage,5,0
valve construction damaged worn hinge,Maintenance,High,synth_highacc,4,2
water cupboard supply locker chair,Hostels,High,synth_highacc,1,2
driver license battery conductor bicycle,Transport,Medium,synth_highacc,5,0
internet laptop slow patch driver,IT Support,High,synth_highacc,0,2
printer authentication keyboard not working,IT Support,High,synth_highacc,0,2
i need a bonafide certificate,Academics,Medium,query_test,2,0
smuggling prohibited fraud guard fought,Security / Discipline,High,synth_highacc,6,2
loan online sanction refund delayed,Fees / Finance,Low,synth_highacc,3,1
placement postpone drive quiz placement,Academics,Medium,synth_highacc,2,0
magazine publisher latest bibliography counter,Library,Medium,synth_highacc,8,0
processing pending notarized issue migration,Administration,Low,synth_highacc,7,1
i ve noticed that the degree audit tool in the portal is very confusing it says i m missing a core credit that doesn t exist in my curriculum handbook a simple guide on how to read the audit would be very helpful,Administration,Low,complaint_triage,7,1
why is there a fee for transcript verification most other universities provide this for free as part of their student services it feels like we are being nickel and dimed for everything,Administration,Low,complaint_triage,7,1
sexually trespass abusing theft case,Security / Discipline,High,synth_highacc,6,2
stop ticket missing windscreen parking,Transport,Low,synth_highacc,5,1
tax cleared deduction bill fund,Fees / Finance,Medium,synth_highacc,3,0
signature policy required notary procedure,Administration,Medium,synth_highacc,7,0
vehicle parking breakdown fuel traffic,Transport,Medium,synth_highacc,5,0
pillow heater flat heating heating,Hostels,High,synth_highacc,1,2
letterhead official format certificate document,Administration,High,synth_highacc,7,2
milk sabzi juice food mess,Canteen,Low,synth_highacc,9,1
monitor log display shutdown desktop,IT Support,High,synth_highacc,0,2
deadline admission missed fee dean,Administration,Low,synth_highacc,7,1
gear indicator provided mandatory battery,Transport,Medium,synth_highacc,5,0
assignment project feedback professor exam,Academics,Medium,synth_highacc,2,0
concession charges applied balance arrear,Fees / Finance,High,synth_highacc,3,2
violence working physical insulting bully,Security / Discipline,Low,synth_highacc,6,1
textbook group unavailable midterm postpone,Academics,High,synth_highacc,2,2
journal newspaper article magazine subscription,Library,High,synth_highacc,8,2
notebook exam faculty curriculum final,Academics,Low,synth_highacc,2,1
tuition budget remission payable concession,Fees / Finance,Medium,synth_highacc,3,0
warden drainage cupboard laundry,Hostels,Medium,synth_highacc,1,0
sewage ladder backup bulb hole,Maintenance,Low,synth_highacc,4,1
shelf rack labelling available database,Library,Low,synth_highacc,8,1
renovation burst drill construction jammed,Maintenance,Low,synth_highacc,4,1
fan corridor speed balcony laundry,Hostels,Low,synth_highacc,1,1
dinner juice canteen snack cup,Canteen,High,synth_highacc,9,2
pipeline exposed renovation fixture pipeline,Maintenance,High,synth_highacc,4,2
oil kitchen cook plate milk,Canteen,High,synth_highacc,9,2
balcony heater water corridor balcony,Hostels,Low,synth_highacc,1,1
drainage mattress overflowing noisy slow,Hostels,High,synth_highacc,1,2
syllabus assignment incomplete workshop chapter,Academics,Low,synth_highacc,2,1
error crash cache scanner battery,IT Support,Low,synth_highacc,0,1
syllabus thesis revision delayed chapter,Academics,High,synth_highacc,2,2
the privacy screen on the finance office counters is a bit too opaque it s hard to hear the staff through the glass a small speaking hole or an intercom system would make communication much better,Fees / Finance,Low,complaint_triage,3,1
offence abuse serious harrass working,Security / Discipline,Medium,synth_highacc,6,0
queue vegetable chapati counter mess,Canteen,High,synth_highacc,9,2
renew journal request renew membership,Library,Medium,synth_highacc,8,0
bill spoon overcharge fresh canteen,Canteen,High,synth_highacc,9,2
attack harrass robbery assaulted stolen,Security / Discipline,High,synth_highacc,6,2
card citation renewal publisher stack,Library,Medium,synth_highacc,8,0
pipeline fixture grill fixture dust,Maintenance,Low,synth_highacc,4,1
evidence robbery destroyed unsafe disrespect,Security / Discipline,Low,synth_highacc,6,1
install configure server laptop driver,IT Support,Medium,synth_highacc,0,0
tease patrol sexual hostel abused,Security / Discipline,Low,synth_highacc,6,1
meter driver tampered tyre petrol,Transport,High,synth_highacc,5,2
meal stale spoiled sauce queue,Canteen,Medium,synth_highacc,9,0
browser freeze patch download error,IT Support,Low,synth_highacc,0,1
canteen bill stale bill rate,Canteen,Medium,synth_highacc,9,0
verification dean pending deadline registrar,Administration,High,synth_highacc,7,2
borrow print period thesis counter,Library,Low,synth_highacc,8,1
edition borrow outdated card borrow,Library,High,synth_highacc,8,2
scan newspaper edition librarian aisle,Library,Low,synth_highacc,8,1
i saw someone breaking the locks on the vending machines in the basement of the dorms they have a bag full of snacks and cash they are still there right now,Security / Discipline,Medium,complaint_triage,6,0
tuition credit remission cleared tax,Fees / Finance,Medium,synth_highacc,3,0
staircase bunk roommate laundry roommate,Hostels,High,synth_highacc,1,2
tax tuition deduction gst account,Fees / Finance,Medium,synth_highacc,3,0
there is a very suspicious bag left unattended under the bench at the main bus stop it s been there for over an hour and i haven t seen anyone claim it given the current safety protocols i thought i should report it,Security / Discipline,High,complaint_triage,6,2
cycle petrol stolen headlight parking,Transport,High,synth_highacc,5,2
quiz delay faculty assignment textbook,Academics,Medium,synth_highacc,2,0
violence arrest senior weapon incident,Security / Discipline,Medium,synth_highacc,6,0
the printer in the self service admin kiosk is out of ink again i m trying to print my enrollment certificate for a bank loan and i can t wait until monday for a refill,Administration,Low,complaint_triage,7,1
unsafe victim feel witness weapon,Security / Discipline,Low,synth_highacc,6,1
deadline submission processing scholarship migration,Administration,Low,synth_highacc,7,1
approval application pending pending seal,Administration,High,synth_highacc,7,2
schedule conductor battery fare provided,Transport,Medium,synth_highacc,5,0
hardware password firmware update ssd,IT Support,High,synth_highacc,0,2
pipeline handle leakage fuse stair,Maintenance,Medium,synth_highacc,4,0
thesis magazine binding silent rack,Library,Medium,synth_highacc,8,0
ventilator heating exhaust staircase chair,Hostels,High,synth_highacc,1,2
shampoo water finished towel bucket,Hostels,Low,synth_highacc,1,1
report tutorial submission submission overdue,Academics,Low,synth_highacc,2,1
vpn connectivity dns server display,IT Support,Medium,synth_highacc,0,0
credit report transfer assignment delayed,Academics,Low,synth_highacc,2,1
laptop bluetooth screen email scanner,IT Support,Medium,synth_highacc,0,0
notice missing board policy circular,Administration,Low,synth_highacc,7,1
fixture urgent replacement grill fused,Maintenance,Medium,synth_highacc,4,0
bunk locker table blanket heater,Hostels,Medium,synth_highacc,1,0
tuition bill remission invoice scholarship,Fees / Finance,Medium,synth_highacc,3,0
latency shutdown upload connectivity projector,IT Support,Medium,synth_highacc,0,0
the transaction receipt we get via sms doesn t include the student id number adding that small detail would make it much easier to track the payment if there s ever a dispute,Fees / Finance,Low,complaint_triage,3,1
missing fire extinguisher in the east wing i noticed the wall bracket near room 405 is empty with the recent short circuit incidents in the block this is a serious safety violation we need a replacement unit installed before the end of the day,Hostels,High,complaint_triage,1,2
scholarship interest not upi pending,Fees / Finance,High,synth_highacc,3,2
outstanding receipt amount scholarship card,Fees / Finance,Medium,synth_highacc,3,0
journal research binding photocopy expired,Library,Medium,synth_highacc,8,0
stop meter unsafe helmet mandatory,Transport,High,synth_highacc,5,2
taste water menu hygiene mess,Canteen,High,synth_highacc,9,2
degree seminar delayed lecturer presentation,Academics,Medium,synth_highacc,2,0
wifi desktop firewall dropping battery,IT Support,High,synth_highacc,0,2
keyboard mouse hardware email driver,IT Support,High,synth_highacc,0,2
volume edition renew research section,Library,High,synth_highacc,8,2
tuition audit remission withdrawal gst,Fees / Finance,Medium,synth_highacc,3,0
auto headlight overcharge taillight taillight,Transport,Medium,synth_highacc,5,0
patrol fought increased report thieves,Security / Discipline,Low,synth_highacc,6,1
printer display offline offline latency,IT Support,Medium,synth_highacc,0,0
ragging bullied complaint fight incident,Security / Discipline,High,synth_highacc,6,2
smuggling attack fraud victim offence,Security / Discipline,Medium,synth_highacc,6,0
mattress slipper hard bucket noisy,Hostels,Low,synth_highacc,1,1
crack construction hinge hole tube,Maintenance,Medium,synth_highacc,4,0
driver bus numberplate conductor taxi,Transport,High,synth_highacc,5,2
paint sparking peeling stair drain,Maintenance,Low,synth_highacc,4,1
drugs report peddled suspicious incident,Security / Discipline,Low,synth_highacc,6,1
marks subject incorrect answer absent,Academics,Medium,synth_highacc,2,0
geyser bathroom leaking window water,Hostels,Low,synth_highacc,1,1
software display crashing download motherboard,IT Support,Low,synth_highacc,0,1
professor revaluation lesson lecture result,Academics,High,synth_highacc,2,2
drugs witness peddled haras patrol,Security / Discipline,Low,synth_highacc,6,1
dean application approval dean dean,Administration,Low,synth_highacc,7,1
maintenance pane needed hammer broken,Maintenance,Low,synth_highacc,4,1
mug soap strict hanger shampoo expensive,Hostels,Medium,synth_highacc,1,0
certificate seal processing application bonafide,Administration,Medium,synth_highacc,7,0
application letterhead rejected registration notary,Administration,High,synth_highacc,7,2
scholarship installment renewal invoice installment,Fees / Finance,Low,synth_highacc,3,1
loan payment application penalty audit,Fees / Finance,High,synth_highacc,3,2
sink exhaust pipe bathroom almirah,Hostels,High,synth_highacc,1,2
smuggling insulting fraud theft stalk,Security / Discipline,Medium,synth_highacc,6,0
i saw some graffiti on the wall of the new arts building it looks like it was done with permanent marker it would be good to get it cleaned off before more people add to it,Security / Discipline,Low,complaint_triage,6,1
the 4 00 pm shuttle route takes a very long detour through the construction site it adds 15 minutes to the trip for no reason is there a more direct path available,Transport,Low,complaint_triage,5,1
bully abusing complaint drugs assaulted,Security / Discipline,Low,synth_highacc,6,1
switch cleaning spark brick carpenter,Maintenance,Medium,synth_highacc,4,0
hammer sparking repairman screwdriver wire,Maintenance,Medium,synth_highacc,4,0
crack leak wall sparking pipeline,Maintenance,Medium,synth_highacc,4,0
egg oil cheap daal sauce,Canteen,High,synth_highacc,9,2
transaction pending error receipt penalty,Fees / Finance,Medium,synth_highacc,3,0
group deadline project subject topic,Academics,Low,synth_highacc,2,1
canteen lunch costly snack kitchen,Canteen,Medium,synth_highacc,9,0
curtain drainage shampoo geyser ventilator,Hostels,Medium,synth_highacc,1,0
server speed down laptop portal,IT Support,Medium,synth_highacc,0,0
report tease environment case fight,Security / Discipline,High,synth_highacc,6,2
counter desk reference overdue counter,Library,Medium,synth_highacc,8,0
assignment seminar deadline revaluation submission,Academics,High,synth_highacc,2,2
ethernet desktop wlan latency driver,IT Support,Medium,synth_highacc,0,0
volume article missing renew borrow,Library,Medium,synth_highacc,8,0
investigate arrest complaint molest threatened,Security / Discipline,Medium,synth_highacc,6,0
warden expensive permission staircase corridor,Hostels,Low,synth_highacc,1,1
vehicle ticket inspection stop gear,Transport,Medium,synth_highacc,5,0
notebook cancel correction missing schedule,Academics,High,synth_highacc,2,2
rice pickle undercook dinner glass,Canteen,High,synth_highacc,9,2
edition silent outdated audiobook article,Library,Medium,synth_highacc,8,0
computer crash cloud laptop log,IT Support,Low,synth_highacc,0,1
door bulb jammed floor grill,Maintenance,High,synth_highacc,4,2
soap strict missing shampoo warden,Hostels,Low,synth_highacc,1,1
vehicle headlight inspection cab bicycle,Transport,High,synth_highacc,5,2
abuse steal verbal suspicious corridor,Security / Discipline,Medium,synth_highacc,6,0
my dorm room was ransacked while i was at dinner my jewelry and my passport are missing the door was locked so i don t know how they got in,Security / Discipline,High,complaint_triage,6,2
i ve noticed a lot of non students using the campus gym lately they don t have badges and they are taking up all the equipment that we pay for with our tuition can we have stricter entrance checks,Security / Discipline,Low,complaint_triage,6,1
abuse interrogate case threaten corridor,Security / Discipline,Low,synth_highacc,6,1
topic paper unclear subject textbook,Academics,High,synth_highacc,2,2
locate counter shelf reading scan,Library,Low,synth_highacc,8,1
smoke molest banned kidnap smoke,Security / Discipline,Low,synth_highacc,6,1
borrow database index return section,Library,High,synth_highacc,8,2
report placement report lecture syllabus,Academics,Medium,synth_highacc,2,0
auto mandatory overcharge headlight petrol,Transport,Medium,synth_highacc,5,0
tuition loan remission card payment,Fees / Finance,Low,synth_highacc,3,1
conductor tyre behaviour battery seat,Transport,Low,synth_highacc,5,1
book section recommendation fiction newspaper,Library,Low,synth_highacc,8,1
auto rickshaw stop fuel brake,Transport,Low,synth_highacc,5,1
motherboard port processor computer email,IT Support,Medium,synth_highacc,0,0
thesis workshop approval professor seminar,Academics,Medium,synth_highacc,2,0
tap expensive dripping soap table,Hostels,Medium,synth_highacc,1,0
heater ventilator element sink mattress,Hostels,Low,synth_highacc,1,1
cctv security footage arrest examined threatened,Security / Discipline,Medium,synth_highacc,6,0
laundry fan service hostel detergent,Hostels,Medium,synth_highacc,1,0
exam workshop schedule group seminar,Academics,High,synth_highacc,2,2
hostel drainage noisy bed,Hostels,Low,synth_highacc,1,1
bed tap squeaky stinking service,Hostels,Low,synth_highacc,1,1
report delayed submission absent notebook,Academics,Medium,synth_highacc,2,0
battery battery draining battery fail,IT Support,Medium,synth_highacc,0,0
thesis delayed submission answer professor,Academics,Medium,synth_highacc,2,0
maintenance electrician needed fixture sparking,Maintenance,Medium,synth_highacc,4,0
rice counter sauce chapati plate,Canteen,Medium,synth_highacc,9,0
finance office lost my original demand draft i submitted it last week for the exam fee and have the receipt but now they say they can t find it and i need to pay again or i won t be allowed in the exam hall i cannot afford to pay twice please find the dd or accept my receipt as proof,Fees / Finance,High,complaint_triage,3,2
payment upi receipt refund grant,Fees / Finance,Medium,synth_highacc,3,0
the bus stop at the stadium doesn t have a roof when it s raining we all get soaked while waiting for the shuttle a simple shelter would be amazing,Transport,Low,complaint_triage,5,1
presentation lecturer homework group answer,Academics,Low,synth_highacc,2,1
lock on the balcony door is jammed i can t open the door to air out my room or dry my clothes it s been stuck for three days now please send someone with some lubricant or tools to fix the sliding mechanism,Hostels,Medium,complaint_triage,1,0
scholarship late outstanding tuition scholarship,Fees / Finance,Medium,synth_highacc,3,0
fan inverter speed slow blanket,Hostels,Low,synth_highacc,1,1
harass thieves harrash bully teased,Security / Discipline,High,synth_highacc,6,2
payment application gateway penalty fee,Fees / Finance,High,synth_highacc,3,2
enrollment delay number scholarship submission,Administration,Low,synth_highacc,7,1
legacy updater popup on login every day a legacy prompt appears at each login clicking it does nothing useful minor but breaks focus daily could we remove the startup task or retire the tool no functional need anymore happy to test post removal thanks for the cleanup,IT Support,Low,complaint_triage,0,1
slipper soap torn cotton mug,Hostels,Medium,synth_highacc,1,0
placement registration blocked due to incomplete fee status my bank statement shows all payments are up to date but the accounts branch says there s a 50 rupee discrepancy from 2023 this tiny error is stopping me from applying to the top 3 companies visiting campus tomorrow please resolve this technical glitch now,Fees / Finance,High,complaint_triage,3,2
request for a clock to be installed in the outdoor open classroom area we often have informal tutorials there and it s hard to keep track of the time without checking our phones constantly,Academics,Low,complaint_triage,2,1
sink bunk pipe bathroom mug,Hostels,Medium,synth_highacc,1,0
exam professor postponement schedule project,Academics,Low,synth_highacc,2,1
auto rickshaw license clutch battery,Transport,Medium,synth_highacc,5,0
menu expensive menu quality plate,Canteen,High,synth_highacc,9,2
the reference books mentioned in the syllabus are not available in the central library there is only one copy for a batch of 120 students and it has been issued for the last month we have a research paper due next week and cannot complete the bibliography please order more copies or provide an e book link,Academics,Medium,complaint_triage,2,0
protocol dns crash mac cloud,IT Support,Low,synth_highacc,0,1
ticket horn counter cab taxi,Transport,High,synth_highacc,5,2
theft weapon steals tease,Security / Discipline,Medium,synth_highacc,6,0
scholarship payable eligibility payment pending,Fees / Finance,Medium,synth_highacc,3,0
deduction reimbursement wrong balance fee,Fees / Finance,Low,synth_highacc,3,1
document rejected verification enrollment registrar,Administration,High,synth_highacc,7,2
floor carpenter mopping lock door,Maintenance,Medium,synth_highacc,4,0
bulb tube fused dust ceiling,Maintenance,High,synth_highacc,4,2
print newspaper black print penalty,Library,High,synth_highacc,8,2
research rack material thesis renew,Library,Low,synth_highacc,8,1
computer password shutdown laptop latency,IT Support,Low,synth_highacc,0,1
kitchen food stale meal bill,Canteen,Low,synth_highacc,9,1
exposed live wires in the laundry room the insulation on the heavy duty dryer cable has melted away someone using the machine is going to get a shock this needs to be cordoned off and fixed before the evening rush,Hostels,High,complaint_triage,1,2
ethernet offline wlan internet update,IT Support,Low,synth_highacc,0,1
valve gutter paint handle fused,Maintenance,Medium,synth_highacc,4,0
account treasury credited deduction refund,Fees / Finance,Low,synth_highacc,3,1
certificate submit issue issue affidavit,Administration,High,synth_highacc,7,2
cycle bicycle shuttle vehicle rickshaw,Transport,Low,synth_highacc,5,1
transaction online credited bank outstanding,Fees / Finance,Low,synth_highacc,3,1
bucket soap cracked roommate laundry,Hostels,Medium,synth_highacc,1,0
registration verification completed requested verification,Administration,Medium,synth_highacc,7,0
stalk threatened stalking danger camera,Security / Discipline,Medium,synth_highacc,6,0
hardware browser firmware patch cable,IT Support,Low,synth_highacc,0,1
official signature letter migration notary,Administration,High,synth_highacc,7,2
threaten teasing life haras incident,Security / Discipline,High,synth_highacc,6,2
cab numberplate unavailable windscreen shuttle,Transport,High,synth_highacc,5,2
taillight windscreen damaged gear seat,Transport,High,synth_highacc,5,2
getting insufficient privileges on the portal i did the training last month why is it still blocking me there are no cases yet but i need to make sure i m ready to go,IT Support,Low,complaint_triage,0,1
bill juice cup rate pickle,Canteen,High,synth_highacc,9,2
vegetable oil sauce chicken drink,Canteen,High,synth_highacc,9,2
presentation postpone evaluated professor marks,Academics,High,synth_highacc,2,2
stolen working accused harassment hostel,Security / Discipline,High,synth_highacc,6,2
bucket almirah cracked cotton ventilator,Hostels,Low,synth_highacc,1,1
stolen complaint stalking harassment murder,Security / Discipline,Medium,synth_highacc,6,0
drill construction noise hole cracked,Maintenance,Medium,synth_highacc,4,0
pipe roof burst screwdriver mopping,Maintenance,Low,synth_highacc,4,1
valve repair damaged fix leak,Maintenance,High,synth_highacc,4,2
stolen arrest abuse harassment smuggling,Security / Discipline,High,synth_highacc,6,2
shelf rack section journal periodical,Library,Low,synth_highacc,8,1
i saw a student handing out flyers for an illegal gambling ring happening in the basement of the dorms they are betting large amounts of money and things are getting tense between players,Security / Discipline,Medium,complaint_triage,6,0
diesel cab petrol pickup accident,Transport,Medium,synth_highacc,5,0
van horn overloaded brake meter,Transport,High,synth_highacc,5,2
software log license printer update,IT Support,Medium,synth_highacc,0,0
deposit credit refund grant netbanking,Fees / Finance,Low,synth_highacc,3,1
meal chapati spoiled worth plate,Canteen,High,synth_highacc,9,2
trespass bullied stole vandalism steal,Security / Discipline,Medium,synth_highacc,6,0
spoon daal breakfast fork tea,Canteen,Low,synth_highacc,9,1
refund fee process netbanking interest,Fees / Finance,Low,synth_highacc,3,1
drugs prohibited peddling prohibited abuse,Security / Discipline,Medium,synth_highacc,6,0
wire wrench exposed lock peeling,Maintenance,Medium,synth_highacc,4,0
drugs report peddled violence unsafe,Security / Discipline,Medium,synth_highacc,6,0
socket fuse bulb leak hammer,Maintenance,High,synth_highacc,4,2
toilet bed blocked soap stinking,Hostels,High,synth_highacc,1,2
document notice verification admission missing,Administration,Medium,synth_highacc,7,0
i just saw someone climb through a window on the first floor of the girls hostel they were wearing a hoodie and definitely didn t look like they lived there this happened about two minutes ago,Security / Discipline,High,complaint_triage,6,2
withdrawal arrear withdrawal tuition pending,Fees / Finance,Medium,synth_highacc,3,0
publisher ebook details librarian volume,Library,Medium,synth_highacc,8,0
i think i left my wallet in the cafeteria around 12 30 pm it s a small black cardholder with my student id and some cash if anyone turned it in please let me know,Security / Discipline,Low,complaint_triage,6,1
report credit submission question project,Academics,High,synth_highacc,2,2
cashier fee counter refund payment,Fees / Finance,High,synth_highacc,3,2
bill budget incorrect late remit,Fees / Finance,Medium,synth_highacc,3,0
salad curry cheap sauce mess,Canteen,High,synth_highacc,9,2
accident bicycle reported indicator helmet,Transport,High,synth_highacc,5,2
reading section area expired citation,Library,High,synth_highacc,8,2
fare stop refund indicator auto,Transport,Medium,synth_highacc,5,0
quiz credit score credit report,Academics,Low,synth_highacc,2,1
router modem scanner install working,IT Support,Low,synth_highacc,0,1
server computer maintenance cache crash,IT Support,High,synth_highacc,0,2
hygiene snack poor glass oil,Canteen,Low,synth_highacc,9,1
pigeon droppings in the balcony area there is a huge mess on the 4th floor ledge that is attracting flies and smells bad we need a professional cleaning and maybe some netting to keep the birds away from the residential area,Hostels,Medium,complaint_triage,1,0
dinner plate lunch snack canteen,Canteen,High,synth_highacc,9,2
backup download restore upload cable,IT Support,High,synth_highacc,0,2
transaction gst failed treasury transfer,Fees / Finance,Low,synth_highacc,3,1
fare seat increased headlight provided,Transport,Medium,synth_highacc,5,0
pipe hinge burst burst repairman,Maintenance,Medium,synth_highacc,4,0
shampoo bathroom finished tap mug,Hostels,High,synth_highacc,1,2
parking shuttle full seat conductor,Transport,Low,synth_highacc,5,1
printer router jam ethernet fail,IT Support,High,synth_highacc,0,2
penalty rack charged membership ebook,Library,Low,synth_highacc,8,1
regulation stamp strict regulation fee,Administration,Low,synth_highacc,7,1
backup projector restore down authentication,IT Support,Medium,synth_highacc,0,0
printer bluetooth offline cloud laptop,IT Support,Low,synth_highacc,0,1
complaint cctv registered fight threatened,Security / Discipline,Low,synth_highacc,6,1
interrogate arrest suspect steals steal,Security / Discipline,Medium,synth_highacc,6,0
mattress cotton hard pillow laundry,Hostels,Medium,synth_highacc,1,0
traffic vehicle jam provided fare,Transport,Medium,synth_highacc,5,0
aisle reading light reference book,Library,Low,synth_highacc,8,1
drain tube overflowing electrician switch,Maintenance,High,synth_highacc,4,2
dust fused pane drill ceiling,Maintenance,High,synth_highacc,4,2
stair worn railing burst hole,Maintenance,Low,synth_highacc,4,1
catalogue search search author scan,Library,Low,synth_highacc,8,1
journal subscription subscription desk renew,Library,High,synth_highacc,8,2
food milk shortage cook spoil,Canteen,Low,synth_highacc,9,1
membership counter expire absent membership,Library,High,synth_highacc,8,2
projector antivirus blurry bluetooth install,IT Support,Medium,synth_highacc,0,0
my bus pass was overcharged this month i usually pay for the student discount rate but the system took the full faculty amount i need a refund of the difference,Transport,Medium,complaint_triage,5,0
numberplate charges cycle driver gear,Transport,Medium,synth_highacc,5,0
accident gear reported battery provided,Transport,Low,synth_highacc,5,1
reading silent book desk scan,Library,Medium,synth_highacc,8,0
dinner rice sabzi snack spoil,Canteen,Medium,synth_highacc,9,0
circular missing issued notarized signature,Administration,High,synth_highacc,7,2
i found a set of keys near the sports field they have a class of 2024 keychain i ve left them with the front desk but wanted to make sure there s a record in case the owner calls,Security / Discipline,Low,complaint_triage,6,1
vpn keyboard disconnecting protocol ip,IT Support,Low,synth_highacc,0,1
letterhead submit format guideline missing,Administration,Low,synth_highacc,7,1
project syllabus submission quiz credit,Academics,Medium,synth_highacc,2,0
project faculty submission topic internship,Academics,Medium,synth_highacc,2,0
auto clutch overcharge vehicle schedule,Transport,High,synth_highacc,5,2
dust plumber construction drill pipe,Maintenance,High,synth_highacc,4,2
membership overdue renewal article author,Library,High,synth_highacc,8,2
document letterhead verification notarized requested,Administration,Low,synth_highacc,7,1
journal journal missing desk reading,Library,High,synth_highacc,8,2
quiz grade timetable assignment revaluation,Academics,Medium,synth_highacc,2,0
regulation signature strict form notary,Administration,Medium,synth_highacc,7,0
overcharge menu taste water canteen,Canteen,Medium,synth_highacc,9,0
sexual abused harrash security disrespect,Security / Discipline,High,synth_highacc,6,2
route auto changed diesel schedule,Transport,Low,synth_highacc,5,1
spoon chapati plate fork snack,Canteen,Low,synth_highacc,9,1
patrol bullied caught investigate scam,Security / Discipline,Low,synth_highacc,6,1
degree quiz final diploma delay,Academics,Low,synth_highacc,2,1
arrest stolen security offence harass,Security / Discipline,Medium,synth_highacc,6,0
cctv abuse footage teased fight,Security / Discipline,Medium,synth_highacc,6,0
bus mandatory overcrowded driver schedule,Transport,Medium,synth_highacc,5,0
pipeline maintenance floor fixture maintenance,Maintenance,Medium,synth_highacc,4,0
reference periodical section expired print,Library,Low,synth_highacc,8,1
guideline regulation followed endorse notarized,Administration,Low,synth_highacc,7,1
ragging abusing stopped tease fir,Security / Discipline,High,synth_highacc,6,2
chapati counter hard food drink,Canteen,Low,synth_highacc,9,1
bus ticket cleaning taxi conductor,Transport,Low,synth_highacc,5,1
battery driver dead fuel pickup,Transport,Low,synth_highacc,5,1
registration bonafide deadline letterhead registration,Administration,Medium,synth_highacc,7,0
printer portal ip not freeze,IT Support,Medium,synth_highacc,0,0
request for better signage for the different blocks visitors often get confused between block a and block b because the letters on the buildings are small and hard to read from the road,Hostels,Low,complaint_triage,1,1
violence rape physical thief threatened,Security / Discipline,Low,synth_highacc,6,1
form notarized download fee verification,Administration,Low,synth_highacc,7,1
email reboot mouse password down,IT Support,Medium,synth_highacc,0,0
certificate form issue notice bonafide,Administration,Low,synth_highacc,7,1
table pillow wobbling detergent towel,Hostels,High,synth_highacc,1,2
borrow audiobook limit stack card,Library,Low,synth_highacc,8,1
carpenter leak furniture worn gutter,Maintenance,Medium,synth_highacc,4,0
stranger prohibited entry rape scam,Security / Discipline,High,synth_highacc,6,2
audit deposit report stipend processed,Fees / Finance,Medium,synth_highacc,3,0
browser ssd cache display working,IT Support,Medium,synth_highacc,0,0
question subject paper internship faculty,Academics,Medium,synth_highacc,2,0
firewall password restricting restart email,IT Support,Low,synth_highacc,0,1
counter chicken staff coffee coffee,Canteen,High,synth_highacc,9,2
drain wrench overflowing exposed crack,Maintenance,Medium,synth_highacc,4,0
configure ssd setup bluetooth install,IT Support,Low,synth_highacc,0,1
research abstract paper search bibliography,Library,High,synth_highacc,8,2
menu water drink quality stale,Canteen,High,synth_highacc,9,2
cctv fought footage bully examined weapon,Security / Discipline,High,synth_highacc,6,2
internship thesis opportunity seminar diploma,Academics,Low,synth_highacc,2,1
interest transaction fee waiver concession,Fees / Finance,High,synth_highacc,3,2
towel geyser rough geyser cotton,Hostels,Low,synth_highacc,1,1
grant credited approved finance netbanking,Fees / Finance,High,synth_highacc,3,2
error crash crash patch login,IT Support,Medium,synth_highacc,0,0
fight injured broke threaten assault,Security / Discipline,High,synth_highacc,6,2
lecture lesson timing missing absent,Academics,Low,synth_highacc,2,1
book desk damaged locate shelf,Library,Medium,synth_highacc,8,0
counter queue staff overcharge spoon,Canteen,Low,synth_highacc,9,1
bitlocker recovery key requested after normal reboot unexpected key prompt appeared please provide key or explain trigger,IT Support,Medium,complaint_triage,0,0
pipe valve rusted crack worn,Maintenance,High,synth_highacc,4,2
abuse harrash verbal evidence harass,Security / Discipline,Medium,synth_highacc,6,0
result subject published tutorial topic,Academics,Low,synth_highacc,2,1
toilet blanket blocked exhaust water,Hostels,Low,synth_highacc,1,1
workshop missing schedule tutorial scholar,Academics,Low,synth_highacc,2,1
deadline status extension application hostel,Administration,High,synth_highacc,7,2
pipe repair joint peeling construction,Maintenance,Medium,synth_highacc,4,0
scholarship invoice application tuition fee,Fees / Finance,High,synth_highacc,3,2
payment grant failed cleared statement,Fees / Finance,Low,synth_highacc,3,1
ticket headlight indicator seat clutch,Transport,Low,synth_highacc,5,1
mouse authentication clicking speed slow,IT Support,Low,synth_highacc,0,1
window almirah shutter flush toilet,Hostels,Medium,synth_highacc,1,0
rice juice undercook fresh worth,Canteen,Low,synth_highacc,9,1
renew fiction counter fine expired,Library,Low,synth_highacc,8,1
scanner login detecting vpn cloud,IT Support,Medium,synth_highacc,0,0
warden hostel strict almirah blanket,Hostels,Low,synth_highacc,1,1
bus bicycle late conductor conductor,Transport,Medium,synth_highacc,5,0
magazine available torn author thesis,Library,High,synth_highacc,8,2
projector ram ethernet cable bandwidth,IT Support,Low,synth_highacc,0,1
cup worth spoil glass spoon,Canteen,Low,synth_highacc,9,1
meal kitchen spoiled canteen water,Canteen,Medium,synth_highacc,9,0
mirror vehicle cracked charges cab,Transport,High,synth_highacc,5,2
request to adjust excess mess fees against the next semester s tuition i have a credit of 4 000 from the last semester and instead of a refund i d prefer it to be used to reduce my next bill i was told i need a written request for this please confirm if this is approved,Fees / Finance,Medium,complaint_triage,3,0
vehicle overcrowded inspection mandatory provided,Transport,Medium,synth_highacc,5,0
backup adapter restore modem login,IT Support,High,synth_highacc,0,2
cycle accident stolen brake helmet,Transport,Low,synth_highacc,5,1
headlight taillight vehicle clutch fare,Transport,Medium,synth_highacc,5,0
report deadline report lecture score,Academics,Medium,synth_highacc,2,0
i saw a man taking photos of students through the windows of the locker rooms he ran away when he realized i saw him he was wearing a grey hoodie and carrying a professional camera,Security / Discipline,High,complaint_triage,6,2
construction replace noise wire broken,Maintenance,High,synth_highacc,4,2
fare accident refund pickup bicycle,Transport,Low,synth_highacc,5,1
bucket cupboard cracked shampoo detergent,Hostels,Low,synth_highacc,1,1
fine section calculation ebook magazine,Library,Medium,synth_highacc,8,0
ragging investigate culprit fight insult,Security / Discipline,Medium,synth_highacc,6,0
drainage locker clogged shampoo warden,Hostels,Low,synth_highacc,1,1
online receipt payment payable withdrawal,Fees / Finance,Low,synth_highacc,3,1
i left my lab notebook on the bus yesterday it has all my data for my thesis i am desperate to find it please let me know if it s in the lost and found,Transport,High,complaint_triage,5,2
warden stinking bunk toilet,Hostels,Medium,synth_highacc,1,0
vegetable snack oily glass menu,Canteen,Medium,synth_highacc,9,0
stair pipe railing repairman damage,Maintenance,Low,synth_highacc,4,1
cement brick urgent pipeline urgent,Maintenance,Low,synth_highacc,4,1
browser driver offline download battery,IT Support,High,synth_highacc,0,2
drain sweeping overflowing plumber drain,Maintenance,Medium,synth_highacc,4,0
scam complaint cybercrime corridor robbery,Security / Discipline,Medium,synth_highacc,6,0
invoice cashier duplicate fee bank,Fees / Finance,Medium,synth_highacc,3,0
fee finance waiver card transaction,Fees / Finance,High,synth_highacc,3,2
my lecture slides for the faculty presentation just stoped working it shows the splash screen then disappears i tried safe mode like google said but it didnt help i m presenting in 90 minutes please help me,IT Support,High,complaint_triage,0,2
alcohol weapon victim smoke interrogate,Security / Discipline,Medium,synth_highacc,6,0
cleaning urgent required damage grill,Maintenance,High,synth_highacc,4,2
citation nonfiction format reading stack,Library,Low,synth_highacc,8,1
scan bibliography counter librarian photocopy,Library,Low,synth_highacc,8,1
driver seat conductor conductor charges,Transport,Low,synth_highacc,5,1
backup install connect bandwidth ethernet,IT Support,High,synth_highacc,0,2
audit withdrawal report account treasury,Fees / Finance,High,synth_highacc,3,2
install configure motherboard port wifi,IT Support,Low,synth_highacc,0,1
steal molested incident thief raped,Security / Discipline,Low,synth_highacc,6,1
silent volume zone research nonfiction,Library,High,synth_highacc,8,2
salad quality kitchen sauce cup,Canteen,High,synth_highacc,9,2
citation catalogue format photocopy membership,Library,Medium,synth_highacc,8,0
coffee egg bitter plate meal,Canteen,Low,synth_highacc,9,1
drill hole noise paint fuse,Maintenance,Low,synth_highacc,4,1
taste kitchen bad water menu,Canteen,Medium,synth_highacc,9,0
detergent heater corridor hanger noisy,Hostels,High,synth_highacc,1,2
weapon guard found unsafe stranger,Security / Discipline,Medium,synth_highacc,6,0
socket hole loose switch fixture,Maintenance,Low,synth_highacc,4,1
counter dinner staff sauce bill,Canteen,High,synth_highacc,9,2
socket fuse ceiling bulb maintenance,Maintenance,Low,synth_highacc,4,1
milk kitchen daal food curry,Canteen,Low,synth_highacc,9,1
seat cab reserved gear taxi,Transport,Medium,synth_highacc,5,0
scholarship budget renewal application statement,Fees / Finance,High,synth_highacc,3,2
procedure certificate lengthy notarized verification,Administration,Medium,synth_highacc,7,0
bully trespass complaint assault thief,Security / Discipline,Low,synth_highacc,6,1
transaction treasury error outstanding transaction,Fees / Finance,Medium,synth_highacc,3,0
journal borrow missing database audiobook,Library,High,synth_highacc,8,2
research renew paper locate nonfiction,Library,Low,synth_highacc,8,1
gear license problem charges rickshaw,Transport,High,synth_highacc,5,2
bill fresh overcharge rice milk,Canteen,Medium,synth_highacc,9,0
internship midterm opportunity deadline group,Academics,High,synth_highacc,2,2
the staplers provided in the assignment submission room are always out of pins it s a small inconvenience but it would be great if the department could keep a small stock of staples there for the students,Academics,Low,complaint_triage,2,1
guideline dean followed signature dean,Administration,High,synth_highacc,7,2
borrow citation limit book magazine,Library,Medium,synth_highacc,8,0
scan silent document journal book,Library,Low,synth_highacc,8,1
ticket diesel counter overcrowded shuttle,Transport,Medium,synth_highacc,5,0
official registration letter certificate clerk,Administration,Medium,synth_highacc,7,0
migration status certificate signature document,Administration,Low,synth_highacc,7,1
laundry detergent machine expensive heating,Hostels,High,synth_highacc,1,2
attack insult robbery abused working,Security / Discipline,Medium,synth_highacc,6,0
van windscreen overloaded van provided,Transport,Low,synth_highacc,5,1
persistent coil whine on assigned laptop there s a high pitched tone under light load not critical but distracting in quiet study rooms temperatures and performance are normal is a replacement warranted bios and firmware updated already open to testing another power adapter thanks for reviewing,IT Support,Low,complaint_triage,0,1
project tutorial guide schedule project,Academics,Medium,synth_highacc,2,0
processing processing slow transfer circular,Administration,Medium,synth_highacc,7,0
tube electrician flicker leaking handle,Maintenance,Low,synth_highacc,4,1
cotton stinking bucket pillow mattress,Hostels,High,synth_highacc,1,2
registration awaiting slip clerk attestation,Administration,High,synth_highacc,7,2
the signage for the different wings is starting to fade new students are getting confused because the block b sign is hard to read from the entrance it would be nice to have them repainted or replaced with bolder text,Maintenance,Low,complaint_triage,4,1
paint pane job garbage gutter,Maintenance,High,synth_highacc,4,2
heater blanket element exhaust corridor,Hostels,Medium,synth_highacc,1,0
shuttle van diesel seat traffic,Transport,High,synth_highacc,5,2
i was told my scholarship would be disbursed by the first week of the month it s now the third week and i don t have enough money to pay my rent or buy groceries i need to know exactly when the funds will be released,Administration,High,complaint_triage,7,2
dinner water cheap snack queue,Canteen,Low,synth_highacc,9,1
reading journal area return abstract,Library,Medium,synth_highacc,8,0
request to map departmental research share i need read write access to the biology research drive the path in the wiki returns access denied could you confirm my group membership and map the drive no elevated privileges required,IT Support,Low,complaint_triage,0,1
subject lecturer registration postpone internship,Academics,High,synth_highacc,2,2
stolen interrogate theft harassment attack,Security / Discipline,High,synth_highacc,6,2
the paint in the study room is a bit scuffed it s not a major issue but the walls look a bit dirty from where chairs have rubbed against them a fresh coat of white paint would make the room feel much brighter and cleaner,Maintenance,Low,complaint_triage,4,1
valve window damaged gutter exposed,Maintenance,Medium,synth_highacc,4,0
workshop subject registration delay absent,Academics,High,synth_highacc,2,2
scholarship rejected form status circular,Administration,Low,synth_highacc,7,1
unsafe harassment feel threatened accused,Security / Discipline,Medium,synth_highacc,6,0
return zone reminder article citation,Library,High,synth_highacc,8,2
processing pending slow examination migration,Administration,High,synth_highacc,7,2
practical postpone missed schedule timetable,Academics,High,synth_highacc,2,2
tutorial answer extra lecture textbook,Academics,Low,synth_highacc,2,1
deadline processing extension regulation regulation,Administration,High,synth_highacc,7,2
threaten accused life murder abusing,Security / Discipline,High,synth_highacc,6,2
midterm delay question final schedule,Academics,High,synth_highacc,2,2
server dns maintenance speed reboot,IT Support,Low,synth_highacc,0,1
quiz report revaluation timetable postpone,Academics,High,synth_highacc,2,2
approval delay affidavit signature processing,Administration,Low,synth_highacc,7,1
steal steals camera thief prohibited,Security / Discipline,High,synth_highacc,6,2
laundry cotton machine curtain roommate,Hostels,Medium,synth_highacc,1,0
fixture stair replacement jammed tube,Maintenance,Medium,synth_highacc,4,0
software modem license monitor mac,IT Support,Low,synth_highacc,0,1
verification examination pending attestation pending,Administration,Medium,synth_highacc,7,0
towel bucket towel stinking chair,Hostels,High,synth_highacc,1,2
accused harrash witness witness trespass,Security / Discipline,Low,synth_highacc,6,1
notebook final correction mentor grading,Academics,Low,synth_highacc,2,1
approval certificate awaited official submission,Administration,Low,synth_highacc,7,1
budget bank allocation credited credit,Fees / Finance,High,synth_highacc,3,2
warden pillow heater mosquito,Hostels,Medium,synth_highacc,1,0
diploma assignment verification answer absent,Academics,High,synth_highacc,2,2
bullied murder harassed evidence laptop,Security / Discipline,High,synth_highacc,6,2
internet restart slow cable fail,IT Support,Low,synth_highacc,0,1
indicator battery broken pickup shuttle,Transport,Medium,synth_highacc,5,0
volume photocopy missing catalogue librarian,Library,High,synth_highacc,8,2
cctv smoke footage haras examined assaulted,Security / Discipline,Low,synth_highacc,6,1
registration requested slip deadline scholarship,Administration,Medium,synth_highacc,7,0
pickup provided missed horn petrol,Transport,Low,synth_highacc,5,1
attestation certificate signature issue application,Administration,Low,synth_highacc,7,1
midterm mentor schedule final deadline,Academics,Low,synth_highacc,2,1
ssd printer storage mac scanner,IT Support,High,synth_highacc,0,2
bill bill payment debit transfer,Fees / Finance,High,synth_highacc,3,2
helmet headlight bicycle license seat,Transport,Medium,synth_highacc,5,0
migration pending certificate transfer fee,Administration,Low,synth_highacc,7,1
notice rejected board circular letterhead,Administration,Medium,synth_highacc,7,0
my bus pass stopped working after i put it near my phone is there a way to get a replacement without paying the 20 fee since it s just a technical error,Transport,Medium,complaint_triage,5,0
renovation worn renovation construction switch,Maintenance,High,synth_highacc,4,2
submission notarized pending issue signature,Administration,High,synth_highacc,7,2
stranger camera entry victim stalk,Security / Discipline,Medium,synth_highacc,6,0
deduction budget wrong late cashier,Fees / Finance,Medium,synth_highacc,3,0
hygiene fresh poor cook sauce,Canteen,Low,synth_highacc,9,1
bunk locker dirty hostel sink,Hostels,Medium,synth_highacc,1,0
roommate pillow heater towel,Hostels,Medium,synth_highacc,1,0
vehicle windscreen breakdown mandatory petrol,Transport,High,synth_highacc,5,2
lecture viva timing placement lesson,Academics,High,synth_highacc,2,2
curtain fan damaged hostel almirah,Hostels,Medium,synth_highacc,1,0
could the maintenance team check the alignment of the lockers in block c some of them are slightly slanted which makes the whole row look a bit disorganized it s a very minor structural fix,Maintenance,Low,complaint_triage,4,1
shuttle fuel cancelled cab taxi,Transport,Medium,synth_highacc,5,0
toilet door blocked table exhaust,Hostels,Low,synth_highacc,1,1
kitchen vegetable hygiene drink taste,Canteen,Low,synth_highacc,9,1
structural crack widened significantly on the 2nd floor balcony after the minor tremor last night the gap in the concrete has doubled in size we are worried about the balcony s weight bearing capacity please cordon off the area and send a civil engineer to inspect the stability today,Maintenance,High,complaint_triage,4,2
keyboard mouse firmware error download,IT Support,Medium,synth_highacc,0,0
canteen mess bill cup,Canteen,Low,synth_highacc,9,1
inverter mattress backup dirty soap,Hostels,High,synth_highacc,1,2
approval seal processing signature status,Administration,Low,synth_highacc,7,1
gear stop problem bicycle diesel,Transport,Low,synth_highacc,5,1
magazine scan latest scan magazine,Library,Low,synth_highacc,8,1
exam professor postponement seminar workshop,Academics,Low,synth_highacc,2,1
interest deduction rate deposit application,Fees / Finance,High,synth_highacc,3,2
credit debit arrear credited finance,Fees / Finance,High,synth_highacc,3,2
printer charger desktop not upload,IT Support,High,synth_highacc,0,2
coffee food bitter canteen fork,Canteen,High,synth_highacc,9,2
installment finance loan receipt bank,Fees / Finance,High,synth_highacc,3,2
bank penalty transfer pending bank,Fees / Finance,High,synth_highacc,3,2
persistent dampness on the wall of room 215 ever since the rains started a large wet patch has appeared and mold is starting to grow it smells very musty and is affecting my breathing at night we need a waterproofing specialist to check the exterior wall,Maintenance,Medium,complaint_triage,4,0
fir abusing lodged culprit smoke,Security / Discipline,Low,synth_highacc,6,1
finance installment section upi credit,Fees / Finance,Low,synth_highacc,3,1
my thesis backup failed and says quota exceeded i literally cannot lose this data can you just give me more space for like a week,IT Support,High,complaint_triage,0,2
application attestation fee form certificate,Administration,High,synth_highacc,7,2
bill statement incorrect card arrear,Fees / Finance,Low,synth_highacc,3,1
counter nonfiction staff photocopy search,Library,High,synth_highacc,8,2
balcony flush washroom corridor exhaust,Hostels,Medium,synth_highacc,1,0
finance netbanking section deposit tax,Fees / Finance,Medium,synth_highacc,3,0
smoke harrash banned unsafe smoke,Security / Discipline,High,synth_highacc,6,2
violence stole physical robbery ragging,Security / Discipline,Medium,synth_highacc,6,0
certificate scholarship issue certificate registrar,Administration,Medium,synth_highacc,7,0
ceiling cleaning damp ceiling brick,Maintenance,Low,synth_highacc,4,1
trespass harassed prohibited camera teased,Security / Discipline,Medium,synth_highacc,6,0
can we get a digital tracker for the shuttle sometimes the bus arrives five minutes early and we miss it and other times it s ten minutes late and we re just standing there wondering if it s coming at all,Transport,Low,complaint_triage,5,1
journal citation subscription author reading,Library,High,synth_highacc,8,2
someone is using the university s name and logo to run a scam on social media asking for tuition deposits via venmo several students have already lost money,Security / Discipline,Medium,complaint_triage,6,0
the gate to the construction site is wide open and there are kids playing on the scaffolding it s really dangerous and someone is going to fall and get killed,Security / Discipline,High,complaint_triage,6,2
menu milk rate quality glass,Canteen,Low,synth_highacc,9,1
breakfast sabzi menu expensive oil,Canteen,Low,synth_highacc,9,1
coffee vegetable bitter dinner curry,Canteen,High,synth_highacc,9,2
verification verification pending regulation policy,Administration,Medium,synth_highacc,7,0
finance treasury cashier tax bank,Fees / Finance,High,synth_highacc,3,2
sabzi daal spoon pickle fresh,Canteen,High,synth_highacc,9,2
statement withdrawal account bill charges,Fees / Finance,Medium,synth_highacc,3,0
geyser bathroom leaking detergent ventilator,Hostels,Low,synth_highacc,1,1
toilet cupboard blocked heating toilet,Hostels,Low,synth_highacc,1,1
chapter subject summary diploma teacher,Academics,Medium,synth_highacc,2,0
tyre auto puncture gear traffic,Transport,Low,synth_highacc,5,1
common room tv remote is missing or broken we haven t been able to change the channel or adjust the volume for several days it s a small issue but it makes the space unusable for the evening news or sports please provide a new remote,Hostels,Medium,complaint_triage,1,0
sink bucket pipe bunk stinking,Hostels,Medium,synth_highacc,1,0
ta access denied to grading dashboard i m assigned as ta but can t access grading students await feedback today please add correct role or elevate access time sensitive,IT Support,High,complaint_triage,0,2
evidence victim destroyed security working,Security / Discipline,Low,synth_highacc,6,1
seminar postpone postponed quiz credit,Academics,Low,synth_highacc,2,1
newspaper catalogue librarian article silent,Library,Medium,synth_highacc,8,0
latency charger patch connectivity monitor,IT Support,Low,synth_highacc,0,1
lunch stale vegetable breakfast glass,Canteen,Medium,synth_highacc,9,0
there is a tree branch that has partially fallen and is hanging over the main walking path it looks like it could fall the rest of the way at any moment,Security / Discipline,Medium,complaint_triage,6,0
fine publisher calculation periodical almanac,Library,Low,synth_highacc,8,1
router shutdown rebooting email shutdown,IT Support,High,synth_highacc,0,2
configure download setup projector computer,IT Support,High,synth_highacc,0,2
charges bank deduction outstanding gst,Fees / Finance,Low,synth_highacc,3,1
milk water sour overcharge fresh,Canteen,High,synth_highacc,9,2
training thesis program syllabus tutorial,Academics,High,synth_highacc,2,2
renew desk database fine reference,Library,Low,synth_highacc,8,1
antivirus hardware vpn firewall mouse,IT Support,High,synth_highacc,0,2
warden hanger heater bunk,Hostels,Low,synth_highacc,1,1
slipper strict bunk bed almirah,Hostels,High,synth_highacc,1,2
the clock in the mess hall is five minutes fast it causes a bit of confusion during breakfast when we are trying to catch the early campus shuttle it would be great if it could be synced with the actual time,Hostels,Low,complaint_triage,1,1
suggestion to add a feedback button directly on the lms for each lecture it would be an easy way for students to let the professor know if they found a particular topic too fast or too slow in real time,Academics,Low,complaint_triage,2,1
drill garbage noise stair fixture,Maintenance,Low,synth_highacc,4,1
affidavit status sworn notary notice,Administration,High,synth_highacc,7,2
processing pending circular policy processing,Administration,Low,synth_highacc,7,1
carpenter exposed lock leak floor,Maintenance,Low,synth_highacc,4,1
sexual threaten harrash stalking kidnap,Security / Discipline,Low,synth_highacc,6,1
vpn wifi keyboard server authentication,IT Support,Low,synth_highacc,0,1
plaster drain falling urgent renovation,Maintenance,High,synth_highacc,4,2
chapter question professor textbook grading,Academics,High,synth_highacc,2,2
electrician lock wiring socket gutter,Maintenance,High,synth_highacc,4,2
mosquito window infestation heater heating,Hostels,High,synth_highacc,1,2
index return page card penalty,Library,High,synth_highacc,8,2
budget installment allocation interest online,Fees / Finance,High,synth_highacc,3,2
submission signature late notice hostel,Administration,Low,synth_highacc,7,1
report report submission timetable textbook,Academics,Medium,synth_highacc,2,0
the bus driver missed my stop even though i pulled the cord well in advance when i told him he just shrugged and told me to get off at the next one,Transport,Medium,complaint_triage,5,0
tile pipe fix fuse switch,Maintenance,Low,synth_highacc,4,1
seat windscreen broken conductor gear,Transport,Medium,synth_highacc,5,0
harassment trespass filed stolen patrol,Security / Discipline,Low,synth_highacc,6,1
volume thesis missing reference reading,Library,Medium,synth_highacc,8,0
wrench ladder socket pipeline hinge,Maintenance,Medium,synth_highacc,4,0
schedule conductor weekend petrol pickup,Transport,High,synth_highacc,5,2
sso login loop preventing access to the course selection portal the elective registration opened at 10 am and the popular courses are filling up in minutes i am stuck on the login screen while my peers are already finishing their selections this is unfair and i need my account access restored before all seats are gone,Academics,High,complaint_triage,2,2
ragging ragging fought fight evidence,Security / Discipline,Medium,synth_highacc,6,0
bibliography subscription section author membership,Library,Medium,synth_highacc,8,0
inverter cotton backup inverter geyser,Hostels,Low,synth_highacc,1,1
borrow membership membership return renew,Library,Medium,synth_highacc,8,0
horn helmet not cab charges,Transport,Low,synth_highacc,5,1
driver stop meter conductor provided,Transport,Medium,synth_highacc,5,0
carpenter wire crack leak drain,Maintenance,High,synth_highacc,4,2
processing guideline slow approval deadline,Administration,High,synth_highacc,7,2
locked out of university git after losing 2fa device i lost my phone at the gym and i didn t save my backup codes for git i need to submit my assignment by midnight i have my student id to prove who i am help,IT Support,Low,complaint_triage,0,1
danger steals warning complaint stalk,Security / Discipline,High,synth_highacc,6,2
roof switch sheet floor crack,Maintenance,Low,synth_highacc,4,1
drill exposed noise burst plaster,Maintenance,High,synth_highacc,4,2
latency desktop monitor connectivity wifi,IT Support,Medium,synth_highacc,0,0
email bluetooth usb password reboot,IT Support,High,synth_highacc,0,2
abstract magazine journal newspaper abstract,Library,High,synth_highacc,8,2
fuel pickup shortage windscreen brake,Transport,High,synth_highacc,5,2
return book date publisher scan,Library,High,synth_highacc,8,2
construction dust debris pipeline mopping,Maintenance,Medium,synth_highacc,4,0
hanger roommate broken ventilator bed,Hostels,Medium,synth_highacc,1,0
project schedule submission grade question,Academics,Medium,synth_highacc,2,0
exam postpone postponement assignment answer,Academics,High,synth_highacc,2,2
snack chicken items drink bill,Canteen,Medium,synth_highacc,9,0
diploma group verification report postpone,Academics,High,synth_highacc,2,2
registrar registration office sworn awaiting,Administration,Low,synth_highacc,7,1
tuition upi remission audit account,Fees / Finance,High,synth_highacc,3,2
bill pickle canteen rate lunch,Canteen,High,synth_highacc,9,2
professor is taking extra classes during the lunch break every day we don t have enough time to eat or refresh between the morning and afternoon sessions while we appreciate the extra help it s becoming physically draining can these sessions be moved to the official zero hour,Academics,Medium,complaint_triage,2,0
enrollment submission bonafide registration notary,Administration,Medium,synth_highacc,7,0
roof ceiling sheet tube electrician,Maintenance,High,synth_highacc,4,2
threaten attack life accused investigate,Security / Discipline,High,synth_highacc,6,2
subject mentor elective cancel missing,Academics,Low,synth_highacc,2,1
washroom detergent stinking heating heater,Hostels,Medium,synth_highacc,1,0
difficulty in generating a no dues certificate for a semester break i am taking a medical leave and need to show i ve cleared all finances the portal says i have library dues but the library says i m clear this cross departmental sync is taking forever,Fees / Finance,Medium,complaint_triage,3,0
fee concession structure budget statement,Fees / Finance,Medium,synth_highacc,3,0
journal print subscription reading borrow,Library,High,synth_highacc,8,2
indicator route broken vehicle rickshaw,Transport,High,synth_highacc,5,2
ethernet slow wlan bluetooth wlan,IT Support,Medium,synth_highacc,0,0
midterm tutorial results teacher absent,Academics,High,synth_highacc,2,2
numberplate windscreen schedule driver gear,Transport,Medium,synth_highacc,5,0
viva mentor conducted delay degree,Academics,Low,synth_highacc,2,1
milk coffee sour canteen pickle,Canteen,Medium,synth_highacc,9,0
parking gear full helmet seat,Transport,High,synth_highacc,5,2
clerk scholarship rude submit document,Administration,Medium,synth_highacc,7,0
degree delay deadline diploma score,Academics,Low,synth_highacc,2,1
plaster plaster falling brick stair,Maintenance,Medium,synth_highacc,4,0
route fare changed bus diesel,Transport,Medium,synth_highacc,5,0
internet freeze slow configure desktop,IT Support,High,synth_highacc,0,2
rice quality undercook expensive spoil,Canteen,High,synth_highacc,9,2
project group guide thesis paper,Academics,Low,synth_highacc,2,1
project professor guide assignment scholar,Academics,High,synth_highacc,2,2
fiction nonfiction author abstract desk,Library,Low,synth_highacc,8,1
payment account failed tax withdrawal,Fees / Finance,Medium,synth_highacc,3,0
citation fiction format desk thesis,Library,Medium,synth_highacc,8,0
smuggling thieves fraud victim abused,Security / Discipline,Medium,synth_highacc,6,0
update cache failing adapter portal,IT Support,Medium,synth_highacc,0,0
shampoo noisy finished chair mug,Hostels,High,synth_highacc,1,2
ethernet scanner wlan usb protocol,IT Support,Medium,synth_highacc,0,0
syllabus grade incomplete postpone credit,Academics,High,synth_highacc,2,2
driver parking rash helmet petrol,Transport,Low,synth_highacc,5,1
counter counter staff spoon bill,Canteen,High,synth_highacc,9,2
the font size used in the computer networks slides is very small even from the middle of the classroom it s hard to read the diagrams and text it would be helpful if the professor could use a larger font or share the slides before the class,Academics,Low,complaint_triage,2,1
abuse insulting tease threaten victim,Security / Discipline,High,synth_highacc,6,2
shelf rack borrow print nonfiction,Library,Medium,synth_highacc,8,0
valve gutter pipeline repair repair,Maintenance,High,synth_highacc,4,2
quiz postpone placement assignment curriculum,Academics,Medium,synth_highacc,2,0
assignment faculty feedback professor score,Academics,Low,synth_highacc,2,1
fixture plaster replacement damage replace,Maintenance,High,synth_highacc,4,2
vpn usb disconnecting latency port,IT Support,Low,synth_highacc,0,1
gear driver problem mandatory fuel,Transport,Low,synth_highacc,5,1
raped case assaulted threatened abused,Security / Discipline,Medium,synth_highacc,6,0
certificate stamp approval application approval,Administration,High,synth_highacc,7,2
scholar revaluation registration mentor group,Academics,Low,synth_highacc,2,1
tutorial internship cancelled tutorial question,Academics,Medium,synth_highacc,2,0
stop fare skipped provided fuel,Transport,High,synth_highacc,5,2
scam abused cybercrime caught working,Security / Discipline,Medium,synth_highacc,6,0
crack repairman wall repair worn,Maintenance,High,synth_highacc,4,2
shuttle van charges pickup cab,Transport,High,synth_highacc,5,2
penalty tuition late statement outstanding,Fees / Finance,Medium,synth_highacc,3,0
fiction almanac available fine card,Library,High,synth_highacc,8,2
statement transaction account charges arrear,Fees / Finance,Medium,synth_highacc,3,0
renew magazine silent fine membership,Library,Low,synth_highacc,8,1
driver seat speeding diesel brake,Transport,Low,synth_highacc,5,1
borrow abstract limit librarian article,Library,Low,synth_highacc,8,1
canteen dinner costly counter pickle,Canteen,Low,synth_highacc,9,1
violence teasing trespass weapon fraud,Security / Discipline,High,synth_highacc,6,2
ethernet offline wlan offline printer,IT Support,High,synth_highacc,0,2
i was overcharged for my orientation fee i m a transfer student and i was told the fee would be waived but it was still added to my bill,Administration,Low,complaint_triage,7,1
admission rejected cancellation clerk transfer,Administration,Medium,synth_highacc,7,0
traffic traffic van accident taillight,Transport,Low,synth_highacc,5,1
i need to report a breach of confidentiality my private medical records were accidentally emailed to the entire student body listserv by an admin assistant this is a massive violation of my privacy,Administration,High,complaint_triage,7,2
verification admission done letterhead awaiting,Administration,High,synth_highacc,7,2
invoice balance balance bill fee,Fees / Finance,Low,synth_highacc,3,1
laundry exhaust service washroom toilet,Hostels,High,synth_highacc,1,2
chapati rotten hard oil breakfast,Canteen,Medium,synth_highacc,9,0
counter desk index fiction periodical,Library,High,synth_highacc,8,2
notary certificate attest circular transfer,Administration,Low,synth_highacc,7,1
soap pillow missing bed mosquito,Hostels,Medium,synth_highacc,1,0
tea water cold rate cook,Canteen,Medium,synth_highacc,9,0
projector fail blurry crash router,IT Support,Medium,synth_highacc,0,0
ragging harassment stopped harass complaint,Security / Discipline,Low,synth_highacc,6,1
project faculty submission internship notebook,Academics,Low,synth_highacc,2,1
menu vegetable spoon quality queue,Canteen,Low,synth_highacc,9,1
salad tea expensive sauce worth,Canteen,Low,synth_highacc,9,1
due deposit gst account loan,Fees / Finance,Low,synth_highacc,3,1
switch sweeping spark pipeline socket,Maintenance,Medium,synth_highacc,4,0
warden heater permission strict cotton,Hostels,Medium,synth_highacc,1,0
canteen plate rotten cup,Canteen,High,synth_highacc,9,2
hardware bug firmware router shutdown,IT Support,High,synth_highacc,0,2
grade group missing result placement,Academics,High,synth_highacc,2,2
procedure notary enquiry letterhead submit,Administration,Low,synth_highacc,7,1
evidence stole caught interrogate cctv,Security / Discipline,High,synth_highacc,6,2
sexually danger teasing murder harassed,Security / Discipline,Low,synth_highacc,6,1
fare cab increased conductor taxi,Transport,Medium,synth_highacc,5,0
drain sewage garbage cement paint,Maintenance,Low,synth_highacc,4,1
queue dinner long glass coffee,Canteen,Medium,synth_highacc,9,0
internship deadline opportunity tutorial credit,Academics,Low,synth_highacc,2,1
ip ram address patch projector,IT Support,High,synth_highacc,0,2
i m being blackmailed by an ex partner who says they will release private photos of me on the university discord server if i don t give them money i don t know who to talk to about this,Security / Discipline,High,complaint_triage,6,2
deduction receipt extra charges delayed,Fees / Finance,Low,synth_highacc,3,1
wire socket exposed door bulb,Maintenance,High,synth_highacc,4,2
curtain bunk ventilator geyser hostel,Hostels,High,synth_highacc,1,2
deadline notarized missed verification delay,Administration,Low,synth_highacc,7,1
document rejected verification policy scholarship,Administration,Medium,synth_highacc,7,0
scholarship payable eligibility tax deduction,Fees / Finance,Medium,synth_highacc,3,0
tyre license puncture license driver,Transport,High,synth_highacc,5,2
notice pending board migration circular,Administration,High,synth_highacc,7,2
mattress blanket hard hostel expensive,Hostels,High,synth_highacc,1,2
abuse witness murder threaten laptop,Security / Discipline,Medium,synth_highacc,6,0
thesis credit practical seminar thesis,Academics,High,synth_highacc,2,2
tuition late remission transfer fund,Fees / Finance,High,synth_highacc,3,2
scholarship charges renewal finance transfer,Fees / Finance,High,synth_highacc,3,2
email protocol rebooting password ip,IT Support,High,synth_highacc,0,2
college fest volunteers were not trained and very unhelpful,Administration,Low,manual,7,1
approval letterhead pending hostel processing,Administration,High,synth_highacc,7,2
carpenter sparking wire leak ceiling,Maintenance,Medium,synth_highacc,4,0
fee refund pending application arrear,Fees / Finance,High,synth_highacc,3,2
i was charged a late registration fee even though i registered on the very first day the system time stamp is clearly wrong,Administration,Low,complaint_triage,7,1
withdrawal balance online tuition late,Fees / Finance,Low,synth_highacc,3,1
taillight petrol damaged cab shuttle,Transport,Low,synth_highacc,5,1
card tuition declined scholarship card,Fees / Finance,Medium,synth_highacc,3,0
cook quality water curry worth,Canteen,High,synth_highacc,9,2
kitchen bill hygiene plate dinner,Canteen,High,synth_highacc,9,2
almanac periodical citation bibliography citation,Library,Medium,synth_highacc,8,0
edition bibliography outdated zone stack,Library,High,synth_highacc,8,2
cab license unavailable route shuttle,Transport,Low,synth_highacc,5,1
mess bill lunch food curry,Canteen,Low,synth_highacc,9,1
i missed my final project submission because the bus driver took a wrong turn and got stuck in a dead end street for 30 minutes my professor won t accept the late work,Transport,High,complaint_triage,5,2
internet battery dns network processor,IT Support,High,synth_highacc,0,2
thesis lecturer approval revaluation missing,Academics,High,synth_highacc,2,2
latency firewall browser connectivity login,IT Support,Low,synth_highacc,0,1
marks lesson incorrect absent tutorial,Academics,High,synth_highacc,2,2
photocopy librarian machine ebook reference,Library,Low,synth_highacc,8,1
hostel mug slipper geyser,Hostels,High,synth_highacc,1,2
outstanding transfer amount waiver remit,Fees / Finance,Low,synth_highacc,3,1
online delayed payment delayed fee,Fees / Finance,Low,synth_highacc,3,1
registrar awaiting office notarized issue,Administration,Low,synth_highacc,7,1
kidnap insult murder assault investigate,Security / Discipline,Low,synth_highacc,6,1
ticket brake fuel seat rickshaw,Transport,Medium,synth_highacc,5,0
taste dinner meal hygiene sauce,Canteen,Low,synth_highacc,9,1
breakfast tea menu fresh stale,Canteen,Low,synth_highacc,9,1
penalty fiction charged audiobook abstract,Library,High,synth_highacc,8,2
pipe repair joint leak worn,Maintenance,Medium,synth_highacc,4,0
modem wlan signal ethernet download,IT Support,Medium,synth_highacc,0,0
schedule windscreen charges fare fuel,Transport,High,synth_highacc,5,2
i m getting anonymous threatening emails to my student account they contain my home address and details about my daily schedule i feel like i m being stalked and i m scared to leave my room,Security / Discipline,High,complaint_triage,6,2
suspicious bullied witness stranger accused,Security / Discipline,Medium,synth_highacc,6,0
driver provided rash bus charges,Transport,Medium,synth_highacc,5,0
exam absent timetable teacher group,Academics,High,synth_highacc,2,2
payment balance gateway application tuition,Fees / Finance,Medium,synth_highacc,3,0
milk oil breakfast food taste,Canteen,Medium,synth_highacc,9,0
the help icon on the payment portal is broken when you click it nothing happens it would be good if it linked to a support email for students facing technical issues during payment,Fees / Finance,Low,complaint_triage,3,1
arrest accused harass offence vandalism,Security / Discipline,High,synth_highacc,6,2
soap heating missing exhaust locker,Hostels,High,synth_highacc,1,2
registration processing slip migration document,Administration,Medium,synth_highacc,7,0
detergent geyser over shampoo corridor,Hostels,Medium,synth_highacc,1,0
i received a physical letter in my campus mailbox that contains a death threat it s made of cut out magazine letters i m at the security desk now but it s empty,Security / Discipline,High,complaint_triage,6,2
counter canteen staff cook oil,Canteen,Low,synth_highacc,9,1
schedule clutch parking fare diesel,Transport,Low,synth_highacc,5,1
rice dinner undercook dinner pickle,Canteen,Low,synth_highacc,9,1
bibliography photocopy section citation subscription,Library,High,synth_highacc,8,2
library printer shows quota exceeded unexpectedly i printed very little this month could you review and reset my quota,IT Support,Medium,complaint_triage,0,0
cheap counter chicken worth overcharge,Canteen,Medium,synth_highacc,9,0
grill cement welding drill sparking,Maintenance,Medium,synth_highacc,4,0
bullied stalk harassed culprit thieves,Security / Discipline,Medium,synth_highacc,6,0
charges budget treasury outstanding cleared,Fees / Finance,High,synth_highacc,3,2
is there a way to update my emergency contact information online currently the portal says i have to come to the office in person which seems a bit outdated for 2026,Administration,Low,complaint_triage,7,1
fee delayed due card,Fees / Finance,High,synth_highacc,3,2
smuggling fought fraud hostel smoke,Security / Discipline,Medium,synth_highacc,6,0
modem configure signal bug update,IT Support,Medium,synth_highacc,0,0
search locate bibliography expired edition,Library,High,synth_highacc,8,2
card catalogue research zone photocopy,Library,Medium,synth_highacc,8,0
finance receipt office remit delayed,Fees / Finance,Low,synth_highacc,3,1
withdrawal reimbursement processed penalty tax,Fees / Finance,High,synth_highacc,3,2
magazine author latest section author,Library,High,synth_highacc,8,2
ethernet computer wlan printer vpn,IT Support,Low,synth_highacc,0,1
fare van revision mandatory clutch,Transport,Low,synth_highacc,5,1
abstract article journal desk abstract,Library,Medium,synth_highacc,8,0
cup sauce coffee glass curry,Canteen,Low,synth_highacc,9,1
tuition waiver not applied to my profile as a staff child i am entitled to a 50 discount but the portal shows the full amount of 1 2 lakhs the payment link expires this evening i need the corrected invoice before i can make the payment,Fees / Finance,High,complaint_triage,3,2
pipe sewage joint fix worn,Maintenance,Medium,synth_highacc,4,0
socket stair loose leaking window,Maintenance,Low,synth_highacc,4,1
the handrails in the stairwell are a bit sticky it seems like something was spilled on them recently a quick cleaning with some disinfectant would make them much more pleasant to use,Maintenance,Low,complaint_triage,4,1
ethernet fail wlan log dns,IT Support,High,synth_highacc,0,2
towel bucket water heater detergent,Hostels,Medium,synth_highacc,1,0
ceiling plaster fell on a student s bed in room 302 of the old wing a large chunk of the roof collapsed this morning and the rest of the ceiling looks severely cracked and water damaged it is unsafe for the residents to stay in that room as another collapse is imminent we need an immediate structural assessment and a room shift for the occupants,Maintenance,High,complaint_triage,4,2
blanket mattress geyser drainage pillow,Hostels,Low,synth_highacc,1,1
heater drainage element corridor expensive,Hostels,High,synth_highacc,1,2
firewall driver restricting crash software,IT Support,Medium,synth_highacc,0,0
locate author shelf return zone,Library,High,synth_highacc,8,2
spoon breakfast sauce fork counter,Canteen,High,synth_highacc,9,2
lms is not allowing assignment upload,Academics,Medium,query_test,2,0
drainage heater overflowing bathroom cupboard,Hostels,Low,synth_highacc,1,1
lock lock broken valve cleaning,Maintenance,Medium,synth_highacc,4,0
paint plaster construction paint lock,Maintenance,Medium,synth_highacc,4,0
pending form application scholarship transfer,Administration,Medium,synth_highacc,7,0
volume expired missing abstract journal,Library,Low,synth_highacc,8,1
pipe renovation rusted cleaning socket,Maintenance,Medium,synth_highacc,4,0
antivirus update blocking firmware login,IT Support,Low,synth_highacc,0,1
interest application rate card transfer,Fees / Finance,Medium,synth_highacc,3,0
aisle almanac light absent stack,Library,Low,synth_highacc,8,1
slipper hanger torn noisy dirty,Hostels,High,synth_highacc,1,2
regulation awaiting application guideline form,Administration,Medium,synth_highacc,7,0
roommate toilet noisy pillow heating,Hostels,High,synth_highacc,1,2
ssd cloud storage connect upload,IT Support,Low,synth_highacc,0,1
danger complaint environment unsafe fraud,Security / Discipline,Low,synth_highacc,6,1
suspicious stranger abusing stranger accused,Security / Discipline,High,synth_highacc,6,2
i witnessed a student being physically assaulted by their partner in the parking lot the person was being pushed against a car and looked like they were in a lot of pain,Security / Discipline,High,complaint_triage,6,2
guard working sleeping cctv threatened,Security / Discipline,Medium,synth_highacc,6,0
transfer notarized certificate awaiting submit,Administration,High,synth_highacc,7,2
carpenter cleaning burst leak socket,Maintenance,Medium,synth_highacc,4,0
detergent bucket over mattress almirah,Hostels,Low,synth_highacc,1,1
concession processed applied receipt debit,Fees / Finance,Medium,synth_highacc,3,0
internet dns slow ethernet connectivity,IT Support,Low,synth_highacc,0,1
conductor parking behaviour route bicycle,Transport,High,synth_highacc,5,2
scholar notebook registration project teacher,Academics,High,synth_highacc,2,2
payment stipend application refund stipend,Fees / Finance,Low,synth_highacc,3,1
curtain dirty slipper geyser locker,Hostels,Low,synth_highacc,1,1
the overhead water tank lid has blown off in the storm birds and debris are falling into our drinking water supply this is an immediate hygiene issue for the 200 residents of this block please secure the lid or install a new one today,Maintenance,High,complaint_triage,4,2
guard caught thief cctv accused,Security / Discipline,High,synth_highacc,6,2
usb desktop port dns internet,IT Support,Medium,synth_highacc,0,0
i d like to suggest that the university uses a more eco friendly paper for its mass mailings or better yet stop mailing us physical letters for things that could be an email,Administration,Low,complaint_triage,7,1
scam assaulted cybercrime stranger unsafe,Security / Discipline,Medium,synth_highacc,6,0
the ink on the printed fee receipts is very faint by the time the semester ends the text is almost invisible it would be better if the finance office used higher quality printers or gave us a digital copy alongside the physical one,Fees / Finance,Low,complaint_triage,3,1
authentication monitor display latency,IT Support,Medium,synth_highacc,0,0
tea expensive cold daal snack,Canteen,High,synth_highacc,9,2
leak mopping water sewage damage,Maintenance,Low,synth_highacc,4,1
meal daal spoiled breakfast overcharge,Canteen,High,synth_highacc,9,2
raped threaten assaulted corridor security,Security / Discipline,High,synth_highacc,6,2
staircase stinking cupboard laundry curtain,Hostels,Low,synth_highacc,1,1
result quiz published homework notebook,Academics,High,synth_highacc,2,2
severe allergic reaction reported due to pest control spray in block b my roommate is having trouble breathing after the maintenance team sprayed the rooms earlier today we were not given sufficient warning to vacate we need medical assistance and the room aired out now,Hostels,High,complaint_triage,1,2
counter salad staff milk drink,Canteen,High,synth_highacc,9,2
procedure scholarship lengthy procedure pending,Administration,Medium,synth_highacc,7,0
scam vandalism cybercrime insult cybercrime,Security / Discipline,High,synth_highacc,6,2
arrest corridor accused offence accused,Security / Discipline,High,synth_highacc,6,2
parking cab fee rickshaw cab,Transport,Medium,synth_highacc,5,0
fuel schedule shortage indicator indicator,Transport,High,synth_highacc,5,2
subject professor registration assignment postpone,Academics,Medium,synth_highacc,2,0
protocol dns ssd working charger,IT Support,High,synth_highacc,0,2
locate book shelf stack subscription,Library,Medium,synth_highacc,8,0
evidence trespass bully interrogate offence,Security / Discipline,Low,synth_highacc,6,1
payment remit failed arrear account,Fees / Finance,Low,synth_highacc,3,1
pillow bathroom flat stinking ventilator,Hostels,Low,synth_highacc,1,1
reference article desk print silent,Library,Medium,synth_highacc,8,0
patrol tease increased victim witness,Security / Discipline,High,synth_highacc,6,2
desk volume staff research absent,Library,High,synth_highacc,8,2
route overcrowded diversion fuel headlight,Transport,Low,synth_highacc,5,1
journal borrow binding citation counter,Library,Medium,synth_highacc,8,0
withdrawal penalty processed outstanding loan,Fees / Finance,Low,synth_highacc,3,1
food counter shortage milk overcharge,Canteen,High,synth_highacc,9,2
degree textbook delayed placement deadline,Academics,Low,synth_highacc,2,1
dinner fork canteen snack taste,Canteen,High,synth_highacc,9,2
lunch breakfast delayed bill quality,Canteen,Medium,synth_highacc,9,0
price sauce cup expensive rate,Canteen,High,synth_highacc,9,2
drill tile noise fix mopping,Maintenance,High,synth_highacc,4,2
broken window pane in ground floor room 005 someone threw a ball and shattered the glass completely since the room is on the ground floor anyone can climb in from the garden i cannot sleep here tonight until it is boarded up or replaced,Hostels,High,complaint_triage,1,2
professor tutorial leave practical lecture,Academics,Medium,synth_highacc,2,0
scholarship transaction budget tuition debit,Fees / Finance,High,synth_highacc,3,2
syllabus marks overdue lesson quiz,Academics,High,synth_highacc,2,2
card catalogue edition zone absent,Library,Low,synth_highacc,8,1
geyser soap leaking fan flush,Hostels,High,synth_highacc,1,2
blanket mattress cupboard fan exhaust,Hostels,Medium,synth_highacc,1,0
ram latency upgrade rebooting internet,IT Support,Low,synth_highacc,0,1
pickup headlight missed charges meter,Transport,Medium,synth_highacc,5,0
pipe fused burst drain carpenter,Maintenance,Low,synth_highacc,4,1
crack stair wall lock replace,Maintenance,Medium,synth_highacc,4,0
bully abuse complaint evidence case,Security / Discipline,Low,synth_highacc,6,1
paint carpenter peeling renovation stair,Maintenance,Medium,synth_highacc,4,0
examination endorse form pending dean,Administration,Medium,synth_highacc,7,0
photocopy stack charges bibliography return,Library,High,synth_highacc,8,2
bulb socket fused construction hinge,Maintenance,Medium,synth_highacc,4,0
cook oil bill curry spoon,Canteen,Low,synth_highacc,9,1
laundry pillow service cupboard cotton,Hostels,High,synth_highacc,1,2
article photocopy unavailable penalty audiobook,Library,Low,synth_highacc,8,1
deposit payable refund tax credit,Fees / Finance,High,synth_highacc,3,2
tax gst due bank invoice,Fees / Finance,Low,synth_highacc,3,1
inverter cupboard backup curtain slipper,Hostels,High,synth_highacc,1,2
usb install port browser server,IT Support,Low,synth_highacc,0,1
i m very upset because the driver closed the doors right in my face even though he saw me running i was only two feet away now i m going to be late for my lab and my grade will be docked,Transport,Medium,complaint_triage,5,0
van numberplate overloaded fare seat,Transport,Medium,synth_highacc,5,0
borrow photocopy audiobook return nonfiction,Library,High,synth_highacc,8,2
detergent staircase hanger hanger ventilator,Hostels,Medium,synth_highacc,1,0
route van diversion conductor charges,Transport,Low,synth_highacc,5,1
thesis research binding overdue desk,Library,Low,synth_highacc,8,1
ticket helmet counter indicator conductor,Transport,Medium,synth_highacc,5,0
penalty overdue section membership aisle,Library,Medium,synth_highacc,8,0
lunch fresh delayed chapati oil,Canteen,High,synth_highacc,9,2
steal stolen stranger thief incident,Security / Discipline,Low,synth_highacc,6,1
score presentation improvement absent lecture,Academics,Medium,synth_highacc,2,0
the mirror in the washroom has developed black spots it looks like the silvering is coming off from the back due to the moisture it makes it very hard to see clearly it s time for a new mirror to be fitted,Maintenance,Medium,complaint_triage,4,0
drink overcharge overcharge juice cook,Canteen,Low,synth_highacc,9,1
wire repairman exposed maintenance tile,Maintenance,Low,synth_highacc,4,1
tube light flickering in the balcony area the light outside my room has started flickering constantly which makes it very distracting while i m trying to study it also attracts a lot of bugs at night requesting a bulb replacement,Hostels,Medium,complaint_triage,1,0
sabzi fork water pickle canteen,Canteen,Medium,synth_highacc,9,0
i found a set of car keys on the 9 00 am bus they have a toyota keychain i gave them to the driver just letting the office know in case someone calls,Transport,Low,complaint_triage,5,1
pipe cleaning burst paint fuse,Maintenance,Medium,synth_highacc,4,0
taillight helmet damaged schedule license,Transport,Medium,synth_highacc,5,0
broken study table chair in room 112 one of the legs of my chair is completely loose and i can t sit on it to do my assignments i ve been using my bed as a desk for four days and it s giving me back pain please provide a replacement chair,Hostels,Medium,complaint_triage,1,0
paint carpenter colour floor fused,Maintenance,Medium,synth_highacc,4,0
balcony curtain detergent corridor detergent,Hostels,Medium,synth_highacc,1,0
finance upi section stipend finance,Fees / Finance,High,synth_highacc,3,2
pipe fix burst exposed window,Maintenance,High,synth_highacc,4,2
route mirror extended shuttle tyre,Transport,Medium,synth_highacc,5,0
fee bank withdrawal arrear,Fees / Finance,Medium,synth_highacc,3,0
traffic fuel horn accident brake,Transport,High,synth_highacc,5,2
laundry inverter machine door tap,Hostels,High,synth_highacc,1,2
bandwidth restart insufficient cache projector,IT Support,High,synth_highacc,0,2
rotten rotten kitchen spoil snack,Canteen,Low,synth_highacc,9,1
i was just mugged at knifepoint behind the cafeteria the person took my phone and my bag and ran towards the woods i m shaken up but not physically injured please send help,Security / Discipline,High,complaint_triage,6,2
drugs accused peddled theft fight,Security / Discipline,Medium,synth_highacc,6,0
quiz practical score presentation submission,Academics,High,synth_highacc,2,2
project answer submission faculty exam,Academics,High,synth_highacc,2,2
blanket slipper torn water heater,Hostels,Low,synth_highacc,1,1
drill hammer noise exposed burst,Maintenance,Medium,synth_highacc,4,0
roof drain leak construction replace,Maintenance,High,synth_highacc,4,2
vpn ssd disconnecting printer monitor,IT Support,High,synth_highacc,0,2
ram install upgrade hardware fail,IT Support,Low,synth_highacc,0,1
i am trapped in a loop between the department head and the admin office each says the other is responsible for signing my overload request my class starts in an hour and i m not on the list,Administration,High,complaint_triage,7,2
borrow citation limit edition citation,Library,High,synth_highacc,8,2
bed almirah squeaky laundry dirty,Hostels,Medium,synth_highacc,1,0
renew card database fine stack,Library,Low,synth_highacc,8,1
gear indicator vehicle clutch route,Transport,High,synth_highacc,5,2
the atm inside the campus swallowed my card while i was trying to withdraw fee money the bank branch says they need an official letter from the university finance head to release the machine logs and give me my card back i need this today as all my funds are tied to that account,Fees / Finance,High,complaint_triage,3,2
syllabus thesis incomplete curriculum textbook,Academics,Low,synth_highacc,2,1
traffic tyre petrol accident horn,Transport,Low,synth_highacc,5,1
interest credit arrear waiver withdrawal,Fees / Finance,Medium,synth_highacc,3,0
magazine ebook torn index bibliography,Library,Medium,synth_highacc,8,0
bluetooth printer pairing ssd restart,IT Support,Medium,synth_highacc,0,0
windscreen mirror broken vehicle bus,Transport,Medium,synth_highacc,5,0
installment debit plan installment treasury,Fees / Finance,Medium,synth_highacc,3,0
chapati queue hard fresh mess,Canteen,High,synth_highacc,9,2
meter bus tampered stop taxi,Transport,Low,synth_highacc,5,1
nonfiction desk collection subscription publisher,Library,Low,synth_highacc,8,1
thesis diploma submission group result,Academics,Medium,synth_highacc,2,0
degree report paper diploma textbook,Academics,High,synth_highacc,2,2
i m a veteran and my gi bill benefits haven t been certified by the university yet the va says they are waiting on you if this isn t done by friday i won t get my housing allowance,Administration,High,complaint_triage,7,2
electrician tube wiring broken handle,Maintenance,Low,synth_highacc,4,1
meal canteen spoiled mess overcharge,Canteen,High,synth_highacc,9,2
breakfast plate menu counter chicken,Canteen,Low,synth_highacc,9,1
steal incident caught harassment laptop,Security / Discipline,Low,synth_highacc,6,1
raped alcohol assaulted haras teasing,Security / Discipline,Low,synth_highacc,6,1
case stranger pending fought fir,Security / Discipline,High,synth_highacc,6,2
flush sink heating cotton detergent,Hostels,Medium,synth_highacc,1,0
transfer fee certificate bonafide missing,Administration,High,synth_highacc,7,2
policy regulation amendment examination registrar,Administration,High,synth_highacc,7,2
reference photocopy desk reading rack,Library,Low,synth_highacc,8,1
submission endorse pending missing official,Administration,Medium,synth_highacc,7,0
invoice penalty arrear bill fund,Fees / Finance,Low,synth_highacc,3,1
hygiene worth poor juice chapati,Canteen,High,synth_highacc,9,2
kitchen food hygiene sabzi pickle,Canteen,Low,synth_highacc,9,1
router cache rebooting protocol wifi,IT Support,Low,synth_highacc,0,1
index citation page abstract search,Library,Medium,synth_highacc,8,0
interest credit rate charges treasury,Fees / Finance,Low,synth_highacc,3,1
bulb tube cement drill leak,Maintenance,High,synth_highacc,4,2
book periodical recommendation catalogue shelf,Library,Low,synth_highacc,8,1
request to update the bank account details for my stipend i have closed my old account and need the research grant to be sent to my new idfc account from next month i have the cancelled cheque and the bank passbook copy ready,Fees / Finance,Medium,complaint_triage,3,0
mosquito chair ventilator bathroom noisy,Hostels,High,synth_highacc,1,2
hostel door curtain expensive,Hostels,Medium,synth_highacc,1,0
fund budget refund stipend payment,Fees / Finance,High,synth_highacc,3,2
submission notice pending clerk bonafide,Administration,High,synth_highacc,7,2
return search date desk stack,Library,Medium,synth_highacc,8,0
towel flush rough locker tap,Hostels,Low,synth_highacc,1,1
attestation form signature letterhead procedure,Administration,High,synth_highacc,7,2
scanner battery detecting firmware rebooting,IT Support,High,synth_highacc,0,2
mopping fix burst garbage hinge,Maintenance,Medium,synth_highacc,4,0
valve gutter ceiling leaking handle,Maintenance,High,synth_highacc,4,2
credit mentor transfer presentation degree,Academics,Medium,synth_highacc,2,0
taste drink price hygiene menu,Canteen,Low,synth_highacc,9,1
payment upi gateway concession outstanding,Fees / Finance,High,synth_highacc,3,2
nonfiction librarian collection research abstract,Library,Low,synth_highacc,8,1
floor ceiling mopping replace replace,Maintenance,Medium,synth_highacc,4,0
alcohol suspicious consumption working harrass,Security / Discipline,Low,synth_highacc,6,1
backup cloud restore connect wlan,IT Support,Low,synth_highacc,0,1
toilet locker blocked curtain inverter,Hostels,High,synth_highacc,1,2
hostel fan gate hanger water,Hostels,Low,synth_highacc,1,1
tuition transfer remission installment stipend,Fees / Finance,Low,synth_highacc,3,1
menu dinner vegetable quality milk,Canteen,Low,synth_highacc,9,1
ticket provided headlight seat schedule,Transport,Medium,synth_highacc,5,0
i m trying to apply for the hardship fund but the application requires a signature from a person who is currently on sabbatical is there an alternative signer,Administration,Medium,complaint_triage,7,0
bathroom cotton dirty curtain hanger,Hostels,High,synth_highacc,1,2
intermittent buzzing from the fluorescent lights in lt 1 one of the ballasts is failing and the constant hum is making it hard to hear the professor s voice clearly can maintenance replace the faulty ballast after classes end,Maintenance,Medium,complaint_triage,4,0
fir evidence abusing complaint senior,Security / Discipline,Medium,synth_highacc,6,0
tax gst remit remit invoice,Fees / Finance,Medium,synth_highacc,3,0
mouse firewall clicking error display,IT Support,Medium,synth_highacc,0,0
reference fiction desk catalogue periodical,Library,Medium,synth_highacc,8,0
main entrance glass door shattered in the girls hostel a heavy gust of wind slammed the door and it has broken into large sharp shards across the lobby since it is the ground floor entrance anyone can enter the premises now and students are walking barefoot near the glass we need an emergency cleanup and a temporary board installed for security,Maintenance,High,complaint_triage,4,2
arrest camera report offence accused,Security / Discipline,High,synth_highacc,6,2
canteen canteen hygiene overcharge,Canteen,High,synth_highacc,9,2
delay in refunding the caution money for passed out students it has been three months since i submitted my bank details for the 10 000 security deposit return all my batchmates have received theirs but mine is still in process please check the status of my application,Fees / Finance,Medium,complaint_triage,3,0
result internship published revaluation timetable,Academics,Low,synth_highacc,2,1
renew research author fine magazine,Library,High,synth_highacc,8,2
payment credited receipt refund penalty,Fees / Finance,High,synth_highacc,3,2
bandwidth login insufficient adapter laptop,IT Support,Medium,synth_highacc,0,0
taste lunch daal hygiene canteen,Canteen,High,synth_highacc,9,2
chair door broken blanket stinking,Hostels,Low,synth_highacc,1,1
tap locker dripping warden towel,Hostels,High,synth_highacc,1,2
door pillow lock window drainage,Hostels,Medium,synth_highacc,1,0
exam viva postponement group assignment,Academics,High,synth_highacc,2,2
electrician burst tube repair fuse,Maintenance,High,synth_highacc,4,2
fare license increased mandatory route,Transport,Medium,synth_highacc,5,0
protocol dns connectivity server motherboard,IT Support,Low,synth_highacc,0,1
login firmware failing configure hardware,IT Support,Medium,synth_highacc,0,0
traffic diesel brake accident petrol,Transport,Low,synth_highacc,5,1
library books in the hostel reading room are disorganized people are leaving them everywhere and the shelves are a mess we need a proper system or a student coordinator to manage the small collection we have here,Hostels,Medium,complaint_triage,1,0
schedule brake weekend fare fuel,Transport,High,synth_highacc,5,2
laptop hardware screen bug cache,IT Support,Medium,synth_highacc,0,0
procedure examination circular policy requested,Administration,Low,synth_highacc,7,1
thesis homework mentor seminar paper,Academics,Low,synth_highacc,2,1
fare cycle revision horn overcrowded,Transport,Medium,synth_highacc,5,0
construction mopping debris maintenance damage,Maintenance,High,synth_highacc,4,2
fixture damage replacement ladder sewage,Maintenance,High,synth_highacc,4,2
seat pickup broken horn schedule,Transport,Low,synth_highacc,5,1
rice drink undercook coffee salad,Canteen,Low,synth_highacc,9,1
regulation hostel attestation guideline guideline,Administration,Low,synth_highacc,7,1
regulation circular application guideline submit,Administration,High,synth_highacc,7,2
computer cloud slow laptop working,IT Support,High,synth_highacc,0,2
danger trespass warning tease steals,Security / Discipline,Low,synth_highacc,6,1
paint socket job drain jammed,Maintenance,Medium,synth_highacc,4,0
headlight horn dim license brake,Transport,Medium,synth_highacc,5,0
almirah cupboard bathroom sink door,Hostels,High,synth_highacc,1,2
can we get more regular patrols around the back of the auditorium it s very dark back there and i ve seen people who don t look like students hanging out and drinking late at night,Security / Discipline,Medium,complaint_triage,6,0
faculty degree overdue exam syllabus,Academics,Medium,synth_highacc,2,0
interest tax invoice waiver credited,Fees / Finance,Low,synth_highacc,3,1
is there a way to get a shuttle to the train station on friday afternoons a lot of us go home for the weekend and it would be much easier than taking a taxi,Transport,Low,complaint_triage,5,1
antivirus offline blocking monitor browser,IT Support,Low,synth_highacc,0,1
fought smuggling injured trespass camera,Security / Discipline,High,synth_highacc,6,2
food bill shortage menu egg,Canteen,Medium,synth_highacc,9,0
hinge stair rusted burst handle,Maintenance,Low,synth_highacc,4,1
mess fresh stale food sauce,Canteen,Medium,synth_highacc,9,0
fee statement structure outstanding upi,Fees / Finance,Low,synth_highacc,3,1
card catalogue fine almanac rack,Library,Medium,synth_highacc,8,0
renovation fuse crack construction plumber,Maintenance,Medium,synth_highacc,4,0
seminar topic postponed revaluation missing,Academics,Low,synth_highacc,2,1
transfer issue certificate download fee,Administration,Medium,synth_highacc,7,0
vpn scanner routing battery scanner,IT Support,Low,synth_highacc,0,1
catalogue index search desk return,Library,Medium,synth_highacc,8,0
fee audit waiver outstanding waiver,Fees / Finance,Medium,synth_highacc,3,0
aisle article light penalty newspaper,Library,Low,synth_highacc,8,1
download wlan stuck battery port,IT Support,Low,synth_highacc,0,1
route vehicle accident stop van,Transport,High,synth_highacc,5,2
stranger camera entry harassment theft,Security / Discipline,High,synth_highacc,6,2
ragging corridor security fight harrass,Security / Discipline,Medium,synth_highacc,6,0
penalty remit late debit loan,Fees / Finance,Low,synth_highacc,3,1
gst treasury charges account gst,Fees / Finance,Medium,synth_highacc,3,0
research periodical paper volume counter,Library,Medium,synth_highacc,8,0
steal weapon rape thief tease,Security / Discipline,Low,synth_highacc,6,1
my roommate has a cat in our dorm room which is strictly against the rules because i have a severe allergy i ve asked them to move it but they refuse i can t breathe in my own room,Security / Discipline,Medium,complaint_triage,6,0
chapter lecturer summary lecture overdue,Academics,Low,synth_highacc,2,1
floor cement mopping leaking fused,Maintenance,Medium,synth_highacc,4,0
credit transfer from my mooc course was rejected without reason i completed the nptel certification as per the university guidelines to replace a core elective today is the last day to finalize credits for the graduation list if this isn t added i won t have enough credits to graduate this year urgent review requested,Academics,High,complaint_triage,2,2
brake clutch numberplate petrol mirror,Transport,Medium,synth_highacc,5,0
registration registrar slip scholarship submit,Administration,Low,synth_highacc,7,1
battery patch draining freeze printer,IT Support,High,synth_highacc,0,2
fare overcrowded revision petrol charges,Transport,Medium,synth_highacc,5,0
router wlan rebooting log display,IT Support,Medium,synth_highacc,0,0
i d like to request a formal letter of recommendation from the dean s office for a prestigious internship what is the standard procedure for this,Administration,Low,complaint_triage,7,1
score cancel improvement cancel teacher,Academics,Low,synth_highacc,2,1
bathroom cupboard dirty flush fan,Hostels,Medium,synth_highacc,1,0
geyser exhaust leaking roommate strict,Hostels,Low,synth_highacc,1,1
exam marks postponement delay faculty,Academics,High,synth_highacc,2,2
scholarship refund not deposit treasury,Fees / Finance,High,synth_highacc,3,2
payment concession concession refund waiver,Fees / Finance,Medium,synth_highacc,3,0
regulation enrollment strict rejected submit,Administration,Low,synth_highacc,7,1
detergent chair toilet hanger hanger,Hostels,Medium,synth_highacc,1,0
server offline maintenance patch usb,IT Support,High,synth_highacc,0,2
report tutorial submission lecture faculty,Academics,High,synth_highacc,2,2
cycle seat stolen stop overcrowded,Transport,Low,synth_highacc,5,1
mirror rickshaw cracked mandatory taillight,Transport,Low,synth_highacc,5,1
professor score leave professor notebook,Academics,Medium,synth_highacc,2,0
mopping plumber repair garbage crack,Maintenance,Low,synth_highacc,4,1
outstanding penalty amount grant outstanding,Fees / Finance,High,synth_highacc,3,2
aisle scan light catalogue scan,Library,Medium,synth_highacc,8,0
deadline submission sworn notarized affidavit,Administration,Medium,synth_highacc,7,0
notary document attest transfer policy,Administration,High,synth_highacc,7,2
score timetable improvement practical chapter,Academics,Low,synth_highacc,2,1
battery clutch dead overcrowded ticket,Transport,Medium,synth_highacc,5,0
projector mac blurry upload hardware,IT Support,Low,synth_highacc,0,1
queue rice long water fork,Canteen,Medium,synth_highacc,9,0
salad rotten canteen sauce price,Canteen,High,synth_highacc,9,2
weapon rape seized weapon witness,Security / Discipline,High,synth_highacc,6,2
pillow toilet flat towel chair,Hostels,Medium,synth_highacc,1,0
admission migration form deadline submit,Administration,High,synth_highacc,7,2
tile roof broken ceiling door,Maintenance,Low,synth_highacc,4,1
bulb tube cleaning electrician broken,Maintenance,Medium,synth_highacc,4,0
helmet overcrowded mandatory accident taillight,Transport,Medium,synth_highacc,5,0
stolen scam ragging harassment disrespect,Security / Discipline,High,synth_highacc,6,2
sewage repairman smell worn plumber,Maintenance,Low,synth_highacc,4,1
parking numberplate full gear bus,Transport,Medium,synth_highacc,5,0
print article queue expired citation,Library,High,synth_highacc,8,2
fan staircase speed hostel cotton,Hostels,Medium,synth_highacc,1,0
hostel shampoo gate ventilator staircase,Hostels,High,synth_highacc,1,2
i d like to report a case of harassment by a faculty member they have been sending me inappropriate messages and implying that my grade depends on me meeting them outside of school,Security / Discipline,High,complaint_triage,6,2
tax transaction deduction grant gst,Fees / Finance,High,synth_highacc,3,2
answer schedule key lecturer lesson,Academics,Low,synth_highacc,2,1
system error scholarship adjusted against the wrong semester the 20 000 grant was supposed to cover this semester s tuition but it was applied to a future semester instead now i have a due of 20 000 and i am being blocked from the library please fix the allocation today,Fees / Finance,High,complaint_triage,3,2
fiction nonfiction locate return counter,Library,Medium,synth_highacc,8,0
result paper published revaluation question,Academics,High,synth_highacc,2,2
fixture mopping replacement bulb grill,Maintenance,High,synth_highacc,4,2
bluetooth desktop pairing adapter cloud,IT Support,Medium,synth_highacc,0,0
netbanking withdrawal upi outstanding grant,Fees / Finance,Low,synth_highacc,3,1
practical placement missed missing training,Academics,Low,synth_highacc,2,1
payment stipend gateway transaction processed,Fees / Finance,Medium,synth_highacc,3,0
valve brick damaged pipeline ceiling,Maintenance,Low,synth_highacc,4,1
deduction payable extra upi statement,Fees / Finance,High,synth_highacc,3,2
modem scanner signal vpn log,IT Support,Medium,synth_highacc,0,0
seat clutch broken cycle ticket,Transport,High,synth_highacc,5,2
switch tile spark carpenter fix,Maintenance,Low,synth_highacc,4,1
magazine shelf latest penalty librarian,Library,High,synth_highacc,8,2
the shuttle frequency during the summer term is way too low waiting 40 minutes for a bus when it s 100 degrees outside is miserable,Transport,Medium,complaint_triage,5,0
bank due transfer remit arrear,Fees / Finance,Medium,synth_highacc,3,0
cab helmet unavailable battery gear,Transport,High,synth_highacc,5,2
withdrawal outstanding processed balance late,Fees / Finance,Low,synth_highacc,3,1
return book reminder bibliography book,Library,Low,synth_highacc,8,1
topic degree unclear syllabus score,Academics,Low,synth_highacc,2,1
transaction invoice error tuition fee,Fees / Finance,Low,synth_highacc,3,1
concession delayed applied arrear card,Fees / Finance,High,synth_highacc,3,2
fan expensive speed laundry flush,Hostels,High,synth_highacc,1,2
canteen rice costly cup stale,Canteen,High,synth_highacc,9,2
the paint is peeling off the radiator in my room the old flakes are falling onto my bed and it looks very untidy since the radiator is still working it just needs a quick scrape and a heat resistant touch up before the winter starts,Maintenance,Medium,complaint_triage,4,0
locker strict key toilet curtain,Hostels,Low,synth_highacc,1,1
hinge electrician rusted fixture hammer,Maintenance,Low,synth_highacc,4,1
ip update address latency ram,IT Support,High,synth_highacc,0,2
certificate letterhead delayed delay enrollment,Administration,Low,synth_highacc,7,1
bathroom slow dirty cupboard locker,Hostels,Medium,synth_highacc,1,0
vpn dns cloud server login,IT Support,Medium,synth_highacc,0,0
publisher database details journal bibliography,Library,Medium,synth_highacc,8,0
the emergency exit sign in the auditorium is burnt out if there was a power outage it would be impossible to find the way out in the dark,Security / Discipline,Low,complaint_triage,6,1
route overcrowded diversion meter schedule,Transport,Medium,synth_highacc,5,0
exam lecture postponement result grading,Academics,High,synth_highacc,2,2
basement flooding near the main circuit breakers rainwater is seeping through the foundation and pooling around the electrical panels if the water level rises another inch it will trigger a mass short circuit we need sandbags and a suction pump here now,Maintenance,High,complaint_triage,4,2
aisle search light print almanac,Library,Medium,synth_highacc,8,0
shelf absent labelling index desk,Library,Medium,synth_highacc,8,0
brake fuel failure accident meter,Transport,High,synth_highacc,5,2
search locate bibliography citation volume,Library,Medium,synth_highacc,8,0
can we get a clearer map of the administrative building finding the student accounts window is like trying to navigate a maze,Administration,Low,complaint_triage,7,1
canteen coffee costly meal sabzi,Canteen,High,synth_highacc,9,2
alcohol harrass consumption suspicious senior,Security / Discipline,High,synth_highacc,6,2
internet ip slow update restart,IT Support,Low,synth_highacc,0,1
parking diesel fee shuttle clutch,Transport,Low,synth_highacc,5,1
connectivity server unstable display restart,IT Support,High,synth_highacc,0,2
stop rickshaw missing parking clutch,Transport,Medium,synth_highacc,5,0
document policy notice notarized,Administration,High,synth_highacc,7,2
the 7 00 am bus has a very loud engine noise that sounds like something is rattling around inside it s been like this for a month,Transport,Low,complaint_triage,5,1
electrician hole wiring sweeping replace,Maintenance,Low,synth_highacc,4,1
pipeline fused leakage crack garbage,Maintenance,High,synth_highacc,4,2
official requested letter verification attestation,Administration,High,synth_highacc,7,2
concession pending applied bill loan,Fees / Finance,Low,synth_highacc,3,1
the seminar on career opportunities in ai was overbooked many of us had registered but were turned away at the door because the room was full can the department organize a second session or move it to the main auditorium,Academics,Medium,complaint_triage,2,0
reference silent section author magazine,Library,High,synth_highacc,8,2
paint plaster switch electrician carpenter,Maintenance,Medium,synth_highacc,4,0
bonafide issue certificate fee deadline,Administration,Medium,synth_highacc,7,0
journal desk article magazine expired,Library,High,synth_highacc,8,2
update patch failing password vpn,IT Support,Medium,synth_highacc,0,0
statement due account pending credited,Fees / Finance,Medium,synth_highacc,3,0
database edition access membership shelf,Library,Medium,synth_highacc,8,0
rotten rate cheap spoil food,Canteen,Medium,synth_highacc,9,0
payment bill gateway card penalty,Fees / Finance,High,synth_highacc,3,2
battery monitor draining antivirus freeze,IT Support,High,synth_highacc,0,2
rotten menu cup spoil milk,Canteen,Low,synth_highacc,9,1
chair bathroom broken curtain window,Hostels,Medium,synth_highacc,1,0
the trash cans in the courtyard don t have lids this means that sometimes the wind blows lighter pieces of paper back onto the grass switching to bins with flap lids would keep the area looking much neater,Maintenance,Low,complaint_triage,4,1
washroom noisy stinking fan laundry,Hostels,Medium,synth_highacc,1,0
mosquito hostel hanger bathroom service,Hostels,High,synth_highacc,1,2
can we have more trash cans specifically for paper waste in the printer room most of the bins are filled with plastic bottles making it hard to collect the discarded paper for recycling,Academics,Low,complaint_triage,2,1
diesel shuttle petrol van route,Transport,Low,synth_highacc,5,1
paint hinge colour peeling construction,Maintenance,Medium,synth_highacc,4,0
route headlight diversion van stop,Transport,Medium,synth_highacc,5,0
tube cleaning flicker gutter window,Maintenance,Medium,synth_highacc,4,0
theft fir reported abuse stolen,Security / Discipline,High,synth_highacc,6,2
fare windscreen revision charges conductor,Transport,High,synth_highacc,5,2
queue kitchen overcharge counter egg,Canteen,Low,synth_highacc,9,1
can we have a lost and found section on the transport website it would be much easier than calling the office every time someone loses a hat or a glove,Transport,Low,complaint_triage,5,1
internship textbook opportunity answer homework,Academics,Low,synth_highacc,2,1
firewall error restricting projector rebooting,IT Support,Medium,synth_highacc,0,0
unsafe stalking feel robbery thieves,Security / Discipline,Low,synth_highacc,6,1
membership search expire photocopy card,Library,High,synth_highacc,8,2
database counter access return book,Library,High,synth_highacc,8,2
security token for the academic portal is not being sent to my phone i need to register for the supplementary exams by tonight without the otp i can t even enter the site i ve tried multiple times and checked my network please send the code to my email instead,Academics,High,complaint_triage,2,2
download authentication stuck firewall ssd,IT Support,Low,synth_highacc,0,1
processing pending enrollment registrar form,Administration,High,synth_highacc,7,2
my statement of account is completely unreadable it s just a list of codes like fee 01 and ad 99 with no explanation of what i m actually paying for,Administration,Low,complaint_triage,7,1
software cable license router mouse,IT Support,High,synth_highacc,0,2
tea salad cold coffee stale,Canteen,High,synth_highacc,9,2
someone has been following me from the lab to my dorm for the past three nights they stay about twenty feet back and hide whenever i turn around i m terrified to walk home alone tonight and i m currently hiding in the lobby,Security / Discipline,High,complaint_triage,6,2
the fee due alerts on the mobile app are sent at 2 am it s a bit startling to get a notification in the middle of the night scheduling these for during the day would be a much better user experience,Fees / Finance,Low,complaint_triage,3,1
window bunk shutter service expensive,Hostels,High,synth_highacc,1,2
cleaning pane ceiling sweeping stair,Maintenance,Medium,synth_highacc,4,0
interest invoice rate late installment,Fees / Finance,Medium,synth_highacc,3,0
mosquito roommate infestation cotton noisy,Hostels,Low,synth_highacc,1,1
interest scholarship cashier waiver card,Fees / Finance,Medium,synth_highacc,3,0
circular download clarification signature issue,Administration,Low,synth_highacc,7,1
the clocks in the east wing classrooms are not synchronized some are a few minutes behind others which makes it confusing to know exactly when the lecture is supposed to end a quick battery check and sync would be good,Academics,Low,complaint_triage,2,1
download scanner speed speed slow download,IT Support,Low,synth_highacc,0,1
download cloud speed fail slow network,IT Support,Medium,synth_highacc,0,0
i d like to report that the vending machine in the student union has been tampered with the coin slot is jammed with something and it looks like someone tried to pry the front panel off,Security / Discipline,Low,complaint_triage,6,1
reference search desk edition zone,Library,Medium,synth_highacc,8,0
print absent black print newspaper,Library,High,synth_highacc,8,2
credit delayed transfer midterm homework,Academics,High,synth_highacc,2,2
numberplate numberplate bus driver shuttle,Transport,Medium,synth_highacc,5,0
tea expensive milk coffee vegetable,Canteen,Medium,synth_highacc,9,0
the emergency exit signs are a bit faded for safety compliance it might be good to give them a fresh coat of glow in the dark paint so they are clearly visible if the lights ever go out,Hostels,Low,complaint_triage,1,1
attack steal robbery alcohol incident,Security / Discipline,High,synth_highacc,6,2
tile grill cracked broken door,Maintenance,Low,synth_highacc,4,1
towel bucket window heater hanger,Hostels,Medium,synth_highacc,1,0
scholar chapter registration subject paper,Academics,High,synth_highacc,2,2
repair brick urgent sewage paint,Maintenance,Medium,synth_highacc,4,0
bus seat overcrowded petrol tyre,Transport,Low,synth_highacc,5,1
dinner sabzi served glass cheap,Canteen,Low,synth_highacc,9,1
fee charges pending transfer transaction,Fees / Finance,High,synth_highacc,3,2
laptop cloud screen hardware display,IT Support,Low,synth_highacc,0,1
clerk rejected rude hostel download,Administration,Medium,synth_highacc,7,0
photocopy abstract charges desk rack,Library,Medium,synth_highacc,8,0
i ve been waiting for my replacement student id for three weeks i have to get a temporary pass every single morning which is a waste of time for both me and the security guards,Administration,Medium,complaint_triage,7,0
attestation attestation needed procedure procedure,Administration,Low,synth_highacc,7,1
garbage plumber removal hinge carpenter,Maintenance,Low,synth_highacc,4,1
harrash cybercrime complaint stole harassed,Security / Discipline,Medium,synth_highacc,6,0
helmet taxi mandatory rickshaw bus,Transport,Low,synth_highacc,5,1
notebook lesson correction placement training,Academics,Medium,synth_highacc,2,0
chair heater broken bathroom slow,Hostels,Medium,synth_highacc,1,0
snack stale items meal mess,Canteen,Low,synth_highacc,9,1
ceiling garbage damp grill plumber,Maintenance,Medium,synth_highacc,4,0
the faculty advisor has changed three times this semester every time we have to explain our project progress and academic issues to a new person from scratch we need a stable mentor for the rest of the academic year,Academics,Medium,complaint_triage,2,0
monitor internet display backup rebooting,IT Support,Low,synth_highacc,0,1
due netbanking date upi card,Fees / Finance,Low,synth_highacc,3,1
curtain drainage damaged slipper soap,Hostels,Low,synth_highacc,1,1
tap stinking dripping washroom water,Hostels,High,synth_highacc,1,2
audit bill report balance gst,Fees / Finance,High,synth_highacc,3,2
marks assignment incorrect degree exam,Academics,Low,synth_highacc,2,1
shampoo expensive finished chair hanger,Hostels,Low,synth_highacc,1,1
verification issue done download official,Administration,Medium,synth_highacc,7,0
interest interest rate debit loan,Fees / Finance,High,synth_highacc,3,2
the exit sign over the side door is slightly dim it s still readable but it might need a new bulb soon to stay compliant with the safety regulations for the building,Maintenance,Low,complaint_triage,4,1
headlight taillight parking shuttle horn,Transport,Low,synth_highacc,5,1
cctv threatened footage alcohol haras,Security / Discipline,Medium,synth_highacc,6,0
ip freeze address backup monitor,IT Support,Medium,synth_highacc,0,0
case surveillance pending witness threatened,Security / Discipline,Medium,synth_highacc,6,0
overcharge food drink water cup,Canteen,Medium,synth_highacc,9,0
upload wlan speed configure portal,IT Support,Medium,synth_highacc,0,0
prize distribution ceremony was badly organized and delayed,Administration,Medium,manual,7,0
shuttle van vehicle ticket parking,Transport,Low,synth_highacc,5,1
database overdue access rack librarian,Library,Medium,synth_highacc,8,0
drink rate taste juice kitchen,Canteen,Medium,synth_highacc,9,0
monitor password display driver mac,IT Support,High,synth_highacc,0,2
tease molested sexual accused teasing,Security / Discipline,High,synth_highacc,6,2
heater drainage element curtain heating,Hostels,Low,synth_highacc,1,1
cook sauce spoil curry chapati,Canteen,High,synth_highacc,9,2
route ticket changed headlight helmet,Transport,High,synth_highacc,5,2
letterhead dean missing official document,Administration,Medium,synth_highacc,7,0
valve gutter peeling paint roof,Maintenance,High,synth_highacc,4,2
stamp seal form circular submit,Administration,Low,synth_highacc,7,1
drugs evidence peddling stole threatened,Security / Discipline,Medium,synth_highacc,6,0
circular attestation clarification scholarship document,Administration,Medium,synth_highacc,7,0
pipe mopping burst leaking tube,Maintenance,Low,synth_highacc,4,1
threaten smoke life molested hostel,Security / Discipline,Medium,synth_highacc,6,0
card journal renewal article edition,Library,Medium,synth_highacc,8,0
the fine waiver request i submitted last week hasn t been processed i was ill and couldn t pay the mess dues on time and i provided a doctor s note to the accounts manager the 500 late fine is still there can someone please review the case,Fees / Finance,Medium,complaint_triage,3,0
slipper blanket exhaust bed hanger,Hostels,High,synth_highacc,1,2
the internship noc no objection certificate request has been sitting with the department for a week the company needs the signed document to finalize my joining date i have already provided the offer letter please expedite the signature process,Academics,Medium,complaint_triage,2,0
food breakfast rotten bill spoon,Canteen,High,synth_highacc,9,2
balcony pillow tap corridor warden,Hostels,High,synth_highacc,1,2
homework credit notebook project textbook,Academics,High,synth_highacc,2,2
cable connectivity loose hardware working,IT Support,High,synth_highacc,0,2
ethernet patch wlan freeze install,IT Support,Medium,synth_highacc,0,0
window cracked pane ceiling carpenter,Maintenance,High,synth_highacc,4,2
my enrollment verification was sent to the wrong insurance company now my health coverage is being canceled because they think i m no longer a student,Administration,High,complaint_triage,7,2
fir disrespect case complaint harass,Security / Discipline,High,synth_highacc,6,2
credit overdue transfer revaluation quiz,Academics,Low,synth_highacc,2,1
abuse witness patrol threaten harassed,Security / Discipline,Medium,synth_highacc,6,0
document letterhead migration certificate,Administration,Low,synth_highacc,7,1
the lighting in the parking lot has a yellow tint that is a bit dim switching to white led bulbs would make it much easier to find our vehicles and see the locks at night,Hostels,Low,complaint_triage,1,1
chapter lecturer report textbook quiz,Academics,High,synth_highacc,2,2
reference book desk aisle database,Library,Medium,synth_highacc,8,0
return reading date newspaper magazine,Library,Medium,synth_highacc,8,0
printer adapter jam shutdown fail,IT Support,Medium,synth_highacc,0,0
salad counter worth sauce meal,Canteen,High,synth_highacc,9,2
laundry locker service chair cupboard,Hostels,Medium,synth_highacc,1,0
stolen rape theft harassment harassment,Security / Discipline,Low,synth_highacc,6,1
online outstanding payment finance treasury,Fees / Finance,High,synth_highacc,3,2
the shuttle service to the off campus housing is very unreliable sometimes it comes sometimes it doesn t we pay a lot for this and expect better,Transport,Medium,complaint_triage,5,0
fiction nonfiction database return database,Library,Low,synth_highacc,8,1
thesis training submission postpone degree,Academics,Medium,synth_highacc,2,0
professor postpone quiz lecture schedule,Academics,Low,synth_highacc,2,1
socket urgent loose plumber drill,Maintenance,Medium,synth_highacc,4,0
cotton warden hostel pillow towel,Hostels,High,synth_highacc,1,2
login portal desktop software network,IT Support,Low,synth_highacc,0,1
violence stranger physical violence steal,Security / Discipline,High,synth_highacc,6,2
concession tuition due reimbursement stipend,Fees / Finance,Low,synth_highacc,3,1
bus mirror late vehicle meter,Transport,Low,synth_highacc,5,1
menu worth egg quality spoon,Canteen,High,synth_highacc,9,2
practical project missed practical degree,Academics,Low,synth_highacc,2,1
table curtain wobbling almirah curtain,Hostels,High,synth_highacc,1,2
finance portal showing transaction failed but money deducted from upi i paid the supplementary exam fee of 1 500 just now the exam starts in two hours and the invigilator says i need a paid status to enter the hall i have the screenshot of the deduction but the system is stuck please manually verify and update my status so i don t miss the test,Fees / Finance,High,complaint_triage,3,2
route petrol bicycle stop license,Transport,Medium,synth_highacc,5,0
basement flooding near the electrical panel heavy rain has caused water to pool around the main circuit breakers for the hostel if the water level rises another inch the whole building will short circuit need a pump here now,Hostels,High,complaint_triage,1,2
backup browser update bandwidth connect,IT Support,Medium,synth_highacc,0,0
rate meal increased water bill,Canteen,Low,synth_highacc,9,1
table mosquito wobbling blanket water,Hostels,Medium,synth_highacc,1,0
migration dean certificate requested form,Administration,High,synth_highacc,7,2
accident provided reported license auto,Transport,Low,synth_highacc,5,1
harrash thief complaint environment harassment,Security / Discipline,High,synth_highacc,6,2
subject curriculum training topic mentor,Academics,Low,synth_highacc,2,1
arrest bullied insulting offence sexually,Security / Discipline,Low,synth_highacc,6,1
roommate mug shifting warden balcony,Hostels,Low,synth_highacc,1,1
letterhead delay format awaiting form,Administration,Low,synth_highacc,7,1
rice fresh counter chapati breakfast,Canteen,Medium,synth_highacc,9,0
finance treasury fee interest pending,Fees / Finance,Low,synth_highacc,3,1
newspaper edition membership article journal,Library,Medium,synth_highacc,8,0
processing signature slow document dean,Administration,High,synth_highacc,7,2
chair towel broken hanger corridor,Hostels,Low,synth_highacc,1,1
fight threaten broke stolen culprit,Security / Discipline,Low,synth_highacc,6,1
flush sink exhaust detergent ventilator,Hostels,Medium,synth_highacc,1,0
floor jammed slippery fixture sweeping,Maintenance,Medium,synth_highacc,4,0
printer keyboard offline download rebooting,IT Support,Medium,synth_highacc,0,0
transaction interest gst bank budget,Fees / Finance,Low,synth_highacc,3,1
pipeline renovation plaster fixture repairman,Maintenance,Low,synth_highacc,4,1
reading silent magazine journal overdue,Library,Low,synth_highacc,8,1
geyser corridor leaking fan service,Hostels,Medium,synth_highacc,1,0
mouse patch clicking restart portal,IT Support,Low,synth_highacc,0,1
warden bucket permission staircase shampoo,Hostels,Low,synth_highacc,1,1
backup cable restore rebooting motherboard,IT Support,Low,synth_highacc,0,1
blanket mattress heating mattress mosquito,Hostels,High,synth_highacc,1,2
sexually scam teasing witness abusing,Security / Discipline,Medium,synth_highacc,6,0
assignment midterm deadline revaluation project,Academics,Medium,synth_highacc,2,0
schedule horn delayed helmet helmet,Transport,Low,synth_highacc,5,1
door wire jammed ladder exposed,Maintenance,Low,synth_highacc,4,1
the paper quality of the internal test sheets is very thin ink from gel pens often bleeds through to the other side making it messy to write on both pages using a slightly thicker paper would be better,Academics,Low,complaint_triage,2,1
the grading scale for the data science course was changed mid way through the semester we were originally told it would be a relative grading system but now it s been moved to absolute this significantly changes how we need to perform to get an a,Academics,Medium,complaint_triage,2,0
fight fought broke assaulted abusing,Security / Discipline,Medium,synth_highacc,6,0
presentation notebook evaluated timetable faculty,Academics,High,synth_highacc,2,2
monitor ssd display cable connectivity,IT Support,Low,synth_highacc,0,1
outstanding gst amount due arrear,Fees / Finance,Medium,synth_highacc,3,0
approval enrollment pending admission attestation,Administration,Low,synth_highacc,7,1
stop clutch missing fuel mirror,Transport,Medium,synth_highacc,5,0
mosquito stinking net hostel mosquito,Hostels,Medium,synth_highacc,1,0
sexual fought harrash thief thieves,Security / Discipline,Low,synth_highacc,6,1
salad drink overcharge sauce price,Canteen,Low,synth_highacc,9,1
fare mandatory revision taillight brake,Transport,High,synth_highacc,5,2
lab pcs rejecting logins during scheduled practical multiple students can t sign in to desktops error user profile service failed the sign in practical begins in 30 minutes tried alternate stations same error please refresh the profile service and reimage if needed any immediate workaround is appreciated time sensitive for the course,IT Support,High,complaint_triage,0,2
patrol accused victim investigate harassed,Security / Discipline,Low,synth_highacc,6,1
construction sparking debris stair wire,Maintenance,High,synth_highacc,4,2
the fee payment window is only open from 10 am to 3 pm since most of us have labs during these hours it s hard to visit the office extending the window by just one hour until 4 pm would be a huge help,Fees / Finance,Low,complaint_triage,3,1
midterm project results exam diploma,Academics,Low,synth_highacc,2,1
washroom toilet flush shampoo door,Hostels,Medium,synth_highacc,1,0
endorse examination document guideline admission,Administration,High,synth_highacc,7,2
threaten evidence life smoke bullied,Security / Discipline,Medium,synth_highacc,6,0
sabzi queue fresh pickle quality,Canteen,Medium,synth_highacc,9,0
borrow author limit librarian book,Library,Medium,synth_highacc,8,0
charges tax transaction outstanding balance,Fees / Finance,Low,synth_highacc,3,1
fund budget tax pending tuition,Fees / Finance,Medium,synth_highacc,3,0
electrician ladder wiring dust paint,Maintenance,High,synth_highacc,4,2
citation overdue format renew available,Library,Medium,synth_highacc,8,0
power bi workspace contributor access request need to publish departmental dashboards read only currently blocks refresh and edits please add my account to the correct security group workspace id ready to share,IT Support,Medium,complaint_triage,0,0
roommate stinking noisy mosquito door,Hostels,High,synth_highacc,1,2
roommate heater balcony strict,Hostels,High,synth_highacc,1,2
parking conductor full van diesel,Transport,Low,synth_highacc,5,1
practical answer diploma viva homework,Academics,Medium,synth_highacc,2,0
fund budget loan reimbursement tuition,Fees / Finance,High,synth_highacc,3,2
fixture repairman replacement cement sparking,Maintenance,High,synth_highacc,4,2
how to join student clubs,Academics,Low,query_test,2,1
cleaning pipe sparking sweeping fix,Maintenance,Medium,synth_highacc,4,0
dinner spoon served cheap price,Canteen,Medium,synth_highacc,9,0
notary sworn attest status delay,Administration,Medium,synth_highacc,7,0
the seats on the new buses are very narrow it s quite uncomfortable when the bus is full and you re squeezed in between two other people,Transport,Low,complaint_triage,5,1
due deposit arrear credit fund,Fees / Finance,High,synth_highacc,3,2
diploma credit verification assignment cancel,Academics,Medium,synth_highacc,2,0
i received an academic probation warning but my gpa is 3 8 there is clearly a glitch in the data processing for the faculty of engineering this is causing me a lot of unnecessary stress,Administration,High,complaint_triage,7,2
subject missing mentor topic tutorial,Academics,Medium,synth_highacc,2,0
cable install loose firmware display,IT Support,High,synth_highacc,0,2
exam practical postponement overdue subject,Academics,Medium,synth_highacc,2,0
configure down setup computer download,IT Support,High,synth_highacc,0,2
ceiling hole repair crack leak,Maintenance,Medium,synth_highacc,4,0
warden detergent exhaust expensive,Hostels,Low,synth_highacc,1,1
sabzi oil cook pickle hygiene,Canteen,Medium,synth_highacc,9,0
vegetable lunch spoil chicken salad,Canteen,Low,synth_highacc,9,1
fare helmet increased horn mirror,Transport,High,synth_highacc,5,2
browser storage cache firmware ssd,IT Support,Medium,synth_highacc,0,0
meal taste spoiled cup vegetable,Canteen,High,synth_highacc,9,2
heater exhaust element flush roommate,Hostels,High,synth_highacc,1,2
attestation bonafide needed procedure rejected,Administration,Medium,synth_highacc,7,0
kitchen cook price meal mess,Canteen,Low,synth_highacc,9,1
keyboard mouse backup ram connect,IT Support,High,synth_highacc,0,2
scholarship pending form registrar processing,Administration,High,synth_highacc,7,2
publisher citation details fiction abstract,Library,Low,synth_highacc,8,1
lecture delay timing group presentation,Academics,Medium,synth_highacc,2,0
oil drink chicken plate chapati,Canteen,Medium,synth_highacc,9,0
route provided changed overcrowded driver,Transport,High,synth_highacc,5,2
tax fee deduction transaction charges,Fees / Finance,Low,synth_highacc,3,1
steal stole caught molested injured,Security / Discipline,High,synth_highacc,6,2
backup protocol driver bandwidth cache,IT Support,Medium,synth_highacc,0,0
drain sewage construction peeling socket,Maintenance,High,synth_highacc,4,2
silent silent zone membership article,Library,Medium,synth_highacc,8,0
keyboard mouse down mouse firmware,IT Support,High,synth_highacc,0,2
lunch spoil delayed overcharge meal,Canteen,Medium,synth_highacc,9,0
report hostel teasing case assault,Security / Discipline,High,synth_highacc,6,2
netbanking loan upi upi application,Fees / Finance,High,synth_highacc,3,2
tea worth overcharge coffee rate,Canteen,Low,synth_highacc,9,1
question degree paper presentation scholar,Academics,High,synth_highacc,2,2
van gear overloaded taillight headlight,Transport,Low,synth_highacc,5,1
the floor of the bus is extremely slippery when it rains i saw several people almost wipe out today maybe some non slip mats could be installed near the doors,Transport,Medium,complaint_triage,5,0
admission notary form download processing,Administration,Low,synth_highacc,7,1
menu overcharge drink quality mess,Canteen,Low,synth_highacc,9,1
ceiling plaster repair lock fused,Maintenance,Medium,synth_highacc,4,0
shelf rack membership reading reference,Library,Medium,synth_highacc,8,0
scholarship loan renewal bill fund,Fees / Finance,Low,synth_highacc,3,1
print research black aisle expired,Library,High,synth_highacc,8,2
washroom shampoo stinking mosquito sink,Hostels,High,synth_highacc,1,2
penalty article research membership renew,Library,Medium,synth_highacc,8,0
pipe plumber joint fused lock,Maintenance,Low,synth_highacc,4,1
lock pipe broken leaking mopping,Maintenance,Low,synth_highacc,4,1
affidavit letterhead sworn processing fee,Administration,Low,synth_highacc,7,1
projector monitor blurry slow router,IT Support,High,synth_highacc,0,2
rice curry fork chapati rate,Canteen,Medium,synth_highacc,9,0
carpenter paint tile leak sparking,Maintenance,Low,synth_highacc,4,1
vpn offline firmware server driver,IT Support,High,synth_highacc,0,2
subject workshop registration chapter answer,Academics,Medium,synth_highacc,2,0
payment refund gateway loan transaction,Fees / Finance,High,synth_highacc,3,2
cleaning socket required ladder wrench,Maintenance,Low,synth_highacc,4,1
cab charges unavailable horn clutch,Transport,Low,synth_highacc,5,1
installment installment option penalty receipt,Fees / Finance,Low,synth_highacc,3,1
card penalty declined payable invoice,Fees / Finance,High,synth_highacc,3,2
fiction nonfiction print abstract newspaper,Library,High,synth_highacc,8,2
letterhead verification procedure official issue,Administration,High,synth_highacc,7,2
bill fee incorrect due application,Fees / Finance,Low,synth_highacc,3,1
backlog registration fee deducted thrice the server crashed while i was trying to register for my re exams now 4 500 is gone instead of 1 500 i need those funds back to pay for my mess bill which is due today please check the logs and initiate the reversal of the two extra charges,Fees / Finance,High,complaint_triage,3,2
helmet brake battery license mirror,Transport,Low,synth_highacc,5,1
repair broken urgent hole repairman,Maintenance,High,synth_highacc,4,2
card database renewal librarian expired,Library,High,synth_highacc,8,2
circular notice submission submit deadline,Administration,Low,synth_highacc,7,1
schedule charges delayed mirror bicycle,Transport,High,synth_highacc,5,2
the panic button in my office isn t responding i tried to do a routine check and the light didn t come on can someone from the technical team come and fix it today,Security / Discipline,Medium,complaint_triage,6,0
danger witness kidnap unsafe thief,Security / Discipline,High,synth_highacc,6,2
mess price taste food daal,Canteen,Low,synth_highacc,9,1
wire hammer exposed hole pane,Maintenance,Medium,synth_highacc,4,0
newspaper author zone article nonfiction,Library,Medium,synth_highacc,8,0
the driver was smoking inside the bus while waiting at the terminus the whole cabin smelled like cigarettes when we boarded which is gross and also against campus policy,Transport,Low,complaint_triage,5,1
stair peeling railing fuse hinge,Maintenance,High,synth_highacc,4,2
affidavit submission sworn rejected rejected,Administration,High,synth_highacc,7,2
snack rice items pickle pickle,Canteen,Medium,synth_highacc,9,0
deduction upi extra treasury outstanding,Fees / Finance,Medium,synth_highacc,3,0
tea milk stale coffee food,Canteen,Medium,synth_highacc,9,0
midterm result results notebook final,Academics,Low,synth_highacc,2,1
circular clerk issued registration policy,Administration,High,synth_highacc,7,2
balance grant enquiry loan audit,Fees / Finance,High,synth_highacc,3,2
oil daal glass plate coffee,Canteen,Medium,synth_highacc,9,0
fan service speed mug flush,Hostels,Low,synth_highacc,1,1
taste canteen bad coffee kitchen,Canteen,Low,synth_highacc,9,1
magazine audiobook latest card citation,Library,High,synth_highacc,8,2
seminar tutorial postponed seminar exam,Academics,High,synth_highacc,2,2
roommate bathroom shifting geyser inverter,Hostels,High,synth_highacc,1,2
syllabus revaluation topic lesson credit,Academics,Low,synth_highacc,2,1
authentication motherboard invalid fail connect,IT Support,Medium,synth_highacc,0,0
hammer sweeping leak screwdriver paint,Maintenance,Low,synth_highacc,4,1
enrollment scholarship confirmed application missing,Administration,Medium,synth_highacc,7,0
refund netbanking process statement budget,Fees / Finance,Medium,synth_highacc,3,0
vpn vpn slow server reboot,IT Support,High,synth_highacc,0,2
workshop deadline material question delay,Academics,High,synth_highacc,2,2
threaten raped life theft rape,Security / Discipline,Low,synth_highacc,6,1
antivirus rebooting dns firewall keyboard,IT Support,Medium,synth_highacc,0,0
tutorial schedule assignment topic topic,Academics,High,synth_highacc,2,2
gear indicator cycle headlight fuel,Transport,High,synth_highacc,5,2
valve brick damaged leak plaster,Maintenance,Low,synth_highacc,4,1
hostel locker gate chair locker,Hostels,Medium,synth_highacc,1,0
harrass abused sexual fraud rape,Security / Discipline,High,synth_highacc,6,2
guideline certificate followed delay download,Administration,Medium,synth_highacc,7,0
journal absent binding aisle card,Library,High,synth_highacc,8,2
rice dinner kitchen chapati plate,Canteen,High,synth_highacc,9,2
conductor stop behaviour mirror seat,Transport,High,synth_highacc,5,2
volume edition index print fine,Library,Medium,synth_highacc,8,0
washroom staircase stinking laundry water,Hostels,High,synth_highacc,1,2
verification status done affidavit sworn,Administration,Medium,synth_highacc,7,0
due interest date payable outstanding,Fees / Finance,Low,synth_highacc,3,1
tile pipe broken urgent carpenter,Maintenance,Low,synth_highacc,4,1
workshop delayed placement tutorial diploma,Academics,High,synth_highacc,2,2
egg cook oil daal salad,Canteen,High,synth_highacc,9,2
harrash harrass complaint evidence accused,Security / Discipline,High,synth_highacc,6,2
renew scan membership fine reading,Library,Medium,synth_highacc,8,0
monitor bandwidth display internet down,IT Support,High,synth_highacc,0,2
cab taxi brake driver fare,Transport,Low,synth_highacc,5,1
bully thief complaint abuse alcohol,Security / Discipline,High,synth_highacc,6,2
publisher audiobook details audiobook publisher,Library,Medium,synth_highacc,8,0
bullied harrash harassed scam evidence,Security / Discipline,Medium,synth_highacc,6,0
ragging fought stopped stole tease,Security / Discipline,High,synth_highacc,6,2
signature rejected required migration hostel,Administration,High,synth_highacc,7,2
meter auto tampered overcrowded taxi,Transport,Low,synth_highacc,5,1
stop van unsafe indicator cycle,Transport,Low,synth_highacc,5,1
policy delay unclear certificate circular,Administration,High,synth_highacc,7,2
indicator helmet broken parking bicycle,Transport,Medium,synth_highacc,5,0
counter curry staff sabzi cheap,Canteen,Medium,synth_highacc,9,0
answer diploma key scholar scholar,Academics,Low,synth_highacc,2,1
detergent slipper drainage hanger strict,Hostels,High,synth_highacc,1,2
food price shortage plate cheap,Canteen,Medium,synth_highacc,9,0
curriculum marks outdated group diploma,Academics,Low,synth_highacc,2,1
backup portal restore connectivity install,IT Support,High,synth_highacc,0,2
notebook training correction schedule overdue,Academics,Low,synth_highacc,2,1
attestation certificate needed submission attestation,Administration,Medium,synth_highacc,7,0
trespass stalk weapon vandalism smoke,Security / Discipline,Low,synth_highacc,6,1
oil water quality plate snack,Canteen,High,synth_highacc,9,2
headlight shuttle dim bus route,Transport,Low,synth_highacc,5,1
chapati fork hard spoon oil,Canteen,Medium,synth_highacc,9,0
the outcomes section on my transcript is blank for the last semester even though the grades are there the credits earned column shows zero this is a technical bug that needs to be fixed before i apply for my internship,Academics,Medium,complaint_triage,2,0
fir report trespass complaint abuse,Security / Discipline,Medium,synth_highacc,6,0
journal catalogue binding shelf thesis,Library,High,synth_highacc,8,2
approval awaiting awaited migration submission,Administration,High,synth_highacc,7,2
roommate shampoo noisy drainage inverter,Hostels,Low,synth_highacc,1,1
application requested fee application verification,Administration,Low,synth_highacc,7,1
danger theft bully unsafe thief,Security / Discipline,High,synth_highacc,6,2
regulation delay strict delay delay,Administration,High,synth_highacc,7,2
socket fuse sparking fuse tile,Maintenance,High,synth_highacc,4,2
milk oil rate food rice,Canteen,High,synth_highacc,9,2
trespass molest fight vandalism working,Security / Discipline,High,synth_highacc,6,2
vegetable salad sauce chicken salad,Canteen,High,synth_highacc,9,2
processing pending time bonafide dean,Administration,Medium,synth_highacc,7,0
fan service speed blanket toilet,Hostels,Low,synth_highacc,1,1
verification endorse pending transfer signature,Administration,Medium,synth_highacc,7,0
food mess shortage vegetable vegetable,Canteen,Medium,synth_highacc,9,0
notice approval board signature rejected,Administration,Low,synth_highacc,7,1
signature notice attestation fee regulation,Administration,Low,synth_highacc,7,1
driver mirror rickshaw conductor horn,Transport,Medium,synth_highacc,5,0
reimbursement payment pending interest bank,Fees / Finance,Low,synth_highacc,3,1
numberplate cycle missing clutch fuel,Transport,Low,synth_highacc,5,1
fee delayed pending reimbursement charges,Fees / Finance,Medium,synth_highacc,3,0
concession upi applied deduction pending,Fees / Finance,High,synth_highacc,3,2
smoke laptop banned trespass report,Security / Discipline,Medium,synth_highacc,6,0
drain fused overflowing door bulb,Maintenance,High,synth_highacc,4,2
tutorial deadline cancelled question chapter,Academics,Low,synth_highacc,2,1
certificate guideline delayed document pending,Administration,High,synth_highacc,7,2
my change of address hasn t been processed so my tax forms were sent to a house i moved out of a year ago i am very worried about my social security number being exposed,Administration,High,complaint_triage,7,2
treasury receipt department account payable,Fees / Finance,Medium,synth_highacc,3,0
login desktop failing server ethernet,IT Support,Medium,synth_highacc,0,0
tuition grant remission loan tax,Fees / Finance,Low,synth_highacc,3,1
modem charger signal adapter update,IT Support,Medium,synth_highacc,0,0
rotten oil breakfast spoil expensive,Canteen,Medium,synth_highacc,9,0
cab taxi provided schedule van,Transport,Medium,synth_highacc,5,0
bandwidth driver insufficient backup monitor,IT Support,High,synth_highacc,0,2
deposit charges refund pending card,Fees / Finance,Low,synth_highacc,3,1
desk fine staff catalogue reference,Library,High,synth_highacc,8,2
report cybercrime unsafe case steals,Security / Discipline,Low,synth_highacc,6,1
reference research desk research search,Library,High,synth_highacc,8,2
quiz schedule revaluation viva workshop,Academics,Medium,synth_highacc,2,0
grant due approved loan tuition,Fees / Finance,Medium,synth_highacc,3,0
scholarship status remains pending for over a month i ve submitted all the documents for the state scholarship but the university hasn t forwarded my application to the government portal yet if this delay continues the government portal will close please expedite the verification,Fees / Finance,Medium,complaint_triage,3,0
the finance section website takes a long time to load on mobile browsers since many of us check our balance on the go a lite version of the site would be very useful,Fees / Finance,Low,complaint_triage,3,1
bill sauce overcharge cup quality,Canteen,High,synth_highacc,9,2
tutorial faculty assignment scholar grade,Academics,Low,synth_highacc,2,1
workshop tutorial registration viva credit,Academics,Medium,synth_highacc,2,0
transaction receipt refund bank due,Fees / Finance,High,synth_highacc,3,2
the shuttle route is very bumpy near the construction site it s hard to write or work on a laptop during the commute could the path be rerouted slightly,Transport,Low,complaint_triage,5,1
circular status clarification application dean,Administration,Medium,synth_highacc,7,0
reading silent available print publisher,Library,Low,synth_highacc,8,1
antivirus antivirus blocking rebooting motherboard,IT Support,High,synth_highacc,0,2
chapter professor cancel textbook presentation,Academics,Medium,synth_highacc,2,0
placement placement drive notebook overdue,Academics,High,synth_highacc,2,2
research ebook index reference librarian,Library,Medium,synth_highacc,8,0
software cable crashing internet cache,IT Support,Medium,synth_highacc,0,0
battery usb draining charger cache,IT Support,Low,synth_highacc,0,1
mess meal quality rice snack,Canteen,Low,synth_highacc,9,1
suggestion for a small lost and found shelf near the maintenance office people often find keys or small tools and don t know where to drop them off a designated wooden shelf would be very useful for the community,Maintenance,Low,complaint_triage,4,1
quiz overdue score deadline missing,Academics,Low,synth_highacc,2,1
calculated sgpa on the result portal is mathematically incorrect it shows a 6 5 when it should be an 8 2 based on the grades displayed this is a critical error in the portal s logic that is affecting the entire branch s ranking please pause the results and recalculate before the official transcripts are printed,Academics,High,complaint_triage,2,2
aisle nonfiction light periodical magazine,Library,High,synth_highacc,8,2
breakfast overcharge menu oil expensive,Canteen,Low,synth_highacc,9,1
laundry hostel machine cotton cotton,Hostels,High,synth_highacc,1,2
scan newspaper document audiobook magazine,Library,High,synth_highacc,8,2
bus cycle bicycle indicator,Transport,High,synth_highacc,5,2
i witnessed a staff member at the front desk being extremely dismissive and rude to a student who was struggling with a language barrier it was very unprofessional and didn t reflect well on our campus values,Administration,Medium,complaint_triage,7,0
interrogate sexually suspect patrol stolen,Security / Discipline,Low,synth_highacc,6,1
traffic clutch jam brake fuel,Transport,High,synth_highacc,5,2
index available page available card,Library,High,synth_highacc,8,2
antivirus projector blocking bug email,IT Support,Low,synth_highacc,0,1
cement brick screwdriver wrench cement,Maintenance,High,synth_highacc,4,2
violence abusing physical suspicious bully,Security / Discipline,High,synth_highacc,6,2
librarian book help abstract magazine,Library,Medium,synth_highacc,8,0
cultural fest event management was poorly handled by coordinators,Administration,Medium,manual,7,0
i witnessed a hit and run in the student parking lot a silver suv hit a parked motorcycle and just drove off without leaving a note i have a partial license plate number if you need it,Security / Discipline,Medium,complaint_triage,6,0
coffee queue bitter sabzi plate,Canteen,Low,synth_highacc,9,1
ceiling maintenance repair stair exposed,Maintenance,Low,synth_highacc,4,1
cctv working footage harassed examined harassment,Security / Discipline,High,synth_highacc,6,2
form form download awaiting clerk,Administration,Low,synth_highacc,7,1
theft harrash raped steal,Security / Discipline,High,synth_highacc,6,2
toilet expensive blocked strict fan,Hostels,Medium,synth_highacc,1,0
door ventilator lock cotton hanger,Hostels,High,synth_highacc,1,2
balcony cupboard warden corridor tap,Hostels,High,synth_highacc,1,2
my student id card isn t being recognized by the scanner on the blue route buses every time i board i have to explain the situation to the driver which holds up the line i ve already been to the admin office and they said the card is fine so it must be the bus scanners,Transport,Medium,complaint_triage,5,0
cashier application counter credit penalty,Fees / Finance,Low,synth_highacc,3,1
email desktop fail password connectivity,IT Support,High,synth_highacc,0,2
book silent card aisle,Library,Medium,synth_highacc,8,0
fiction available available fiction catalogue,Library,Medium,synth_highacc,8,0
payment invoice interest refund online,Fees / Finance,High,synth_highacc,3,2
diploma topic verification tutorial textbook,Academics,Medium,synth_highacc,2,0
enrollment policy confirmed migration submit,Administration,Low,synth_highacc,7,1
floor hinge slippery drain lock,Maintenance,Low,synth_highacc,4,1
theft victim smoke ragging,Security / Discipline,High,synth_highacc,6,2
reboot shutdown mac ip bluetooth,IT Support,Medium,synth_highacc,0,0
cable ip loose driver down,IT Support,High,synth_highacc,0,2
floor fuse mopping maintenance socket,Maintenance,Low,synth_highacc,4,1
transaction account error loan treasury,Fees / Finance,High,synth_highacc,3,2
subject midterm elective grading mentor,Academics,High,synth_highacc,2,2
bill daal canteen rate curry,Canteen,Low,synth_highacc,9,1
policy deadline unclear attestation official,Administration,Medium,synth_highacc,7,0
the water cooler in the faculty wing is much colder than the ones in the student areas it would be nice if the student coolers could be adjusted to the same temperature especially during the summer months,Academics,Low,complaint_triage,2,1
printer projector log not ethernet,IT Support,High,synth_highacc,0,2
paint valve peeling mopping sweeping,Maintenance,Medium,synth_highacc,4,0
coffee coffee bitter cup meal,Canteen,High,synth_highacc,9,2
the window mesh in room 108 is torn mosquitoes are getting in at night even when the glass is closed because the screen is loose i would appreciate it if maintenance could replace the mesh with a new one,Maintenance,Medium,complaint_triage,4,0
lunch chapati delayed counter rice,Canteen,High,synth_highacc,9,2
witness cybercrime statement hostel complaint,Security / Discipline,High,synth_highacc,6,2
notice letterhead board notary document,Administration,High,synth_highacc,7,2
my laptop sounds like a jet engine just reading news articles no heavy apps open is there a fix for this it s embarrassing in the library,IT Support,Low,complaint_triage,0,1
mopping wrench urgent garbage wrench,Maintenance,Low,synth_highacc,4,1
submission dean pending circular requested,Administration,Medium,synth_highacc,7,0
approval approval awaited letterhead submission,Administration,Low,synth_highacc,7,1
faculty missing homework exam training,Academics,Low,synth_highacc,2,1
download driver speed scanner slow password,IT Support,Low,synth_highacc,0,1
enrollment issue confirmed submit procedure,Administration,High,synth_highacc,7,2
locker service key service heater,Hostels,Medium,synth_highacc,1,0
ticket traffic vehicle seat meter,Transport,Low,synth_highacc,5,1
paint valve peeling valve gutter,Maintenance,High,synth_highacc,4,2
the microwave in the student pantry is not heating food evenly one side of the plate stays cold while the other is boiling it might be the rotating base or the magnetron failing can we have it checked by an appliance technician,Maintenance,Medium,complaint_triage,4,0
sewage cement smell hammer hammer,Maintenance,Medium,synth_highacc,4,0
hygiene fresh poor price chicken,Canteen,Low,synth_highacc,9,1
mattress cupboard hard dirty mug,Hostels,Low,synth_highacc,1,1
letterhead procedure submission official download,Administration,Medium,synth_highacc,7,0
i ve been waiting in the queue at the registrar s office for three hours there is only one person working at the desk while five others are visible in the back just chatting this is a total lack of respect for student time,Administration,Medium,complaint_triage,7,0
photocopy audiobook thesis print citation,Library,Low,synth_highacc,8,1
grant upi approved interest account,Fees / Finance,High,synth_highacc,3,2
catalogue ebook search author stack,Library,High,synth_highacc,8,2
fire alarm system is malfunctioning and sounding continuously in block d it has been going off for 20 minutes but there is no fire however because it won t stop students are ignoring it which is dangerous if a real emergency occurs we need the system reset and the faulty sensor replaced immediately,Maintenance,High,complaint_triage,4,2
cement brick mopping dust leaking,Maintenance,High,synth_highacc,4,2
offence steal serious stolen report,Security / Discipline,Low,synth_highacc,6,1
construction door debris door repairman,Maintenance,Medium,synth_highacc,4,0
submission admission late policy admission,Administration,Medium,synth_highacc,7,0
bug projector shutdown log cache patch,IT Support,High,synth_highacc,0,2
assignment submission feedback notebook revaluation,Academics,High,synth_highacc,2,2
netbanking account upi balance arrear,Fees / Finance,Low,synth_highacc,3,1
balance due enquiry treasury installment,Fees / Finance,Low,synth_highacc,3,1
almirah cupboard cupboard table service,Hostels,High,synth_highacc,1,2
subject postpone lecture topic scholar,Academics,High,synth_highacc,2,2
tease cybercrime sexual theft accused,Security / Discipline,High,synth_highacc,6,2
sexually evidence abusing abuse thieves,Security / Discipline,Low,synth_highacc,6,1
my parent s access to the gusest portal isn t working they are trying to help me with my financial planning but they can t see the billing statements,Administration,Low,complaint_triage,7,1
guard investigate sleeping steals stranger,Security / Discipline,Low,synth_highacc,6,1
project cancel guide delayed internship,Academics,Low,synth_highacc,2,1
the laboratory manuals for the analog electronics lab have not been distributed yet we are being asked to write our journals based on verbal instructions which is leading to many mistakes can we get the official pdf guides by the next lab session,Academics,Medium,complaint_triage,2,0
topic lecturer unclear lecture textbook,Academics,High,synth_highacc,2,2
cctv interrogate footage raped hostel,Security / Discipline,Medium,synth_highacc,6,0
i noticed that the shuttle doesn t run during the spring break some of us stay on campus to work or study and it s very hard to get around without the buses,Transport,Low,complaint_triage,5,1
counter book staff zone renew,Library,Medium,synth_highacc,8,0
queue plate long egg price,Canteen,High,synth_highacc,9,2
exhaust fan in the mess is not working the dining area gets incredibly smoky and hot during lunch hour because the ventilation system isn t clearing the air it makes eating there very uncomfortable please repair the exhaust units,Hostels,Medium,complaint_triage,1,0
unsafe drugs feel assault offence,Security / Discipline,High,synth_highacc,6,2
heater hostel element mug exhaust,Hostels,High,synth_highacc,1,2
cab taxi cycle vehicle traffic,Transport,High,synth_highacc,5,2
tease harassment sexual stalk witness,Security / Discipline,Low,synth_highacc,6,1
mouse server clicking offline charger,IT Support,Medium,synth_highacc,0,0
vending machine in the lobby is eating coins i tried to buy a snack last night and it took my money without dispensing anything this has happened to three other students today the machine needs to be serviced or disabled until fixed,Hostels,Medium,complaint_triage,1,0
mosquito strict infestation drainage ventilator,Hostels,Low,synth_highacc,1,1
account netbanking credited pending fee,Fees / Finance,High,synth_highacc,3,2
curtain detergent damaged roommate stinking,Hostels,High,synth_highacc,1,2
diploma final verification tutorial project,Academics,Low,synth_highacc,2,1
submission application pending document procedure,Administration,Low,synth_highacc,7,1
locate bibliography shelf zone journal,Library,Low,synth_highacc,8,1
bank delayed transfer card remit,Fees / Finance,Medium,synth_highacc,3,0
warden strict hanger bed,Hostels,Low,synth_highacc,1,1
i think it would be a good idea to have more safe walk volunteers available during finals week the library stays open 24 7 but many people are afraid to walk back to their cars at 4 00 am,Security / Discipline,Low,complaint_triage,6,1
gear indicator helmet indicator conductor,Transport,Medium,synth_highacc,5,0
curtain bathroom damaged drainage water,Hostels,High,synth_highacc,1,2
bandwidth antivirus insufficient router configure,IT Support,High,synth_highacc,0,2
the bus stop near the library is always full of trash it would be nice if there was a bigger bin there that got emptied more often,Transport,Low,complaint_triage,5,1
cycle bicycle battery bicycle cycle,Transport,Low,synth_highacc,5,1
route parking diversion indicator mirror,Transport,Low,synth_highacc,5,1
scholarship loan not bank tuition,Fees / Finance,Medium,synth_highacc,3,0
meal rice spoiled rate worth,Canteen,Low,synth_highacc,9,1
egg spoil mess daal milk,Canteen,High,synth_highacc,9,2
grade answer missing faculty placement,Academics,High,synth_highacc,2,2
netbanking balance upi gst arrear,Fees / Finance,Medium,synth_highacc,3,0
maintenance screwdriver needed ladder mopping,Maintenance,Medium,synth_highacc,4,0
authentication password invalid cloud cache,IT Support,Low,synth_highacc,0,1
bed expensive squeaky slow laundry,Hostels,Medium,synth_highacc,1,0
deadline clerk missed enrollment notary,Administration,High,synth_highacc,7,2
thesis zone binding periodical almanac,Library,Medium,synth_highacc,8,0
index borrow page librarian membership,Library,Medium,synth_highacc,8,0
credit timetable transfer diploma internship,Academics,Low,synth_highacc,2,1
volume edition reference scan catalogue,Library,High,synth_highacc,8,2
fight assault broke harass stalking,Security / Discipline,Medium,synth_highacc,6,0
mopping lock garbage garbage tube,Maintenance,Medium,synth_highacc,4,0
router firmware rebooting backup error,IT Support,Low,synth_highacc,0,1
conductor provided rude diesel parking,Transport,High,synth_highacc,5,2
danger fraud laptop unsafe thieves,Security / Discipline,Medium,synth_highacc,6,0
threaten patrol life complaint teasing,Security / Discipline,Medium,synth_highacc,6,0
the driver of the midday loop was incredibly rude to an international student today he shouted at her because she didn t understand how the pass system worked it was very unprofessional and made everyone on the bus uncomfortable,Transport,Medium,complaint_triage,5,0
processing procedure time policy dean,Administration,Low,synth_highacc,7,1
bully victim complaint steal steal,Security / Discipline,High,synth_highacc,6,2
mosquito cotton infestation service exhaust,Hostels,Medium,synth_highacc,1,0
verification missing affidavit attestation scholarship,Administration,High,synth_highacc,7,2
ip port address offline offline,IT Support,High,synth_highacc,0,2
shuttle van numberplate pickup brake,Transport,High,synth_highacc,5,2
van cycle overloaded route van,Transport,Medium,synth_highacc,5,0
cashier outstanding upi loan bank,Fees / Finance,Low,synth_highacc,3,1
mac bug filter firewall wlan,IT Support,High,synth_highacc,0,2
workshop marks material seminar lecture,Academics,Medium,synth_highacc,2,0
van helmet overloaded cycle fuel,Transport,Medium,synth_highacc,5,0
stolen evidence danger harassment surveillance,Security / Discipline,Medium,synth_highacc,6,0
arrest prohibited made laptop complaint,Security / Discipline,Low,synth_highacc,6,1
citation index format article newspaper,Library,Low,synth_highacc,8,1
fee concession waiver transfer loan,Fees / Finance,Low,synth_highacc,3,1
toilet hanger blocked bunk hanger,Hostels,High,synth_highacc,1,2
document clerk status hostel,Administration,High,synth_highacc,7,2
i found a knife hidden in the bushes near the daycare center i haven t touched it it looks like it was ditched there recently,Security / Discipline,High,complaint_triage,6,2
index membership page desk book,Library,Low,synth_highacc,8,1
librarian publisher help card available,Library,High,synth_highacc,8,2
projector crash blurry projector wifi,IT Support,High,synth_highacc,0,2
renew rack request search subscription,Library,Medium,synth_highacc,8,0
grade revaluation missing delay tutorial,Academics,High,synth_highacc,2,2
table exhaust wobbling toilet flush,Hostels,High,synth_highacc,1,2
enrollment awaiting delay registration bonafide,Administration,Medium,synth_highacc,7,0
bus route cleaning windscreen taillight,Transport,High,synth_highacc,5,2
mirror taxi cracked driver mirror,Transport,High,synth_highacc,5,2
investigate drugs matter tease fought,Security / Discipline,High,synth_highacc,6,2
carpenter hinge furniture sparking fix,Maintenance,Medium,synth_highacc,4,0
tyre charges puncture brake taxi,Transport,High,synth_highacc,5,2
upload working speed ram shutdown,IT Support,Medium,synth_highacc,0,0
bluetooth monitor pairing restart projector,IT Support,Medium,synth_highacc,0,0
lunch juice delayed overcharge rice,Canteen,Low,synth_highacc,9,1
drugs steals peddled assault evidence,Security / Discipline,Medium,synth_highacc,6,0
taste spoil bad canteen sauce,Canteen,Low,synth_highacc,9,1
policy scholarship amendment submission document,Administration,Low,synth_highacc,7,1
research article rack reference newspaper,Library,Medium,synth_highacc,8,0
presentation teacher delay group result,Academics,Medium,synth_highacc,2,0
flush sink cupboard cotton heater,Hostels,Low,synth_highacc,1,1
salad lunch sauce sauce cook,Canteen,High,synth_highacc,9,2
citation abstract format renew stack,Library,Low,synth_highacc,8,1
lecture homework cancelled lesson notebook,Academics,High,synth_highacc,2,2
quiz teacher score subject tutorial,Academics,Medium,synth_highacc,2,0
schedule fuel seat fare bus,Transport,Medium,synth_highacc,5,0
backup mac restore cable speed,IT Support,High,synth_highacc,0,2
fuel clutch shortage auto cab,Transport,High,synth_highacc,5,2
socket fuse burst fixture brick,Maintenance,Medium,synth_highacc,4,0
oil overcharge price plate spoil,Canteen,Medium,synth_highacc,9,0
raped surveillance assaulted molested vandalism,Security / Discipline,Medium,synth_highacc,6,0
stray dogs entering the mess hall and biting incidents a dog entered the dining area during lunch and bit a student on the leg this is the third time animals have entered the eating area we need the gates secured and the student needs help with the medical report,Hostels,High,complaint_triage,1,2
usb firewall port reboot login,IT Support,Low,synth_highacc,0,1
bluetooth download pairing browser down,IT Support,High,synth_highacc,0,2
email upload sending port login,IT Support,Low,synth_highacc,0,1
stipend refund credit grant arrear,Fees / Finance,Low,synth_highacc,3,1
valve worn damaged mopping burst,Maintenance,High,synth_highacc,4,2
stipend charges disbursed arrear delayed,Fees / Finance,Medium,synth_highacc,3,0
fine abstract waived thesis borrow,Library,Low,synth_highacc,8,1
indicator mirror broken diesel bicycle,Transport,Medium,synth_highacc,5,0
paint hole job tube sparking,Maintenance,High,synth_highacc,4,2
firewall restart restricting battery server,IT Support,Medium,synth_highacc,0,0
payment reimbursement failed statement payable,Fees / Finance,High,synth_highacc,3,2
attestation guideline needed procedure verification,Administration,High,synth_highacc,7,2
laptop mac screen port reboot,IT Support,Medium,synth_highacc,0,0
headlight taillight overcrowded taillight gear,Transport,Medium,synth_highacc,5,0
helmet seat schedule license schedule,Transport,Low,synth_highacc,5,1
auto stop overcharge cab seat,Transport,High,synth_highacc,5,2
degree report topic diploma workshop,Academics,Medium,synth_highacc,2,0
meal snack spoiled fresh cup,Canteen,High,synth_highacc,9,2
due deposit interest scholarship grant,Fees / Finance,High,synth_highacc,3,2
mac restart filter authentication connect,IT Support,Low,synth_highacc,0,1
auto windscreen overcharge traffic taxi,Transport,Medium,synth_highacc,5,0
fine shelf calculation audiobook photocopy,Library,Low,synth_highacc,8,1
tax receipt deduction reimbursement loan,Fees / Finance,Low,synth_highacc,3,1
interrogate harrash suspect danger security,Security / Discipline,Medium,synth_highacc,6,0
policy notary amendment endorse endorse,Administration,Low,synth_highacc,7,1
endorse affidavit admission approval submit,Administration,Low,synth_highacc,7,1
danger attack threatened unsafe haras,Security / Discipline,High,synth_highacc,6,2
mac login filter latency shutdown,IT Support,Medium,synth_highacc,0,0
offence fought serious culprit insult,Security / Discipline,Low,synth_highacc,6,1
payment stipend gateway concession deposit,Fees / Finance,Low,synth_highacc,3,1
placement viva drive lecturer lecturer,Academics,Low,synth_highacc,2,1
lecture exam cancelled overdue answer,Academics,Low,synth_highacc,2,1
pickup fuel missed horn diesel,Transport,High,synth_highacc,5,2
drain sewage cleaning hole grill,Maintenance,High,synth_highacc,4,2
magazine rack latest newspaper citation,Library,High,synth_highacc,8,2
notebook notebook deadline curriculum workshop,Academics,Medium,synth_highacc,2,0
the no dues clearance for the sports department is not reflecting in the finance system i returned all my equipment last friday but my portal still shows an outstanding amount of 2 500 please sync the records so i can register for exams,Fees / Finance,Medium,complaint_triage,3,0
hackathon registration portal was badly organized and confusing,Administration,Medium,manual,7,0
authentication ip password charger,IT Support,Medium,synth_highacc,0,0
finance due section deduction credit,Fees / Finance,High,synth_highacc,3,2
exam assignment schedule deadline workshop,Academics,Medium,synth_highacc,2,0
kitchen juice hygiene menu vegetable,Canteen,Medium,synth_highacc,9,0
washroom toilet heating stinking hanger,Hostels,Low,synth_highacc,1,1
subject lecturer registration assignment grade,Academics,Medium,synth_highacc,2,0
stop headlight unsafe petrol overcrowded,Transport,Medium,synth_highacc,5,0
placement exam drive timetable question,Academics,High,synth_highacc,2,2
renew counter volume fine return,Library,High,synth_highacc,8,2
kitchen overcharge spoon meal rate,Canteen,Medium,synth_highacc,9,0
upload protocol speed storage bluetooth,IT Support,High,synth_highacc,0,2
backup patch patch bandwidth protocol,IT Support,Medium,synth_highacc,0,0
application scholarship fee certificate procedure,Administration,Low,synth_highacc,7,1
route schedule taillight stop parking,Transport,Low,synth_highacc,5,1
conductor cycle behaviour accident brake,Transport,Low,synth_highacc,5,1
online installment payment late processed,Fees / Finance,Medium,synth_highacc,3,0
bathroom sink dirty detergent stinking,Hostels,High,synth_highacc,1,2
driver port firmware patch patch,IT Support,Medium,synth_highacc,0,0
upload latency speed error slow,IT Support,High,synth_highacc,0,2
door sink lock locker mosquito,Hostels,Medium,synth_highacc,1,0
scanner hardware detecting restart connect,IT Support,Medium,synth_highacc,0,0
penalty section publisher membership membership,Library,Low,synth_highacc,8,1
quiz result score degree credit,Academics,High,synth_highacc,2,2
shelf almanac labelling research journal,Library,High,synth_highacc,8,2
investigate abused matter insult robbery,Security / Discipline,High,synth_highacc,6,2
driver mirror absent fare cab,Transport,Medium,synth_highacc,5,0
journal audiobook binding return abstract,Library,Medium,synth_highacc,8,0
crack renovation repair paint plaster,Maintenance,High,synth_highacc,4,2
alcohol abused teased smoke complaint,Security / Discipline,Low,synth_highacc,6,1
harrash accused complaint culprit sexual,Security / Discipline,High,synth_highacc,6,2
floor exposed slippery peeling hinge,Maintenance,Medium,synth_highacc,4,0
the 6 00 pm bus is consistently overcrowded people are standing in the stairwells which is a safety risk we need a larger bus for this time slot,Transport,Medium,complaint_triage,5,0
mac server filter connect hardware,IT Support,Low,synth_highacc,0,1
spoon plate cup fork meal,Canteen,Medium,synth_highacc,9,0
drill fix noise peeling pipeline,Maintenance,Low,synth_highacc,4,1
workshop placement project tutorial tutorial,Academics,Low,synth_highacc,2,1
spoon juice glass fork rate,Canteen,Medium,synth_highacc,9,0
renew search request desk audiobook,Library,High,synth_highacc,8,2
scanner motherboard detecting processor usb,IT Support,Medium,synth_highacc,0,0
email printer sending bandwidth email,IT Support,Medium,synth_highacc,0,0
guard ragging scam cctv bullied,Security / Discipline,Medium,synth_highacc,6,0
bonafide registration certificate pending form,Administration,Low,synth_highacc,7,1
heater mattress element tap detergent,Hostels,Low,synth_highacc,1,1
water cooler filter needs replacement the water from the dispenser in block d has a metallic taste lately the change filter light has been red for a week can we get this serviced so we have clean drinking water again,Hostels,Medium,complaint_triage,1,0
chapati glass hard rotten food,Canteen,High,synth_highacc,9,2
deadline submission seal procedure issue,Administration,Low,synth_highacc,7,1
cleaning urgent handle sweeping door,Maintenance,Low,synth_highacc,4,1
deposit netbanking refund card fund,Fees / Finance,Low,synth_highacc,3,1
download connect stuck password backup,IT Support,High,synth_highacc,0,2
placement marks drive report marks,Academics,High,synth_highacc,2,2
tea bill drink coffee rate,Canteen,High,synth_highacc,9,2
signature endorse required enrollment affidavit,Administration,Medium,synth_highacc,7,0
syllabus assignment project lesson overdue,Academics,Low,synth_highacc,2,1
window service shutter mug cupboard,Hostels,Medium,synth_highacc,1,0
toilet staircase blocked shampoo stinking,Hostels,Medium,synth_highacc,1,0
email wifi sending login email,IT Support,Low,synth_highacc,0,1
electrician renovation wiring screwdriver repair,Maintenance,High,synth_highacc,4,2
result missing published assignment grading,Academics,Low,synth_highacc,2,1
steal abused caught injured suspicious,Security / Discipline,Low,synth_highacc,6,1
attack tease robbery security incident,Security / Discipline,Medium,synth_highacc,6,0
professor diploma leave missing score,Academics,Low,synth_highacc,2,1
inconsistency in the convocation fee for regular vs distance students some of my friends are being charged less for the same degree we need a clear clarification on the pricing policy for the 2025 batch to ensure everyone is being billed fairly,Fees / Finance,Medium,complaint_triage,3,0
harassment corridor filed fraud insulting,Security / Discipline,Medium,synth_highacc,6,0
steam pipe leak in the mess kitchen a high pressure valve has started leaking hot steam near the cooking vats it is too dangerous for the staff to prepare dinner we need a mechanical technician to replace the valve so the kitchen can resume operations,Maintenance,High,complaint_triage,4,2
lecture answer timing final submission,Academics,Medium,synth_highacc,2,0
result lecture published result delayed,Academics,Medium,synth_highacc,2,0
printer shutdown upload not driver,IT Support,High,synth_highacc,0,2
grant credited approved debit payment,Fees / Finance,Low,synth_highacc,3,1
plaster paint falling pipe pipe,Maintenance,Low,synth_highacc,4,1
wifi antivirus freeze dropping download,IT Support,Low,synth_highacc,0,1
there is a mistake in the grading for my senior project the professor says they submitted a b but the portal shows a d he told me it s an admin entry error and that i need to talk to you,Administration,Medium,complaint_triage,7,0
certificate dean delayed procedure application,Administration,Low,synth_highacc,7,1
drain broken overflowing cleaning maintenance,Maintenance,High,synth_highacc,4,2
bus tyre cleaning meter horn,Transport,Medium,synth_highacc,5,0
continuous water supply cut for over 24 hours in block f we have no water for drinking cleaning or the washrooms the hygiene levels are becoming unbearable for everyone in the building please fix the pump or arrange for a tanker immediately,Hostels,High,complaint_triage,1,2
headlight taillight mandatory indicator taillight,Transport,Medium,synth_highacc,5,0
research thesis audiobook reference ebook,Library,Low,synth_highacc,8,1
journal zone subscription section card,Library,Medium,synth_highacc,8,0
battery hardware draining down install,IT Support,High,synth_highacc,0,2
credit absent transfer grade grade,Academics,Medium,synth_highacc,2,0
convocation fee portal is charging me twice the amount listed in the brochure today is the absolute last day to register for the ceremony and i don t have the extra funds if i don t pay now i won t get my degree on stage please fix the price logic for my roll number before the portal closes at midnight,Fees / Finance,High,complaint_triage,3,2
cable processor loose login monitor,IT Support,Medium,synth_highacc,0,0
ram ram upgrade port network,IT Support,Low,synth_highacc,0,1
almirah cupboard bathroom chair noisy,Hostels,Medium,synth_highacc,1,0
vpn install disconnecting desktop connect,IT Support,Low,synth_highacc,0,1
dinner vegetable served glass sabzi,Canteen,Medium,synth_highacc,9,0
author available name available silent,Library,Medium,synth_highacc,8,0
steal harass caught steal investigate,Security / Discipline,Low,synth_highacc,6,1
shuttle van license driver license,Transport,High,synth_highacc,5,2
tutorial diploma extra missing assignment,Academics,Medium,synth_highacc,2,0
theft trespass cybercrime stalking,Security / Discipline,Medium,synth_highacc,6,0
bill card payment scholarship fund,Fees / Finance,Medium,synth_highacc,3,0
menu worth fresh quality overcharge,Canteen,Low,synth_highacc,9,1
salad vegetable lunch sauce salad,Canteen,High,synth_highacc,9,2
carpenter brick switch leak hammer,Maintenance,Low,synth_highacc,4,1
paint sweeping colour burst screwdriver,Maintenance,Low,synth_highacc,4,1
question postpone paper cancel missing,Academics,High,synth_highacc,2,2
reference abstract section index article,Library,Low,synth_highacc,8,1
answer marks key submission credit,Academics,High,synth_highacc,2,2
crack tube repair handle leaking,Maintenance,Medium,synth_highacc,4,0
food menu rotten spoil rate,Canteen,High,synth_highacc,9,2
the lighting in the laundry room is a bit dim it s hard to see if the clothes are properly cleaned or if there are any stains left replacing the current bulb with a brighter led would be a big help,Hostels,Low,complaint_triage,1,1
newspaper fiction zone article newspaper,Library,Medium,synth_highacc,8,0
transaction penalty finance bank loan,Fees / Finance,Low,synth_highacc,3,1
catalogue renew search rack stack,Library,High,synth_highacc,8,2
bluetooth rebooting pairing restart antivirus,IT Support,Medium,synth_highacc,0,0
registration affidavit slip policy transfer,Administration,Medium,synth_highacc,7,0
harrass scam sexual teased theft,Security / Discipline,Low,synth_highacc,6,1
endorse affidavit fee submit submission,Administration,Medium,synth_highacc,7,0
circular admission issued scholarship requested,Administration,Low,synth_highacc,7,1
drain sewage fuse leak plaster,Maintenance,Low,synth_highacc,4,1
locker almirah key detergent strict,Hostels,High,synth_highacc,1,2
official registration letter guideline rejected,Administration,High,synth_highacc,7,2
cycle bicycle vehicle provided schedule,Transport,High,synth_highacc,5,2
the common room curtains are very dusty i think they haven t been laundered in a long time and it s triggering my dust allergy when i sit there perhaps they could be cleaned during the next break,Hostels,Low,complaint_triage,1,1
application hostel fee clerk signature,Administration,Low,synth_highacc,7,1
pillow exhaust flat bunk bed,Hostels,High,synth_highacc,1,2
smoke harassed banned threatened insulting,Security / Discipline,Medium,synth_highacc,6,0
balcony hostel balcony corridor fan,Hostels,Low,synth_highacc,1,1
bandwidth firewall insufficient adapter portal,IT Support,Medium,synth_highacc,0,0
mattress hostel hard bathroom laundry,Hostels,Low,synth_highacc,1,1
enrollment delay number sworn pending,Administration,Medium,synth_highacc,7,0
cable error loose desktop shutdown,IT Support,Medium,synth_highacc,0,0
thesis submission submission result assignment,Academics,High,synth_highacc,2,2
fir ragging lodged unsafe cybercrime,Security / Discipline,Medium,synth_highacc,6,0
tuition treasury remission statement payment,Fees / Finance,Low,synth_highacc,3,1
printer ram jam patch processor,IT Support,Medium,synth_highacc,0,0
document enrollment clerk registration,Administration,Medium,synth_highacc,7,0
fund budget audit transfer balance,Fees / Finance,High,synth_highacc,3,2
bus numberplate late fare shuttle,Transport,Medium,synth_highacc,5,0
geyser inverter leaking locker cotton,Hostels,High,synth_highacc,1,2
bunk locker heating bathroom chair,Hostels,Low,synth_highacc,1,1
keyboard ram typing network update,IT Support,Medium,synth_highacc,0,0
concession installment applied finance processed,Fees / Finance,High,synth_highacc,3,2
photocopy almanac machine shelf desk,Library,High,synth_highacc,8,2
procedure pending lengthy approval requested,Administration,Low,synth_highacc,7,1
drainage bucket mug tap pillow,Hostels,High,synth_highacc,1,2
roommate service pillow laundry,Hostels,High,synth_highacc,1,2
bonafide enrollment certificate guideline download,Administration,Medium,synth_highacc,7,0
traffic meter windscreen accident vehicle,Transport,Medium,synth_highacc,5,0
canteen overcharge costly mess stale,Canteen,High,synth_highacc,9,2
vehicle indicator seat parking taxi,Transport,Medium,synth_highacc,5,0
article zone unavailable edition book,Library,Low,synth_highacc,8,1
i was promised a tuition waiver for my research assistant position but i just got a bill for the full amount my supervisor is out of the country and i can t reach them to verify,Administration,High,complaint_triage,7,2
card payment declined fee arrear,Fees / Finance,High,synth_highacc,3,2
attack surveillance robbery unsafe harrass,Security / Discipline,Low,synth_highacc,6,1
processing endorse slow guideline notice,Administration,High,synth_highacc,7,2
bed bucket squeaky fan chair,Hostels,Low,synth_highacc,1,1
antivirus upload usb firewall hardware,IT Support,Low,synth_highacc,0,1
mess salad quality price daal,Canteen,High,synth_highacc,9,2
milk hygiene juice food meal,Canteen,Low,synth_highacc,9,1
schedule vehicle weekend shuttle meter,Transport,Low,synth_highacc,5,1
stole insult laptop raped teasing,Security / Discipline,High,synth_highacc,6,2
midterm delay faculty final practical,Academics,Medium,synth_highacc,2,0
sexually case abusing interrogate fir,Security / Discipline,High,synth_highacc,6,2
stop vehicle skipped rickshaw route,Transport,High,synth_highacc,5,2
cache connection error ip error,IT Support,High,synth_highacc,0,2
blanket soap torn window sink,Hostels,High,synth_highacc,1,2
breakfast cheap menu glass juice,Canteen,Low,synth_highacc,9,1
request for internship approval letter,Academics,Medium,query_test,2,0
egg rate egg daal kitchen,Canteen,Low,synth_highacc,9,1
lecture professor cancelled credit score,Academics,Medium,synth_highacc,2,0
clerk hostel rude verification issue,Administration,High,synth_highacc,7,2
usb projector port motherboard fail,IT Support,Medium,synth_highacc,0,0
circular notice examination pending notary,Administration,High,synth_highacc,7,2
borrow journal limit abstract almanac,Library,Medium,synth_highacc,8,0
gutter broken blocked sparking ceiling,Maintenance,Low,synth_highacc,4,1
oil juice stale plate quality,Canteen,Low,synth_highacc,9,1
cashier application pending loan charges,Fees / Finance,Medium,synth_highacc,3,0
receipt cashier generated deposit audit,Fees / Finance,Low,synth_highacc,3,1
sink fan pipe toilet fan,Hostels,Medium,synth_highacc,1,0
subject notebook project topic midterm,Academics,Medium,synth_highacc,2,0
question grade paper assignment project,Academics,Low,synth_highacc,2,1
stipend statement disbursed finance withdrawal,Fees / Finance,Medium,synth_highacc,3,0
paint hammer job drain repair,Maintenance,Low,synth_highacc,4,1
calendar time zone mismatch for cross campus meetings invitees see incorrect times on recurring events it s caused a few missed sessions could someone verify dst and policy handling sample events available,IT Support,Low,complaint_triage,0,1
kitchen daal hygiene menu glass,Canteen,High,synth_highacc,9,2
canteen oil costly meal chapati,Canteen,Medium,synth_highacc,9,0
deduction statement wrong reimbursement tax,Fees / Finance,Medium,synth_highacc,3,0
thesis article binding edition card,Library,Medium,synth_highacc,8,0
gutter dust cleaning dust drill,Maintenance,High,synth_highacc,4,2
roommate hostel detergent slow,Hostels,Low,synth_highacc,1,1
status awaiting document notary regulation,Administration,High,synth_highacc,7,2
heater roommate element door slipper,Hostels,Low,synth_highacc,1,1
reference ebook section periodical rack,Library,Medium,synth_highacc,8,0
installment application plan tuition invoice,Fees / Finance,High,synth_highacc,3,2
official guideline letter scholarship transfer,Administration,Low,synth_highacc,7,1
harass harrass raped bully molest,Security / Discipline,Low,synth_highacc,6,1
card renew renewal fiction section,Library,Low,synth_highacc,8,1
backup connectivity ip bandwidth wifi,IT Support,High,synth_highacc,0,2
headlight taillight schedule indicator accident,Transport,Low,synth_highacc,5,1
menu cook curry quality curry,Canteen,Low,synth_highacc,9,1
keyboard mouse firewall restart monitor,IT Support,High,synth_highacc,0,2
mattress hanger hard detergent shampoo,Hostels,Medium,synth_highacc,1,0
authentication slow invalid usb firmware,IT Support,Medium,synth_highacc,0,0
verification notice signature attestation pending,Administration,Medium,synth_highacc,7,0
warden hanger ventilator pillow,Hostels,Low,synth_highacc,1,1
drink daal curry juice curry,Canteen,Medium,synth_highacc,9,0
drainage flush overflowing staircase blanket,Hostels,Low,synth_highacc,1,1
fine index calculation zone reading,Library,High,synth_highacc,8,2
stipend waiver disbursed scholarship balance,Fees / Finance,Low,synth_highacc,3,1
fare headlight refund stop accident,Transport,Low,synth_highacc,5,1
bulb cement fused peeling dust,Maintenance,Medium,synth_highacc,4,0
steal abused interrogate thief cctv,Security / Discipline,Low,synth_highacc,6,1
charges deduction upi outstanding payment,Fees / Finance,High,synth_highacc,3,2
mentor group guidance paper final,Academics,Medium,synth_highacc,2,0
pipe dust burst plaster sewage,Maintenance,Low,synth_highacc,4,1
book thesis damaged fine newspaper,Library,Medium,synth_highacc,8,0
assignment grade feedback faculty placement,Academics,Medium,synth_highacc,2,0
carpenter bulb cement leak screwdriver,Maintenance,Medium,synth_highacc,4,0
question cancel paper thesis final,Academics,Low,synth_highacc,2,1
projector mouse blurry email speed,IT Support,High,synth_highacc,0,2
hygiene curry poor milk cook,Canteen,Medium,synth_highacc,9,0
lecture result cancelled schedule grade,Academics,Low,synth_highacc,2,1
add me to cybersecurity awareness program please include me in monthly simulations i d like the training materials,IT Support,Low,complaint_triage,0,1
membership audiobook expire book counter,Library,High,synth_highacc,8,2
finance scholarship office remit treasury,Fees / Finance,Medium,synth_highacc,3,0
policy verification amendment deadline download,Administration,Medium,synth_highacc,7,0
installment cleared plan online gst,Fees / Finance,Low,synth_highacc,3,1
i need a copy of my 1098 t form for my taxes the portal says it s available but when i click the link nothing happens my tax deadline is this weekend,Administration,Medium,complaint_triage,7,0
guideline certificate followed certificate examination,Administration,High,synth_highacc,7,2
mouse pointer vanishes after sleep i toggle touchpad to bring it back minor but breaks flow any driver or power setting fix thanks,IT Support,Low,complaint_triage,0,1
wifi bandwidth browser crash,IT Support,High,synth_highacc,0,2
cycle bicycle headlight headlight shuttle,Transport,High,synth_highacc,5,2
internet projector slow download login,IT Support,Low,synth_highacc,0,1
payment loan invoice refund transaction,Fees / Finance,Low,synth_highacc,3,1
suggestion to allow mobile wallet payments for the cafeteria and the small stationary shop on campus currently they only take cash which is a bit inconvenient for quick purchases,Fees / Finance,Low,complaint_triage,3,1
procedure submit enquiry scholarship transfer,Administration,High,synth_highacc,7,2
the lab evaluation for the afternoon batch was cancelled due to a power cut but the marks have been uploaded as absent we were told the viva would be rescheduled but the portal is already finalized we need the marks removed and the session rescheduled before the internal marks are frozen tonight,Academics,High,complaint_triage,2,2
mosquito roommate ventilator bathroom dirty,Hostels,Medium,synth_highacc,1,0
volume fine missing audiobook penalty,Library,High,synth_highacc,8,2
index periodical page photocopy desk,Library,Medium,synth_highacc,8,0
presentation scholar homework group question,Academics,High,synth_highacc,2,2
laundry heating machine flush dirty,Hostels,High,synth_highacc,1,2
installment payment option stipend charges,Fees / Finance,High,synth_highacc,3,2
author edition name borrow index,Library,Medium,synth_highacc,8,0
notary form attest transfer dean,Administration,High,synth_highacc,7,2
fought unsafe injured prohibited fought,Security / Discipline,Low,synth_highacc,6,1
carpenter door garbage leak worn,Maintenance,Medium,synth_highacc,4,0
workshop revaluation registration workshop mentor,Academics,High,synth_highacc,2,2
mosquito mattress warden bathroom strict,Hostels,Low,synth_highacc,1,1
circular registration issued affidavit awaiting,Administration,Medium,synth_highacc,7,0
van mirror overloaded cab accident,Transport,Low,synth_highacc,5,1
cheap menu sauce worth milk,Canteen,Medium,synth_highacc,9,0
i d like to report a faulty lock on the equipment shed near the athletic fields it s very easy to just pull the door open without a key,Security / Discipline,Low,complaint_triage,6,1
tube handle flicker wire cement,Maintenance,Low,synth_highacc,4,1
bill application incorrect cleared deposit,Fees / Finance,Low,synth_highacc,3,1
backup rebooting restore reboot cloud,IT Support,High,synth_highacc,0,2
laptop router screen crash laptop,IT Support,Medium,synth_highacc,0,0
curtain washroom damaged dirty service,Hostels,Low,synth_highacc,1,1
install configure software restart vpn,IT Support,High,synth_highacc,0,2
witness sexually statement suspicious danger,Security / Discipline,High,synth_highacc,6,2
threaten bully life theft harassment,Security / Discipline,Low,synth_highacc,6,1
wifi latency authentication speed,IT Support,High,synth_highacc,0,2
update antivirus failing firewall down,IT Support,Low,synth_highacc,0,1
decommission unused service account we don t need the auto bot 01 account anymore it s for a project that ended delete it whenever,IT Support,Low,complaint_triage,0,1
wire window exposed fix garbage,Maintenance,High,synth_highacc,4,2
concession loan applied application tax,Fees / Finance,High,synth_highacc,3,2
pest control needed for the common room we have seen cockroaches and silverfish near the sofas and under the tv cabinet it s getting a bit unhygienic for us to sit there and eat snacks please schedule a professional spray for the weekend,Maintenance,Medium,complaint_triage,4,0
workshop thesis registration internship textbook,Academics,Medium,synth_highacc,2,0
thesis scan binding author borrow,Library,Medium,synth_highacc,8,0
schedule overcrowded weekend helmet stop,Transport,High,synth_highacc,5,2
payment transfer gateway statement charges,Fees / Finance,Medium,synth_highacc,3,0
bluetooth processor pairing firmware keyboard,IT Support,Medium,synth_highacc,0,0
balance receipt enquiry remit credited,Fees / Finance,High,synth_highacc,3,2
protocol dns scanner projector portal,IT Support,High,synth_highacc,0,2
notebook internship correction mentor degree,Academics,Medium,synth_highacc,2,0
bill hygiene overcharge overcharge rotten,Canteen,High,synth_highacc,9,2
the atm on campus has been out of cash for three consecutive days this is the only way for many of us to pay for small expenses and some of the smaller lab fees that are cash only can the finance department coordinate with the bank to ensure it s refilled,Fees / Finance,Medium,complaint_triage,3,0
configure router setup storage freeze,IT Support,Low,synth_highacc,0,1
drain construction overflowing door repairman,Maintenance,High,synth_highacc,4,2
cctv danger footage senior examined interrogate,Security / Discipline,Medium,synth_highacc,6,0
printer motherboard backup not speed,IT Support,High,synth_highacc,0,2
invoice upi invoice bill reimbursement,Fees / Finance,High,synth_highacc,3,2
fee balance pending payment balance,Fees / Finance,High,synth_highacc,3,2
ssd router storage install bandwidth,IT Support,High,synth_highacc,0,2
upload antivirus dns scanner antivirus,IT Support,High,synth_highacc,0,2
door drain jammed exposed sparking,Maintenance,Medium,synth_highacc,4,0
traffic conductor helmet accident cycle,Transport,Medium,synth_highacc,5,0
accused molest insulting witness victim,Security / Discipline,High,synth_highacc,6,2
tube renovation flicker switch pipeline,Maintenance,Medium,synth_highacc,4,0
reference ebook desk locate catalogue,Library,High,synth_highacc,8,2
dinner snack served cheap coffee,Canteen,Low,synth_highacc,9,1
practical quiz missed practical scholar,Academics,Medium,synth_highacc,2,0
fuel taillight shortage headlight seat,Transport,High,synth_highacc,5,2
scholarship debit application tuition loan,Fees / Finance,Medium,synth_highacc,3,0
drain sewage crack pane mopping,Maintenance,High,synth_highacc,4,2
certificate enrollment issue issue affidavit,Administration,High,synth_highacc,7,2
projector bug blurry wlan projector,IT Support,Low,synth_highacc,0,1
application examination fee submit certificate,Administration,Low,synth_highacc,7,1
guard insult accused cctv murder,Security / Discipline,Low,synth_highacc,6,1
kitchen snack drink meal snack,Canteen,Medium,synth_highacc,9,0
roof pipeline leak valve bulb,Maintenance,High,synth_highacc,4,2
fixture ceiling replacement handle wrench,Maintenance,Medium,synth_highacc,4,0
mess counter price food counter,Canteen,High,synth_highacc,9,2
pipeline mopping leakage construction renovation,Maintenance,Medium,synth_highacc,4,0
drill drain noise construction garbage,Maintenance,Medium,synth_highacc,4,0
shelf search labelling author photocopy,Library,High,synth_highacc,8,2
inverter window backup window bucket,Hostels,High,synth_highacc,1,2
license route suspended fare clutch,Transport,High,synth_highacc,5,2
library printer queue stuck at processing jobs appear in the queue but nothing prints i restarted the spooler and re added the printer toner and paper are full please check device status and backend print server,IT Support,Medium,complaint_triage,0,0
helmet cycle mandatory windscreen seat,Transport,Medium,synth_highacc,5,0
i was overcharged for my parking permit this semester i was supposed to get the early bird discount but the system charged me the full price,Transport,Medium,complaint_triage,5,0
vpn antivirus routing ethernet authentication,IT Support,Medium,synth_highacc,0,0
faculty postpone lecturer exam final,Academics,Low,synth_highacc,2,1
transaction processed failed audit withdrawal,Fees / Finance,Medium,synth_highacc,3,0
i accidentally dropped my keys down the gap in the folding doors of the bus i need them to get into my apartment tonight is there any way for maintenance to check the door mechanism,Transport,Medium,complaint_triage,5,0
my vdi session closes every hour on the dot i m literally typing and it just disconnects takes forever to get back in,IT Support,Medium,complaint_triage,0,0
tease scam sexual steals complaint,Security / Discipline,Medium,synth_highacc,6,0
mosquito heater net hostel expensive,Hostels,Medium,synth_highacc,1,0
auto rickshaw pickup traffic numberplate,Transport,High,synth_highacc,5,2
exam workshop schedule seminar grading,Academics,Medium,synth_highacc,2,0
pillow heater flat bed corridor,Hostels,Low,synth_highacc,1,1
i received a bill for damaged property in my dorm but i haven t lived in that dorm for two years the admin office has clearly mixed up my student id with someone else s,Administration,Medium,complaint_triage,7,0
suggestion for a feedback box specifically for the accounts department it would be a nice way for students to share their experiences with the fee payment process and suggest improvements,Fees / Finance,Low,complaint_triage,3,1
registration registration completed fee seal,Administration,Medium,synth_highacc,7,0
registrar seal submission dean seal,Administration,Low,synth_highacc,7,1
migration transfer certificate status certificate,Administration,High,synth_highacc,7,2
driver mandatory cycle conductor taillight,Transport,High,synth_highacc,5,2
paint stair peeling burst garbage,Maintenance,Medium,synth_highacc,4,0
vehicle conductor driver parking vehicle,Transport,Medium,synth_highacc,5,0
pickup tyre missed parking cab,Transport,Low,synth_highacc,5,1
penalty citation index membership journal,Library,Low,synth_highacc,8,1
helmet pickup mandatory petrol license,Transport,Low,synth_highacc,5,1
stipend cleared disbursed outstanding pending,Fees / Finance,Low,synth_highacc,3,1
offence laptop serious stranger interrogate,Security / Discipline,High,synth_highacc,6,2
kidnap harassment murder threatened working,Security / Discipline,High,synth_highacc,6,2
fare cycle revision pickup seat,Transport,Low,synth_highacc,5,1
bus route late ticket fuel,Transport,High,synth_highacc,5,2
report faculty timetable lecture practical,Academics,Low,synth_highacc,2,1
quiz marks revaluation placement homework,Academics,Low,synth_highacc,2,1
book librarian section audiobook,Library,Low,synth_highacc,8,1
group paper project group lecturer,Academics,Medium,synth_highacc,2,0
guard smoke guard cctv threatened,Security / Discipline,Low,synth_highacc,6,1
fiction nonfiction return research card,Library,Low,synth_highacc,8,1
due tax date scholarship finance,Fees / Finance,Low,synth_highacc,3,1
counter desk publisher section fiction,Library,High,synth_highacc,8,2
internship answer opportunity delayed placement,Academics,Low,synth_highacc,2,1
weapon abused seized raped harrash,Security / Discipline,High,synth_highacc,6,2
brake clutch charges bicycle taxi,Transport,High,synth_highacc,5,2
tax pending deduction penalty deposit,Fees / Finance,Low,synth_highacc,3,1
snack daal items vegetable worth,Canteen,Low,synth_highacc,9,1
bluetooth restart pairing computer monitor,IT Support,High,synth_highacc,0,2
towel heating rough mosquito slipper,Hostels,Low,synth_highacc,1,1
section aisle librarian card author,Library,High,synth_highacc,8,2
crack exposed repair pipe hole,Maintenance,Medium,synth_highacc,4,0
vegetable stale oily hygiene snack,Canteen,Medium,synth_highacc,9,0
meter accident tampered parking bicycle,Transport,Low,synth_highacc,5,1
rice stale stale chapati mess,Canteen,Low,synth_highacc,9,1
lesson teacher difficult workshop revaluation,Academics,High,synth_highacc,2,2
card catalogue journal search counter,Library,Medium,synth_highacc,8,0
regulation procedure strict fee rejected,Administration,High,synth_highacc,7,2
roommate water noisy tap locker,Hostels,High,synth_highacc,1,2
the coat hooks in the bathroom are a bit loose i m worried they might fall off if i hang a heavy towel on them they just need a quick tightening with a screwdriver,Hostels,Low,complaint_triage,1,1
shelf volume labelling fiction return,Library,High,synth_highacc,8,2
pipe leak joint damage cement,Maintenance,Medium,synth_highacc,4,0
guard assaulted sleeping insult thief,Security / Discipline,Medium,synth_highacc,6,0
charger storage adapter network internet,IT Support,Medium,synth_highacc,0,0
mug soap mattress corridor shampoo bathroom,Hostels,Low,synth_highacc,1,1
menu cheap worth quality tea,Canteen,Low,synth_highacc,9,1
usb connect port monitor login,IT Support,High,synth_highacc,0,2
mosquito almirah infestation geyser bed,Hostels,Low,synth_highacc,1,1
someone is throwing water balloons from the 5th floor of the dorms at people walking below it s annoying and someone s laptop almost got ruined can someone go up there and tell them to stop,Security / Discipline,Low,complaint_triage,6,1
book stack overdue zone abstract,Library,Low,synth_highacc,8,1
bank account statement finance cashier,Fees / Finance,Low,synth_highacc,3,1
laptop password screen wlan ethernet,IT Support,Medium,synth_highacc,0,0
reboot shutdown slow slow motherboard,IT Support,Low,synth_highacc,0,1
meter van tampered horn meter,Transport,High,synth_highacc,5,2
syllabus delay revision chapter paper,Academics,High,synth_highacc,2,2
citation shelf format audiobook article,Library,Medium,synth_highacc,8,0
gutter paint cleaning fuse tube,Maintenance,Medium,synth_highacc,4,0
search locate almanac print citation,Library,High,synth_highacc,8,2
exam presentation postponement postpone curriculum,Academics,High,synth_highacc,2,2
presentation project evaluated absent scholar,Academics,High,synth_highacc,2,2
canvas submission blocked by sso loop right before deadline sign in passes then loops to login again tried different browsers and cleared cache please break the loop or provide a temporary bypass this is time critical for my grade,IT Support,High,complaint_triage,0,2
detergent towel stinking hanger shampoo,Hostels,Low,synth_highacc,1,1
upload bluetooth speed browser bluetooth,IT Support,Low,synth_highacc,0,1
scholarship transfer not cleared fee,Fees / Finance,High,synth_highacc,3,2
windscreen rickshaw broken overcrowded cycle,Transport,Low,synth_highacc,5,1
authentication log offline ip,IT Support,Medium,synth_highacc,0,0
mirror mandatory cracked seat accident,Transport,High,synth_highacc,5,2
lunch milk expensive breakfast daal,Canteen,High,synth_highacc,9,2
thesis card binding shelf periodical,Library,Low,synth_highacc,8,1
pipe plumber joint cracked hinge,Maintenance,High,synth_highacc,4,2
abuse steals ragging threaten accused,Security / Discipline,Low,synth_highacc,6,1
migration policy certificate application fee,Administration,High,synth_highacc,7,2
major error in the fee structure for international students the portal is calculating my dues in usd but using a conversion rate from five years ago making it 20 higher than the current market rate i have to pay by tonight to avoid de enrollment please update the exchange rate logic for the payment gateway,Fees / Finance,High,complaint_triage,3,2
cctv stalk footage sexually fight,Security / Discipline,Low,synth_highacc,6,1
suspicious stole activity theft environment,Security / Discipline,High,synth_highacc,6,2
aisle reference light scan photocopy,Library,Low,synth_highacc,8,1
cup milk tea glass price,Canteen,High,synth_highacc,9,2
scholar viva registration answer lecturer,Academics,High,synth_highacc,2,2
waiver stipend rejected receipt scholarship,Fees / Finance,High,synth_highacc,3,2
drink quality hygiene juice dinner,Canteen,High,synth_highacc,9,2
bus charges overcrowded parking license,Transport,Medium,synth_highacc,5,0
geyser hanger leaking detergent pillow,Hostels,Low,synth_highacc,1,1
password about to expire without prompts not receiving expiry notices as usual please push reset or extend grace period,IT Support,Medium,complaint_triage,0,0
hygiene food poor chapati glass,Canteen,High,synth_highacc,9,2
verification application rejected attestation requested,Administration,Medium,synth_highacc,7,0
clogged washbasin in the common bathroom the sink on the left side has been standing with dirty water for two days it is starting to smell and is very unhygienic for everyone using the washroom maintenance needs to clear the blockage,Hostels,Medium,complaint_triage,1,0
schedule seat delayed stop pickup,Transport,Low,synth_highacc,5,1
fee stipend pending transaction installment,Fees / Finance,Low,synth_highacc,3,1
washroom shampoo stinking drainage ventilator,Hostels,Medium,synth_highacc,1,0
withdrawal interest processed bank charges,Fees / Finance,High,synth_highacc,3,2
online bill payment application arrear,Fees / Finance,Medium,synth_highacc,3,0
gas leak detected near the chemistry lab storage area there is a very strong distinct smell of lpg wafting into the corridor of the west wing this is an extreme fire hazard especially with students performing experiments nearby i have evacuated the immediate area but we need a technician to shut off the main valve and check the pipes right now,Maintenance,High,complaint_triage,4,2
circular admission issued endorse pending,Administration,Medium,synth_highacc,7,0
raped interrogate assaulted accused assault,Security / Discipline,Medium,synth_highacc,6,0
clerk examination rude delay approval,Administration,High,synth_highacc,7,2
warden geyser permission laundry blanket,Hostels,Medium,synth_highacc,1,0
fare conductor refund fare bus,Transport,Medium,synth_highacc,5,0
document issue missing bonafide transfer,Administration,Low,synth_highacc,7,1
notebook workshop internship curriculum question,Academics,High,synth_highacc,2,2
syllabus lecturer revision professor workshop,Academics,Low,synth_highacc,2,1
vegetable taste vegetable chicken coffee,Canteen,High,synth_highacc,9,2
hardware display firmware wlan fail,IT Support,Medium,synth_highacc,0,0
budget deduction allocation late deduction,Fees / Finance,High,synth_highacc,3,2
onedrive for education sync conflicts across lab and office pcs edits on the lab machine create conflicted copy when opened in my office i reinstalled the client and cleared cache issue persists version history shows parallel edits despite single user workflow please review client version throttling and campus network egress preserving version history is important for compliance happy to share log files and affected folder ids kindly propose a safe clean up process,IT Support,Medium,complaint_triage,0,0
total power failure in the medical wing of the campus clinic the backup generator is not kicking in and there are temperature sensitive vaccines stored in the refrigerators if the power isn t restored in the next hour thousands of dollars worth of medication will be ruined please send an emergency electrician to bypass the faulty breaker,Maintenance,High,complaint_triage,4,2
upload bandwidth speed port download,IT Support,Low,synth_highacc,0,1
ticket petrol brake seat shuttle,Transport,High,synth_highacc,5,2
headlight taillight gear tyre bus,Transport,High,synth_highacc,5,2
fare clutch revision license license,Transport,Low,synth_highacc,5,1
viva missing conducted postpone revaluation,Academics,Low,synth_highacc,2,1
projector dns protocol cable backup,IT Support,Low,synth_highacc,0,1
locker fan jammed sink strict,Hostels,Low,synth_highacc,1,1
reading silent print silent absent,Library,High,synth_highacc,8,2
login bluetooth failing cable cable,IT Support,High,synth_highacc,0,2
locker noisy key stinking soap,Hostels,High,synth_highacc,1,2
laundry cupboard service detergent bunk,Hostels,High,synth_highacc,1,2
vehicle bicycle driver parking shuttle,Transport,Medium,synth_highacc,5,0
document scholarship missing pending guideline,Administration,Medium,synth_highacc,7,0
printer server offline freeze ethernet,IT Support,Low,synth_highacc,0,1
laundry pillow machine hostel almirah,Hostels,Low,synth_highacc,1,1
upload crash speed authentication rebooting,IT Support,Low,synth_highacc,0,1
pickup drop cycle rickshaw petrol,Transport,High,synth_highacc,5,2
application processing fee stamp circular,Administration,High,synth_highacc,7,2
router laptop rebooting antivirus adapter,IT Support,High,synth_highacc,0,2
headlight taillight bus shuttle helmet,Transport,Low,synth_highacc,5,1
bulb paint fused hole brick,Maintenance,Medium,synth_highacc,4,0
fund budget concession upi receipt,Fees / Finance,Medium,synth_highacc,3,0
index print page periodical silent,Library,Low,synth_highacc,8,1
payment charges refund refund credit,Fees / Finance,Medium,synth_highacc,3,0
subject absent faculty topic grading,Academics,Low,synth_highacc,2,1
bill account payment charges account,Fees / Finance,Low,synth_highacc,3,1
pipeline replace leakage dust switch,Maintenance,Medium,synth_highacc,4,0
membership silent renewal shelf search,Library,Medium,synth_highacc,8,0
balcony table window corridor toilet,Hostels,Low,synth_highacc,1,1
drainage dirty clogged roommate staircase,Hostels,Medium,synth_highacc,1,0
the university calendar says that monday is a holiday but my professor says we have an exam who is right there is zero consistency in the communications we are getting,Administration,Medium,complaint_triage,7,0
gear vehicle problem stop headlight,Transport,Low,synth_highacc,5,1
install connection laptop motherboard error,IT Support,Medium,synth_highacc,0,0
document bonafide verification processing approval,Administration,Medium,synth_highacc,7,0
syllabus lesson incomplete submission schedule,Academics,Medium,synth_highacc,2,0
warden stinking strict locker washroom,Hostels,Low,synth_highacc,1,1
print librarian black librarian rack,Library,Medium,synth_highacc,8,0
hostel gate closed early preventing entry for lab students a group of us were working on a project in the cse lab and arrived 5 mins before curfew but the guard has locked the gates and is refusing entry it is raining and we are stuck outside please instruct him to let us in,Hostels,High,complaint_triage,1,2
bullied abuse harassed environment vandalism,Security / Discipline,Low,synth_highacc,6,1
license taillight suspended stop petrol,Transport,High,synth_highacc,5,2
router ethernet rebooting bug bluetooth,IT Support,High,synth_highacc,0,2
degree professor midterm diploma professor,Academics,Low,synth_highacc,2,1
bully harass complaint accused smoke,Security / Discipline,High,synth_highacc,6,2
pipe cement burst crack drill,Maintenance,Low,synth_highacc,4,1
syllabus teacher revision lecture degree,Academics,Low,synth_highacc,2,1
email working sending battery port,IT Support,Medium,synth_highacc,0,0
washroom locker stinking bunk table,Hostels,High,synth_highacc,1,2
tax deposit deduction penalty penalty,Fees / Finance,Medium,synth_highacc,3,0
authentication software invalid reboot motherboard,IT Support,Low,synth_highacc,0,1
monitor fail display bug bandwidth,IT Support,High,synth_highacc,0,2
electrician hinge wiring valve worn,Maintenance,Medium,synth_highacc,4,0
traffic ticket ticket accident brake,Transport,Medium,synth_highacc,5,0
hey can u guys unblock emails from partner corp com my boss says they sent the contract but i don t see it anywhere probably in the spam thing,IT Support,Low,complaint_triage,0,1
sabzi food lunch pickle snack,Canteen,High,synth_highacc,9,2
queue kitchen chapati counter mess,Canteen,Low,synth_highacc,9,1
headlight ticket dim taillight stop,Transport,Medium,synth_highacc,5,0
bank deduction statement processed fund,Fees / Finance,Low,synth_highacc,3,1
tax budget deduction debit deduction,Fees / Finance,Medium,synth_highacc,3,0
official examination letter rejected admission,Administration,Low,synth_highacc,7,1
pillow corridor flat drainage chair,Hostels,Medium,synth_highacc,1,0
motherboard keyboard processor usb connectivity,IT Support,High,synth_highacc,0,2
thesis syllabus approval subject viva,Academics,Medium,synth_highacc,2,0
witness threaten statement teased abused,Security / Discipline,Low,synth_highacc,6,1
stop fuel missing overcrowded meter,Transport,Low,synth_highacc,5,1
upload adapter speed monitor update,IT Support,High,synth_highacc,0,2
fuel accident shortage horn driver,Transport,High,synth_highacc,5,2
oil pickle spoil plate sauce,Canteen,Medium,synth_highacc,9,0
stole tease laptop arrest danger,Security / Discipline,Low,synth_highacc,6,1
statement refund account reimbursement bill,Fees / Finance,Medium,synth_highacc,3,0
gutter screwdriver cleaning maintenance worn,Maintenance,High,synth_highacc,4,2
submission transfer pending notice document,Administration,Low,synth_highacc,7,1
desk author staff borrow zone,Library,High,synth_highacc,8,2
attestation procedure needed examination hostel,Administration,High,synth_highacc,7,2
printer portal offline cable password,IT Support,High,synth_highacc,0,2
index subscription page photocopy librarian,Library,High,synth_highacc,8,2
bully surveillance complaint weapon drugs,Security / Discipline,High,synth_highacc,6,2
edition desk outdated card article,Library,Medium,synth_highacc,8,0
the floor tiles in the lobby are loose several of the large marble tiles near the reception desk wobble when you step on them someone is going to trip if they aren t re cemented soon this has been an issue for over a week now,Maintenance,Medium,complaint_triage,4,0
renovation plumber burst construction mopping,Maintenance,Low,synth_highacc,4,1
scholarship card not reimbursement online,Fees / Finance,Medium,synth_highacc,3,0
bill oil overcharge salad breakfast,Canteen,Low,synth_highacc,9,1
carpenter worn grill leak bulb,Maintenance,Medium,synth_highacc,4,0
ticket accident conductor seat fuel,Transport,High,synth_highacc,5,2
clerk document rejected admission fee,Administration,Low,synth_highacc,7,1
helmet mirror mandatory mirror meter,Transport,Medium,synth_highacc,5,0
sewage fused smell lock bulb,Maintenance,Low,synth_highacc,4,1
book author overdue renew periodical,Library,High,synth_highacc,8,2
installment pending plan concession scholarship,Fees / Finance,Low,synth_highacc,3,1
fine reading waived stack ebook,Library,High,synth_highacc,8,2
evidence camera destroyed culprit thieves,Security / Discipline,Low,synth_highacc,6,1
research catalogue almanac reference shelf,Library,High,synth_highacc,8,2
roommate detergent slipper slipper,Hostels,High,synth_highacc,1,2
arrest laptop offence offence murder,Security / Discipline,Low,synth_highacc,6,1
taste breakfast pickle hygiene plate,Canteen,High,synth_highacc,9,2
my minor in psychology is not showing up on my graduation application i have completed all the requirements but the system only lists my major i don t want to graduate with an incomplete degree,Administration,Medium,complaint_triage,7,0
backup shutdown restore ssd speed,IT Support,Low,synth_highacc,0,1
mirror overcrowded cracked auto indicator,Transport,Medium,synth_highacc,5,0
admission missing form document submission,Administration,Medium,synth_highacc,7,0
sexual harassed harrash camera environment,Security / Discipline,Medium,synth_highacc,6,0
crack fuse wall peeling repair,Maintenance,High,synth_highacc,4,2
dinner counter served tea dinner,Canteen,Low,synth_highacc,9,1
citation renew format audiobook desk,Library,Low,synth_highacc,8,1
drain paint overflowing tube lock,Maintenance,Low,synth_highacc,4,1
software cache network update fail,IT Support,Low,synth_highacc,0,1
mess spoil quality mess rate,Canteen,High,synth_highacc,9,2
missing hall ticket for the external practicals starting tomorrow my name is missing from the eligibility list even though i have no dues and 85 attendance the lab assistant says he cannot let me perform the experiments without the official slip please verify my status and issue the hall ticket before the 9 am batch starts,Academics,High,complaint_triage,2,2
coffee snack bitter snack salad,Canteen,Low,synth_highacc,9,1
hardware computer firmware connectivity modem,IT Support,Low,synth_highacc,0,1
credit debit deposit tax statement,Fees / Finance,Low,synth_highacc,3,1
numberplate vehicle auto driver auto,Transport,High,synth_highacc,5,2
fir surveillance molested complaint accused,Security / Discipline,Medium,synth_highacc,6,0
case laptop pending thief insult,Security / Discipline,High,synth_highacc,6,2
sinkhole appearing in the parking lot a section of the asphalt has collapsed near the drain and is about three feet deep it is right in the path of incoming cars we need it cordoned off and filled before a vehicle falls in,Maintenance,High,complaint_triage,4,2
internet driver slow bluetooth display,IT Support,Medium,synth_highacc,0,0
scholar curriculum registration grade timetable,Academics,High,synth_highacc,2,2
sewage maintenance backup wrench repair,Maintenance,Medium,synth_highacc,4,0
download software stuck crash vpn,IT Support,Low,synth_highacc,0,1
notice sworn board sworn rejected,Administration,Low,synth_highacc,7,1
cctv threatened footage steals attack,Security / Discipline,High,synth_highacc,6,2
stipend credit refund grant delayed,Fees / Finance,Low,synth_highacc,3,1
battery helmet dead cycle shuttle,Transport,Medium,synth_highacc,5,0
syllabus thesis report lesson subject,Academics,High,synth_highacc,2,2
hostel fee portal error on the final payment day i have been trying to pay the mess and room charges for three hours but the transaction keeps failing at the final step today is the deadline to avoid the heavy late fee and loss of room allotment i need a manual override or a link that actually works before midnight,Hostels,High,complaint_triage,1,2
certificate submit delayed hostel hostel,Administration,High,synth_highacc,7,2
ip server address update fail,IT Support,High,synth_highacc,0,2
hardware login firmware email upload,IT Support,Medium,synth_highacc,0,0
wifi latency dns dropping desktop,IT Support,High,synth_highacc,0,2
table curtain wobbling hanger inverter,Hostels,Medium,synth_highacc,1,0
section aisle bibliography ebook publisher,Library,Medium,synth_highacc,8,0
notice policy board requested circular,Administration,Medium,synth_highacc,7,0
notebook tutorial correction topic seminar,Academics,Low,synth_highacc,2,1
steal harrass rape thief abusing,Security / Discipline,Low,synth_highacc,6,1
laptop laptop screen email adapter,IT Support,High,synth_highacc,0,2
taste milk bad cup curry,Canteen,Medium,synth_highacc,9,0
lab vpn failing during remote proctor setup exam requires lab resources via vpn currently failing window opens in 1 hour urgent help please,IT Support,High,complaint_triage,0,2
egg rotten taste daal stale,Canteen,Medium,synth_highacc,9,0
policy pending amendment circular scholarship,Administration,Low,synth_highacc,7,1
roommate water noisy towel sink,Hostels,Medium,synth_highacc,1,0
fee invoice waiver account charges,Fees / Finance,Medium,synth_highacc,3,0
offence hostel serious investigate stranger,Security / Discipline,Medium,synth_highacc,6,0
grill carpenter welding lock tile,Maintenance,Medium,synth_highacc,4,0
accident provided reported auto seat,Transport,High,synth_highacc,5,2
renew book request available locate,Library,High,synth_highacc,8,2
approval circular pending form document,Administration,Low,synth_highacc,7,1
drainage mattress overflowing corridor cupboard,Hostels,Low,synth_highacc,1,1
email antivirus sending freeze processor,IT Support,Low,synth_highacc,0,1
crack switch brick hole mopping,Maintenance,Medium,synth_highacc,4,0
valve gutter hinge floor repair,Maintenance,Low,synth_highacc,4,1
curtain detergent damaged heating expensive,Hostels,Low,synth_highacc,1,1
notebook assignment project curriculum topic,Academics,Medium,synth_highacc,2,0
broken main door lock in block c room 214 the latch on my room door snapped this morning and i cannot lock it from the outside i have expensive lab equipment inside and a lecture to attend please send maintenance to replace the lock immediately as i cannot leave my belongings unsecured,Hostels,High,complaint_triage,1,2
workshop final material project syllabus,Academics,Low,synth_highacc,2,1
software projector crashing update printer,IT Support,Low,synth_highacc,0,1
alcohol harrash consumption accused steals,Security / Discipline,High,synth_highacc,6,2
enrollment rejected confirmed requested submission,Administration,Medium,synth_highacc,7,0
cloud configure sync desktop vpn,IT Support,High,synth_highacc,0,2
i accidentally clicked withdraw from university instead of withdraw from course i need this undone immediately before my visa is revoked and i m forced to leave the country,Administration,High,complaint_triage,7,2
exam mentor timetable grading practical,Academics,Low,synth_highacc,2,1
valve gutter fix tile exposed,Maintenance,Medium,synth_highacc,4,0
request for better weather stripping on the balcony door during the rain yesterday water seeped under the door and soaked my rug a simple rubber strip at the bottom of the door would prevent this from happening again,Maintenance,Medium,complaint_triage,4,0
staircase shampoo laundry laundry corridor,Hostels,High,synth_highacc,1,2
verification bonafide pending letterhead certificate,Administration,Low,synth_highacc,7,1
router cable rebooting mouse cache,IT Support,Medium,synth_highacc,0,0
internship viva opportunity subject scholar,Academics,Low,synth_highacc,2,1
volume index missing available ebook,Library,Medium,synth_highacc,8,0
stale meal egg fresh pickle,Canteen,High,synth_highacc,9,2
admission application form examination regulation,Administration,Medium,synth_highacc,7,0
bank application transfer gst debit,Fees / Finance,Medium,synth_highacc,3,0
salad fresh salad sauce queue,Canteen,High,synth_highacc,9,2
i was just involved in a fender bender near the main gate the other driver is being very aggressive and refusing to show me their insurance i feel threatened by their behavior,Security / Discipline,Medium,complaint_triage,6,0
workshop tutorial registration textbook viva,Academics,Low,synth_highacc,2,1
missing mess off refund from the previous break i stayed home for a month during the holidays and filed the paperwork but the credit isn t showing i need that 3 000 to pay for my current month s food bill or i ll be barred from the mess hall tonight,Fees / Finance,High,complaint_triage,3,2
result missing published textbook teacher,Academics,Low,synth_highacc,2,1
index scan page counter print,Library,High,synth_highacc,8,2
report overdue submission delay thesis,Academics,Medium,synth_highacc,2,0
assignment answer deadline homework practical,Academics,High,synth_highacc,2,2
print desk queue shelf print,Library,Low,synth_highacc,8,1
vehicle horn horn parking bus,Transport,Medium,synth_highacc,5,0
configure freeze setup portal cloud,IT Support,High,synth_highacc,0,2
mentor textbook guidance thesis delayed,Academics,Low,synth_highacc,2,1
medical emergency and elevator failure in the high rise block a student has fainted on the 8th floor and the only working lift has just jammed we cannot carry them down the stairs safely please get the lift technician and the campus ambulance to the site,Hostels,High,complaint_triage,1,2
print scan black fine zone,Library,Medium,synth_highacc,8,0
wrong question paper distributed during the current minor exam we are sitting in the hall for theory of computation but the paper provided is for compiler design the invigilator is not allowing us to leave or talk this is wasting our limited time and causing immense stress someone from the academics cell needs to bring the correct papers now,Academics,High,complaint_triage,2,2
patrol hostel drugs investigate case,Security / Discipline,Low,synth_highacc,6,1
wifi monitor fail dropping latency,IT Support,Low,synth_highacc,0,1
egg pickle spoil daal coffee,Canteen,Low,synth_highacc,9,1
fund budget outstanding payment deposit,Fees / Finance,Medium,synth_highacc,3,0
document processing submission rejected,Administration,High,synth_highacc,7,2
mopping stair cleaning garbage fused,Maintenance,Low,synth_highacc,4,1
roommate mattress towel heater,Hostels,Medium,synth_highacc,1,0
subject overdue curriculum topic professor,Academics,Medium,synth_highacc,2,0
ragging accused stopped stolen robbery,Security / Discipline,Medium,synth_highacc,6,0
refund fee delayed fund tax,Fees / Finance,High,synth_highacc,3,2
pipeline maintenance leakage mopping fused,Maintenance,Low,synth_highacc,4,1
receipt finance generated credit tax,Fees / Finance,Low,synth_highacc,3,1
cable bug loose freeze upload,IT Support,High,synth_highacc,0,2
sexual threaten harrash environment report,Security / Discipline,Low,synth_highacc,6,1
procedure hostel lengthy status submission,Administration,Low,synth_highacc,7,1
my student email has been deactivated without warning i have all my project files and communication with recruiters in that inbox i need access restored immediately,Administration,High,complaint_triage,7,2
battery portal draining rebooting rebooting,IT Support,High,synth_highacc,0,2
bill online incorrect due payable,Fees / Finance,Low,synth_highacc,3,1
towel bunk rough balcony bed,Hostels,Medium,synth_highacc,1,0
concession account waiver reimbursement netbanking,Fees / Finance,High,synth_highacc,3,2
salad egg rotten sauce canteen,Canteen,Low,synth_highacc,9,1
weapon complaint seized raped fir,Security / Discipline,Medium,synth_highacc,6,0
finance deposit section credited payment,Fees / Finance,Low,synth_highacc,3,1
processing pending requested clerk attestation,Administration,High,synth_highacc,7,2
time sync drift on classroom pc clock lags by minutes each day causes meeting join issues please verify ntp source and policy thanks for checking,IT Support,Medium,complaint_triage,0,0
teacher placement revaluation notebook,Academics,Low,synth_highacc,2,1
balcony flush water corridor geyser,Hostels,High,synth_highacc,1,2
chair slipper broken ventilator almirah,Hostels,High,synth_highacc,1,2
mess price quality vegetable kitchen,Canteen,High,synth_highacc,9,2
can the university start accepting international cards for the application fees i have a foreign exchange card from my travel and it would be easier to use that than to keep converting currency for small academic charges,Fees / Finance,Low,complaint_triage,3,1
faculty internship postpone exam assignment,Academics,Medium,synth_highacc,2,0
refund tuition delayed reimbursement balance,Fees / Finance,High,synth_highacc,3,2
the lighting in the back corner of the library is a bit dim for reading a single extra tube light or a stronger bulb in that area would make it a much better spot for focusing on our textbooks,Academics,Low,complaint_triage,2,1
registration approval deadline stamp guideline,Administration,Medium,synth_highacc,7,0
food cook shortage cup pickle,Canteen,Low,synth_highacc,9,1
vehicle overcrowded breakdown petrol tyre,Transport,Low,synth_highacc,5,1
topic paper unclear exam homework,Academics,Low,synth_highacc,2,1
cup meal hygiene glass pickle,Canteen,Medium,synth_highacc,9,0
authentication ip cache bandwidth,IT Support,Low,synth_highacc,0,1
curriculum faculty outdated lesson midterm,Academics,High,synth_highacc,2,2
the link for the online end term viva is not working there are 20 students waiting in the virtual lobby but the external examiner is not present and the link says meeting ended this was our only chance to finish the lab component we need a new link and a status update now,Academics,High,complaint_triage,2,2
wrongful defaulter tag on my student id the system claims i owe 12 000 in library fines and lab breakages from three years ago which is completely false because of this error my final degree is being withheld and i have a visa interview in two days where i must present my original transcripts please clear this ghost balance so i can collect my documents,Fees / Finance,High,complaint_triage,3,2
crack burst wall drill worn,Maintenance,Low,synth_highacc,4,1
pipe replace joint cement pipe,Maintenance,High,synth_highacc,4,2
parking parking full charges helmet,Transport,Low,synth_highacc,5,1
journal rack missing membership desk,Library,High,synth_highacc,8,2
detergent slipper over service balcony,Hostels,High,synth_highacc,1,2
reboot shutdown backup upload usb,IT Support,High,synth_highacc,0,2
reference search desk overdue counter,Library,High,synth_highacc,8,2
attestation status signature procedure document,Administration,Low,synth_highacc,7,1
quiz mentor revaluation professor seminar,Academics,Medium,synth_highacc,2,0
login portal router working monitor,IT Support,High,synth_highacc,0,2
journal rack binding citation stack,Library,Medium,synth_highacc,8,0
return membership reminder photocopy expired,Library,Medium,synth_highacc,8,0
tap corridor dripping hostel ventilator,Hostels,Medium,synth_highacc,1,0
incorrect late fee penalty applied to my account i paid my dues on the 10th which was the deadline but the system recorded it as the 11th and added a 2 000 fine this fine is preventing me from downloading my hall ticket for tomorrow s external viva please remove the penalty and unlock my admit card,Fees / Finance,High,complaint_triage,3,2
shampoo drainage finished hanger locker,Hostels,Medium,synth_highacc,1,0
cable processor loose install bluetooth,IT Support,Medium,synth_highacc,0,0
gear indicator brake cycle brake,Transport,High,synth_highacc,5,2
construction socket debris pane cracked,Maintenance,Medium,synth_highacc,4,0
librarian renew help database card,Library,Low,synth_highacc,8,1
hello my z drive is gone today it was there yesterday i need my files for the 10am meeting please fix this asap i restarted twice and still nothing,IT Support,High,complaint_triage,0,2
renovation damage door construction hole,Maintenance,Medium,synth_highacc,4,0
drugs weapon peddled scam haras,Security / Discipline,High,synth_highacc,6,2
pipeline construction grill fixture plaster,Maintenance,Medium,synth_highacc,4,0
electrician maintenance wiring repairman tile,Maintenance,High,synth_highacc,4,2
waiver account rejected loan reimbursement,Fees / Finance,Medium,synth_highacc,3,0
lesson score difficult workshop seminar,Academics,High,synth_highacc,2,2
cement brick hole wrench ladder,Maintenance,High,synth_highacc,4,2
dean submit approval approval awaiting,Administration,High,synth_highacc,7,2
harassment caught filed stranger investigate,Security / Discipline,Medium,synth_highacc,6,0
wifi vpn hardware dns,IT Support,Low,synth_highacc,0,1
towel exhaust rough fan bunk,Hostels,Medium,synth_highacc,1,0
tease haras sexual sexual scam,Security / Discipline,High,synth_highacc,6,2
gear charges problem meter ticket,Transport,High,synth_highacc,5,2
almanac catalogue almanac bibliography subscription,Library,High,synth_highacc,8,2
registrar registrar approval dean endorse,Administration,High,synth_highacc,7,2
software ethernet ssd update freeze,IT Support,High,synth_highacc,0,2
database newspaper access locate abstract,Library,Low,synth_highacc,8,1
research citation paper search audiobook,Library,Medium,synth_highacc,8,0
registrar seal guideline dean signature,Administration,Medium,synth_highacc,7,0
cup dinner rate glass coffee,Canteen,Low,synth_highacc,9,1
overcharge fork glass water canteen,Canteen,High,synth_highacc,9,2
research author overdue reference citation,Library,High,synth_highacc,8,2
geyser bucket leaking heater warden,Hostels,Medium,synth_highacc,1,0
salad breakfast oil sauce vegetable,Canteen,Medium,synth_highacc,9,0
upload connection ssd protocol error,IT Support,High,synth_highacc,0,2
vandalism tease property abusing violence,Security / Discipline,Low,synth_highacc,6,1
homework workshop thesis project lesson,Academics,Low,synth_highacc,2,1
netbanking scholarship upi netbanking installment,Fees / Finance,Medium,synth_highacc,3,0
curriculum missing outdated absent faculty,Academics,Low,synth_highacc,2,1
valve urgent damaged jammed drain,Maintenance,Medium,synth_highacc,4,0
circular fee clarification document endorse,Administration,Medium,synth_highacc,7,0
canteen drink stale sabzi fresh,Canteen,Low,synth_highacc,9,1
database newspaper access newspaper shelf,Library,Low,synth_highacc,8,1
bunk locker slipper almirah inverter,Hostels,High,synth_highacc,1,2
indicator overcrowded broken fare conductor,Transport,Low,synth_highacc,5,1
harass disrespect molested bully injured,Security / Discipline,Medium,synth_highacc,6,0
flush sink noisy blanket balcony,Hostels,High,synth_highacc,1,2
fiction newspaper available subscription citation,Library,High,synth_highacc,8,2
vegetable chapati taste chicken price,Canteen,Medium,synth_highacc,9,0
renew index overdue fine article,Library,Low,synth_highacc,8,1
canteen spoil egg egg,Canteen,Medium,synth_highacc,9,0
the course evaluation forms are a bit too long if they were simplified to 5 6 key questions more students would likely take the time to provide thoughtful feedback at the end of the semester,Academics,Low,complaint_triage,2,1
harass fir stalking bully working,Security / Discipline,Medium,synth_highacc,6,0
tyre cycle puncture van charges,Transport,Low,synth_highacc,5,1
card catalogue ebook periodical newspaper,Library,Low,synth_highacc,8,1
tax receipt deduction debit debit,Fees / Finance,Low,synth_highacc,3,1
conductor rickshaw behaviour battery tyre,Transport,Medium,synth_highacc,5,0
complaint bully registered attack alcohol,Security / Discipline,High,synth_highacc,6,2
practical assignment missed midterm group,Academics,High,synth_highacc,2,2
the backup generator for the security lights in the dorms didn t kick in during the brief power flicker today if the power goes out for real we will be in total darkness,Security / Discipline,Medium,complaint_triage,6,0
notice submit board seal seal,Administration,Medium,synth_highacc,7,0
renew thesis request reading membership,Library,Medium,synth_highacc,8,0
rice cheap undercook egg oil,Canteen,Low,synth_highacc,9,1
topic marks unclear presentation topic,Academics,Medium,synth_highacc,2,0
scanner hardware detecting login reboot,IT Support,Medium,synth_highacc,0,0
card pending declined penalty processed,Fees / Finance,Low,synth_highacc,3,1
marks project incorrect presentation textbook,Academics,High,synth_highacc,2,2
renovation crack tube construction ladder,Maintenance,High,synth_highacc,4,2
balance reimbursement enquiry statement delayed,Fees / Finance,High,synth_highacc,3,2
deposit remit refund budget finance,Fees / Finance,Medium,synth_highacc,3,0
abstract overdue journal absent absent,Library,Medium,synth_highacc,8,0
seminar workshop postponed faculty absent,Academics,Low,synth_highacc,2,1
endorse missing document procedure signature,Administration,Medium,synth_highacc,7,0
bank late statement arrear payable,Fees / Finance,Low,synth_highacc,3,1
upload antivirus port scanner protocol,IT Support,Low,synth_highacc,0,1
suspicious steals cybercrime stranger raped,Security / Discipline,Medium,synth_highacc,6,0
battery shuttle dead schedule stop,Transport,Low,synth_highacc,5,1
scheduled script misses run when laptop sleeps task is set for 3 a m local time if the laptop sleeps it never catches up wake the computer seems ineffective is there a recommended policy for this could this run on a server instead looking for reliability not urgent thanks for best practice guidance,IT Support,Low,complaint_triage,0,1
cycle bicycle clutch license headlight,Transport,High,synth_highacc,5,2
registration document deadline letterhead pending,Administration,Low,synth_highacc,7,1
balance stipend enquiry credit arrear,Fees / Finance,Low,synth_highacc,3,1
presentation missing evaluated workshop missing,Academics,High,synth_highacc,2,2
answer assignment key postpone notebook,Academics,Low,synth_highacc,2,1
statement tax account credited invoice,Fees / Finance,Low,synth_highacc,3,1
photocopy librarian charges section citation,Library,Medium,synth_highacc,8,0
construction cleaning noise exposed roof,Maintenance,Low,synth_highacc,4,1
horn helmet not bus pickup,Transport,High,synth_highacc,5,2
pillow exhaust flat inverter sink,Hostels,Medium,synth_highacc,1,0
i cannot download my hall ticket for tomorrow s exam,Academics,High,query_test,2,2
harass camera accused bully tease,Security / Discipline,Medium,synth_highacc,6,0
carpenter plaster fix leak handle,Maintenance,Medium,synth_highacc,4,0
curtain bed laundry geyser hostel,Hostels,Low,synth_highacc,1,1
snack drink items fork daal,Canteen,Medium,synth_highacc,9,0
interest budget rate account bank,Fees / Finance,Medium,synth_highacc,3,0
motherboard wlan processor email keyboard,IT Support,Medium,synth_highacc,0,0
paint urgent colour wrench floor,Maintenance,Low,synth_highacc,4,1
cook mess milk curry quality,Canteen,High,synth_highacc,9,2
inverter ventilator backup staircase cotton,Hostels,Low,synth_highacc,1,1
quiz answer placement assignment schedule,Academics,High,synth_highacc,2,2
curtain bucket damaged sink stinking,Hostels,High,synth_highacc,1,2
workshop final degree tutorial workshop,Academics,Low,synth_highacc,2,1
diploma grade verification tutorial thesis,Academics,High,synth_highacc,2,2
stranger fir entry case teasing,Security / Discipline,Low,synth_highacc,6,1
curtain pillow damaged pillow table,Hostels,Medium,synth_highacc,1,0
rotten vegetable mess spoil sabzi,Canteen,High,synth_highacc,9,2
drink worth food juice bill,Canteen,Medium,synth_highacc,9,0
tile mopping broken drain lock,Maintenance,High,synth_highacc,4,2
shelf rack bibliography borrow zone,Library,Medium,synth_highacc,8,0
homework timetable lecture project curriculum,Academics,Medium,synth_highacc,2,0
penalty subscription publisher membership volume,Library,Medium,synth_highacc,8,0
letterhead regulation affidavit official approval,Administration,High,synth_highacc,7,2
professor viva subject lecture viva,Academics,Medium,synth_highacc,2,0
degree tutorial delayed diploma overdue,Academics,Medium,synth_highacc,2,0
driver tyre rash brake taxi,Transport,Low,synth_highacc,5,1
toilet mosquito blocked mosquito slipper,Hostels,Medium,synth_highacc,1,0
lecture textbook cancelled degree quiz,Academics,Low,synth_highacc,2,1
chapati queue hard price hygiene,Canteen,Medium,synth_highacc,9,0
return scan reminder overdue rack,Library,Low,synth_highacc,8,1
evidence working collected fraud incident,Security / Discipline,Low,synth_highacc,6,1
interest transaction fee waiver netbanking,Fees / Finance,High,synth_highacc,3,2
transaction card failed account deduction,Fees / Finance,High,synth_highacc,3,2
schedule overcrowded weekend mandatory clutch,Transport,High,synth_highacc,5,2
paint plaster electrician pane door,Maintenance,High,synth_highacc,4,2
authentication connection down software error,IT Support,Medium,synth_highacc,0,0
request for more coat hooks in the individual study carrels currently there is nowhere to hang a jacket or a bag so they end up on the floor adding two small hooks to each booth would be a very helpful upgrade,Maintenance,Low,complaint_triage,4,1
abuse report verbal sexually steal,Security / Discipline,High,synth_highacc,6,2
sexually violence teasing accused victim,Security / Discipline,High,synth_highacc,6,2
print thesis black card periodical,Library,High,synth_highacc,8,2
vpn server keyboard server mouse,IT Support,Medium,synth_highacc,0,0
shuttle cycle cancelled tyre van,Transport,High,synth_highacc,5,2
borrow borrow period card expired,Library,High,synth_highacc,8,2
numberplate license missing shuttle taxi,Transport,Low,synth_highacc,5,1
fan water speed geyser roommate,Hostels,Low,synth_highacc,1,1
theft assault suspicious hostel,Security / Discipline,Low,synth_highacc,6,1
clerk enrollment bonafide admission download,Administration,Low,synth_highacc,7,1
hostel hostel gate fan stinking,Hostels,Low,synth_highacc,1,1
heater roommate element cotton cupboard,Hostels,Low,synth_highacc,1,1
roof door leak drain stair,Maintenance,Low,synth_highacc,4,1
diesel indicator petrol tyre gear,Transport,Low,synth_highacc,5,1
floor replace slippery wire crack,Maintenance,High,synth_highacc,4,2
snack overcharge items cup tea,Canteen,High,synth_highacc,9,2
abuse case steals threaten fraud,Security / Discipline,Low,synth_highacc,6,1
index zone page publisher periodical,Library,Low,synth_highacc,8,1
brake clutch taillight horn taxi,Transport,Low,synth_highacc,5,1
complaint rape registered arrest rape,Security / Discipline,High,synth_highacc,6,2
danger steal warning threatened abuse,Security / Discipline,Medium,synth_highacc,6,0
raped haras assaulted injured offence,Security / Discipline,High,synth_highacc,6,2
fare driver increased meter headlight,Transport,Medium,synth_highacc,5,0
i am currently in the registrar s office and they are refusing to let me speak to a supervisor even though the clerk has made a major error on my file i m not leaving until this is resolved,Administration,Medium,complaint_triage,7,0
drink egg queue juice cheap,Canteen,Low,synth_highacc,9,1
upload password driver scanner adapter,IT Support,High,synth_highacc,0,2
harassment corridor filed abusing raped,Security / Discipline,Low,synth_highacc,6,1
the door to the storage room has a few old stickers on it that are half peeled removing them and cleaning the adhesive would make the hallway look much tidier and more official,Maintenance,Low,complaint_triage,4,1
there is a stray dog on campus that looks very aggressive it s been growling at people walking to the dining hall and i m worried it might bite a student who isn t paying attention,Security / Discipline,Medium,complaint_triage,6,0
locate renew shelf absent card,Library,Medium,synth_highacc,8,0
print abstract black silent article,Library,Low,synth_highacc,8,1
account installment credited delayed card,Fees / Finance,Low,synth_highacc,3,1
transfer affidavit certificate clerk enrollment,Administration,High,synth_highacc,7,2
flush sink dirty mosquito chair,Hostels,Medium,synth_highacc,1,0
lecture homework timing seminar workshop,Academics,Low,synth_highacc,2,1
need a duplicate copy of the first semester fee challan i lost my original file and the bank requires a copy to process my current loan top up the online portal doesn t show records that old can the accounts office issue a stamped duplicate this week,Fees / Finance,Medium,complaint_triage,3,0
rate overcharge increased overcharge price,Canteen,High,synth_highacc,9,2
journal fine missing membership scan,Library,Medium,synth_highacc,8,0
finance online section processed pending,Fees / Finance,High,synth_highacc,3,2
investigate stalk complaint vandalism teasing,Security / Discipline,High,synth_highacc,6,2
mosquito noisy inverter bathroom locker,Hostels,Low,synth_highacc,1,1
electrician socket leak repair garbage,Maintenance,Low,synth_highacc,4,1
circular procedure clarification affidavit guideline,Administration,Low,synth_highacc,7,1
staircase almirah water laundry towel,Hostels,Medium,synth_highacc,1,0
exam delayed timetable midterm postpone,Academics,High,synth_highacc,2,2
tea hygiene cold cheap cook,Canteen,High,synth_highacc,9,2
construction tile debris plumber garbage,Maintenance,High,synth_highacc,4,2
fixture replace replacement mopping urgent,Maintenance,Medium,synth_highacc,4,0
fiction membership available aisle overdue,Library,Low,synth_highacc,8,1
wire leak exposed pipeline cracked,Maintenance,Medium,synth_highacc,4,0
patrol stalking increased investigate trespass,Security / Discipline,High,synth_highacc,6,2
processing download time submission download,Administration,Low,synth_highacc,7,1
score grade improvement seminar internship,Academics,High,synth_highacc,2,2
practical paper missed score mentor,Academics,Low,synth_highacc,2,1
chair towel broken service expensive,Hostels,High,synth_highacc,1,2
install configure connect monitor adapter,IT Support,Medium,synth_highacc,0,0
the bus schedule on the mobile app is completely different from the one printed at the bus stop which one are we supposed to follow,Transport,Low,complaint_triage,5,1
borrow silent magazine return counter,Library,Low,synth_highacc,8,1
hammer floor drill screwdriver worn,Maintenance,Low,synth_highacc,4,1
enrollment missing confirmed endorse stamp,Administration,Low,synth_highacc,7,1
pickup license missed shuttle seat,Transport,Low,synth_highacc,5,1
fiction abstract available thesis return,Library,High,synth_highacc,8,2
clerk submission rude signature pending,Administration,High,synth_highacc,7,2
cctv corridor footage stole insulting,Security / Discipline,Low,synth_highacc,6,1
bullied fraud harassed danger vandalism,Security / Discipline,Medium,synth_highacc,6,0
grill door welding repair socket,Maintenance,Medium,synth_highacc,4,0
mosquito drainage infestation dirty bed,Hostels,Medium,synth_highacc,1,0
install configure keyboard keyboard email,IT Support,High,synth_highacc,0,2
stipend card disbursed late audit,Fees / Finance,Low,synth_highacc,3,1
bibliography newspaper section expired rack,Library,Low,synth_highacc,8,1
thesis curriculum approval deadline paper,Academics,Low,synth_highacc,2,1
can the finance office start sending payment successful notifications via the university s official whatsapp bot it s a more reliable way to keep a record than just relying on the website portal,Fees / Finance,Low,complaint_triage,3,1
photocopy penalty charges borrow card,Library,Medium,synth_highacc,8,0
mattress sink hard locker locker,Hostels,High,synth_highacc,1,2
vandalism scam property bully sexually,Security / Discipline,Medium,synth_highacc,6,0
fir accused theft complaint theft,Security / Discipline,High,synth_highacc,6,2
waiver finance rejected tuition penalty,Fees / Finance,Low,synth_highacc,3,1
schedule vehicle weekend taillight clutch,Transport,High,synth_highacc,5,2
guest access request for shared site external collaborator needs two week access enable sharing for the specific library only,IT Support,Low,complaint_triage,0,1
cashier outstanding counter invoice refund,Fees / Finance,Low,synth_highacc,3,1
urgent the compiler says no license found for the lab software i have a deadline tonight and i can t build my project can i get a temporary code or something,IT Support,High,complaint_triage,0,2
conductor mandatory behaviour charges route,Transport,Medium,synth_highacc,5,0
driver mirror fare conductor mandatory,Transport,Medium,synth_highacc,5,0
laptop cloud screen backup crash,IT Support,Medium,synth_highacc,0,0
helmet indicator traffic license provided,Transport,Low,synth_highacc,5,1
research silent zone reference audiobook,Library,Low,synth_highacc,8,1
scholar result registration curriculum score,Academics,Low,synth_highacc,2,1
pipeline tube leaking fixture roof,Maintenance,Medium,synth_highacc,4,0
configure install setup configure keyboard,IT Support,Medium,synth_highacc,0,0
report internship submission placement final,Academics,Low,synth_highacc,2,1
chapter seminar summary teacher mentor,Academics,Medium,synth_highacc,2,0
deduction refund wrong outstanding reimbursement,Fees / Finance,Low,synth_highacc,3,1
the driver missed the turn for the east dorms and refused to go back he told us we had to walk from the next stop which is over a mile away in the dark,Transport,Medium,complaint_triage,5,0
weapon working found harrass senior,Security / Discipline,Low,synth_highacc,6,1
card audit declined audit scholarship,Fees / Finance,Low,synth_highacc,3,1
tap bucket dripping balcony toilet,Hostels,High,synth_highacc,1,2
assignment teacher deadline assignment cancel,Academics,Low,synth_highacc,2,1
invoice waiver pending bill receipt,Fees / Finance,High,synth_highacc,3,2
detergent noisy balcony hanger corridor,Hostels,Low,synth_highacc,1,1
wire damage exposed urgent brick,Maintenance,High,synth_highacc,4,2
raped abuse assaulted assault tease,Security / Discipline,Low,synth_highacc,6,1
valve tile damaged pipeline carpenter,Maintenance,High,synth_highacc,4,2
overcharge price cup water worth,Canteen,Low,synth_highacc,9,1
danger stolen assaulted unsafe vandalism,Security / Discipline,Medium,synth_highacc,6,0
canteen lunch stale worth food,Canteen,Medium,synth_highacc,9,0
refund charges process audit installment,Fees / Finance,Medium,synth_highacc,3,0
brake clutch fuel van taxi,Transport,Low,synth_highacc,5,1
pillow almirah flat blanket door,Hostels,High,synth_highacc,1,2
dust pipeline pipeline drill hammer,Maintenance,Low,synth_highacc,4,1
charger ram adapter offline shutdown,IT Support,High,synth_highacc,0,2
warden cotton geyser bunk,Hostels,Low,synth_highacc,1,1
bully offence complaint stalk prohibited,Security / Discipline,Medium,synth_highacc,6,0
traffic van route accident cab,Transport,High,synth_highacc,5,2
ventilator detergent exhaust inverter detergent,Hostels,High,synth_highacc,1,2
drill plaster noise fixture fixture,Maintenance,Low,synth_highacc,4,1
projector network blurry patch backup,IT Support,Low,synth_highacc,0,1
mirror shuttle cracked horn horn,Transport,Low,synth_highacc,5,1
thesis workshop quiz seminar lecturer,Academics,High,synth_highacc,2,2
refund transaction delayed transfer charges,Fees / Finance,Low,synth_highacc,3,1
taste taste bad queue cup,Canteen,High,synth_highacc,9,2
i d like to report that the admin office is frequently closing 15 minutes earlier than the posted time i got there at 4 15 yesterday and the doors were already locked,Administration,Low,complaint_triage,7,1
theft vandalism fought vandalism,Security / Discipline,Medium,synth_highacc,6,0
lecture curriculum cancelled grade tutorial,Academics,High,synth_highacc,2,2
sabzi daal bill pickle quality,Canteen,Low,synth_highacc,9,1
electrician hole wiring mopping worn,Maintenance,High,synth_highacc,4,2
i noticed that the fire extinguishers in the old dorm building are all expired the inspection tags say they were last checked three years ago,Security / Discipline,Medium,complaint_triage,6,0
deadline submission missing stamp notarized,Administration,Low,synth_highacc,7,1
counter volume staff librarian audiobook,Library,Low,synth_highacc,8,1
cycle bicycle gear taxi clutch,Transport,Low,synth_highacc,5,1
i think it would be a good idea to put a bench at the north gate pickup point there is currently nowhere to sit while waiting for the loop bus which is a bit of a hassle when you re carrying heavy books or a laptop bag,Transport,Low,complaint_triage,5,1
locker door key roommate bed,Hostels,Low,synth_highacc,1,1
canteen hygiene costly dinner vegetable,Canteen,Low,synth_highacc,9,1
evidence molest haras interrogate investigate,Security / Discipline,Medium,synth_highacc,6,0
the wi fi in the admin lobby is non existent since we have to wait there for hours it would be nice to at least be able to do some homework while we sit,Administration,Low,complaint_triage,7,1
verification dean done dean submit,Administration,Low,synth_highacc,7,1
invoice statement duplicate transaction deposit,Fees / Finance,Low,synth_highacc,3,1
vpn antivirus slow server charger,IT Support,Medium,synth_highacc,0,0
admission pending cancellation status stamp,Administration,Low,synth_highacc,7,1
water balcony supply roommate pillow,Hostels,High,synth_highacc,1,2
inverter towel backup service locker,Hostels,Medium,synth_highacc,1,0
lunch canteen delayed coffee tea,Canteen,High,synth_highacc,9,2
firewall internet restricting log wifi,IT Support,High,synth_highacc,0,2
antivirus router patch firewall error,IT Support,High,synth_highacc,0,2
towel staircase rough noisy corridor,Hostels,High,synth_highacc,1,2
transaction outstanding error outstanding loan,Fees / Finance,Medium,synth_highacc,3,0
paint plaster fix broken tile,Maintenance,Low,synth_highacc,4,1
dinner rate served oil menu,Canteen,High,synth_highacc,9,2
configure processor setup software shutdown,IT Support,Medium,synth_highacc,0,0
scholarship reimbursement renewal tax charges,Fees / Finance,Medium,synth_highacc,3,0
question syllabus paper seminar grade,Academics,Medium,synth_highacc,2,0
bus bus cleaning cycle license,Transport,Medium,synth_highacc,5,0
cement brick burst damage mopping,Maintenance,High,synth_highacc,4,2
withdrawal budget late tuition deduction,Fees / Finance,Medium,synth_highacc,3,0
photocopy overdue desk print bibliography,Library,Low,synth_highacc,8,1
vehicle license rickshaw parking headlight,Transport,Low,synth_highacc,5,1
i think the deadline for the late drop should be extended with the flu going around many of us missed the original date because we were too sick to even get out of bed,Administration,Low,complaint_triage,7,1
online payment payment account arrear,Fees / Finance,Medium,synth_highacc,3,0
drink juice stale juice queue,Canteen,Low,synth_highacc,9,1
food cup rotten cheap drink,Canteen,Low,synth_highacc,9,1
registration guideline completed registration signature,Administration,Medium,synth_highacc,7,0
dinner kitchen fresh snack spoil,Canteen,Low,synth_highacc,9,1
notice seal board attestation requested,Administration,Medium,synth_highacc,7,0
suggestion to add a few more no smoking signs in the garden area some people are ignoring the current ones because they are small larger clearer signs would help enforce the campus policy,Maintenance,Low,complaint_triage,4,1
catalogue expired search magazine renew,Library,Medium,synth_highacc,8,0
lecture placement timing grading tutorial,Academics,Medium,synth_highacc,2,0
drill brick noise cement stair,Maintenance,Medium,synth_highacc,4,0
enrollment official confirmed sworn submit,Administration,Medium,synth_highacc,7,0
stamp seal document rejected processing,Administration,Medium,synth_highacc,7,0
soap roommate missing exhaust mattress,Hostels,Low,synth_highacc,1,1
shuttle van tyre auto brake,Transport,Medium,synth_highacc,5,0
steal camera sexually thief drugs,Security / Discipline,Low,synth_highacc,6,1
investigate report complaint environment thief,Security / Discipline,Medium,synth_highacc,6,0
approval pending pending document certificate,Administration,High,synth_highacc,7,2
windscreen gear broken indicator fare,Transport,Medium,synth_highacc,5,0
cement brick screwdriver urgent plaster,Maintenance,Medium,synth_highacc,4,0
brake clutch overcrowded driver driver,Transport,High,synth_highacc,5,2
transaction tax error netbanking installment,Fees / Finance,Medium,synth_highacc,3,0
citation locate format shelf silent,Library,Medium,synth_highacc,8,0
leak bulb water bulb drain,Maintenance,High,synth_highacc,4,2
deduction transfer wrong grant transfer,Fees / Finance,High,synth_highacc,3,2
mosquito cotton roommate bathroom noisy,Hostels,High,synth_highacc,1,2
modem projector signal adapter patch,IT Support,Medium,synth_highacc,0,0
arrest stalk molest offence environment,Security / Discipline,Medium,synth_highacc,6,0
fee reimbursement pending due payment,Fees / Finance,Low,synth_highacc,3,1
emergency refund needed for medical withdrawal my brother is undergoing surgery and i need to withdraw my admission to support my family today is the final eligibility day for a full refund if this isn t processed today i lose 2 lakhs please expedite the file,Fees / Finance,High,complaint_triage,3,2
installment loan charges receipt invoice,Fees / Finance,High,synth_highacc,3,2
conductor bicycle behaviour traffic headlight,Transport,Medium,synth_highacc,5,0
pending dean application stamp policy,Administration,Medium,synth_highacc,7,0
abuse arrest verbal incident insulting,Security / Discipline,High,synth_highacc,6,2
concession credit applied netbanking grant,Fees / Finance,Low,synth_highacc,3,1
there s a strange burning smell coming from the engine of the morning bus that runs through the south campus it s been happening for a few days now and it makes me worried about the vehicle s maintenance,Transport,Medium,complaint_triage,5,0
danger stalk steal unsafe abused,Security / Discipline,High,synth_highacc,6,2
smoke report banned threaten stalking,Security / Discipline,High,synth_highacc,6,2
suggestion for a small bookshelf in the lobby for book crossing residents could leave books they ve finished reading for others to pick up it would be a nice community feature for the hostel,Hostels,Low,complaint_triage,1,1
tile pipe exposed peeling stair,Maintenance,Low,synth_highacc,4,1
tutorial workshop cancelled question subject,Academics,High,synth_highacc,2,2
thesis subscription binding membership renew,Library,High,synth_highacc,8,2
almanac audiobook database bibliography article,Library,Medium,synth_highacc,8,0
authentication crash invalid offline email,IT Support,High,synth_highacc,0,2
need clarification on the alumni fund charge i am only in my second year but i see a 1 000 rupee deduction for the alumni association is this an annual charge or a one time thing it wasn t mentioned in the original prospectus we received,Fees / Finance,Medium,complaint_triage,3,0
thesis midterm submission lesson professor,Academics,High,synth_highacc,2,2
heater strict element heating cupboard,Hostels,Medium,synth_highacc,1,0
enrollment pending dean registration requested,Administration,Medium,synth_highacc,7,0
official attestation letter notary requested,Administration,Medium,synth_highacc,7,0
approval deadline missing signature policy,Administration,Medium,synth_highacc,7,0
i am being stalked by a student in my major they follow me to every class and wait outside the bathroom for me i ve told them to stop but they won t i m starting to feel very unsafe,Security / Discipline,High,complaint_triage,6,2
lunch daal delayed meal expensive,Canteen,High,synth_highacc,9,2
there s a group of people using the university s high speed internet to host an illegal file sharing server it s slowing down the connection for everyone else in the building,Security / Discipline,Low,complaint_triage,6,1
lunch cook chicken breakfast menu,Canteen,High,synth_highacc,9,2
deadline missing missed download approval,Administration,Medium,synth_highacc,7,0
total power outage in wing 4 during exam week all the lights and sockets in our wing have been dead since 8 pm while the rest of the building is fine we have a major end term paper tomorrow morning and none of our laptops are charged this is a critical situation for at least 40 students,Hostels,High,complaint_triage,1,2
stop clutch skipped conductor rickshaw,Transport,Low,synth_highacc,5,1
ventilator mosquito exhaust ventilator warden,Hostels,High,synth_highacc,1,2
training missing program final professor,Academics,Low,synth_highacc,2,1
registration issue completed official endorse,Administration,Medium,synth_highacc,7,0
professor assignment viva lecture diploma,Academics,Low,synth_highacc,2,1
status clerk unknown notary pending,Administration,Low,synth_highacc,7,1
attestation rejected signature official submission,Administration,Low,synth_highacc,7,1
interrogate molest suspect abusing cybercrime,Security / Discipline,Medium,synth_highacc,6,0
due treasury date delayed cleared,Fees / Finance,High,synth_highacc,3,2
endorse affidavit examination policy requested,Administration,Medium,synth_highacc,7,0
ceiling ceiling repair tile sweeping,Maintenance,High,synth_highacc,4,2
microwave in the pantry is sparking when i tried to heat my food i saw sparks inside the unit even though i didn t use any metal i ve unplugged it for safety it needs to be checked or replaced before someone else uses it,Hostels,Medium,complaint_triage,1,0
tyre helmet puncture van gear,Transport,High,synth_highacc,5,2
renovation repair hinge construction fuse,Maintenance,High,synth_highacc,4,2
what are university working hours,Academics,Low,query_test,2,1
locate membership shelf article edition,Library,Low,synth_highacc,8,1
hardware desktop firmware monitor modem,IT Support,Medium,synth_highacc,0,0
assignment lecture feedback delay submission,Academics,High,synth_highacc,2,2
the weekend shuttle schedule is very confusing the timings posted on the website don t match the actual times the bus arrives could the pdf be updated to reflect the current routes,Transport,Low,complaint_triage,5,1
shampoo cotton finished bathroom heating,Hostels,Low,synth_highacc,1,1
repairman electrician brick maintenance damage,Maintenance,Low,synth_highacc,4,1
marks question incorrect tutorial lecture,Academics,High,synth_highacc,2,2
salad chicken salad sauce chapati,Canteen,High,synth_highacc,9,2
the bus stop sign near the gymnasium has fallen over it s lying in the grass and new students don t know where to stand to catch the shuttle,Transport,Low,complaint_triage,5,1
plumber garbage hole screwdriver,Maintenance,Low,synth_highacc,4,1
towel bucket pillow chair corridor,Hostels,High,synth_highacc,1,2
request for a bulletin board in the maintenance hallway we currently tape all our repair requests to the door which leaves sticky residue a proper cork board would be a much tidier way to manage the notices,Maintenance,Low,complaint_triage,4,1
price milk water expensive coffee,Canteen,Medium,synth_highacc,9,0
internship midterm opportunity notebook submission,Academics,Low,synth_highacc,2,1
alcohol fight consumption weapon injured,Security / Discipline,High,synth_highacc,6,2
procedure procedure enquiry submit examination,Administration,Low,synth_highacc,7,1
letterhead clerk format migration clerk,Administration,Low,synth_highacc,7,1
toilet ventilator blocked water cotton,Hostels,Medium,synth_highacc,1,0
policy guideline amendment guideline registration,Administration,High,synth_highacc,7,2
clerk letterhead policy admission clerk,Administration,Low,synth_highacc,7,1
syllabus grade incomplete diploma grade,Academics,Low,synth_highacc,2,1
scam accused cybercrime vandalism haras,Security / Discipline,High,synth_highacc,6,2
suspicious stalking activity insult harassment,Security / Discipline,Low,synth_highacc,6,1
grade faculty calculation chapter chapter,Academics,High,synth_highacc,2,2
charges tax tuition outstanding outstanding,Fees / Finance,Medium,synth_highacc,3,0
laundry machine malfunction in block b three of the five washing machines have been out of order for over a week now the queues are getting ridiculous and students are fighting over the remaining two please get these repaired as it s been far too long,Hostels,Medium,complaint_triage,1,0
waitlist for the machine learning elective hasn t moved in two weeks i am at position 2 and there are several students who have dropped the course the system isn t automatically pulling people from the waitlist into the enrolled list please manually update the roster,Academics,Medium,complaint_triage,2,0
upload port speed install firmware,IT Support,High,synth_highacc,0,2
assignment missing feedback topic mentor,Academics,Low,synth_highacc,2,1
reading shelf area print zone,Library,High,synth_highacc,8,2
mattress almirah hard hanger table,Hostels,High,synth_highacc,1,2
circular admission issued deadline notary,Administration,Low,synth_highacc,7,1
vehicle mirror breakdown taxi rickshaw,Transport,High,synth_highacc,5,2
witness scam statement abused witness,Security / Discipline,High,synth_highacc,6,2
withdrawal cleared processed loan fund,Fees / Finance,High,synth_highacc,3,2
route auto changed battery taillight,Transport,Medium,synth_highacc,5,0
scholarship credit eligibility reimbursement credit,Fees / Finance,Low,synth_highacc,3,1
meter schedule tampered battery shuttle,Transport,Medium,synth_highacc,5,0
shampoo hanger finished ventilator service,Hostels,Low,synth_highacc,1,1
automatic hand dryer in the cafeteria is not sensing anything it stays off even when you put your hands directly under it this leads to people using a lot of paper towels which is wasteful please check the ir sensor,Maintenance,Medium,complaint_triage,4,0
research article paper database catalogue,Library,Medium,synth_highacc,8,0
librarian index help citation aisle,Library,High,synth_highacc,8,2
driver brake rash horn diesel,Transport,High,synth_highacc,5,2
submission stamp late registrar migration,Administration,Low,synth_highacc,7,1
penalty reading charged edition available,Library,High,synth_highacc,8,2
evidence report complaint interrogate theft,Security / Discipline,Medium,synth_highacc,6,0
can t see course teams channel after being added roster shows me enrolled but the channel is missing signed out in and cleared cache peers see it fine i need this for group assignment planning please check policy sync and group membership would appreciate a quick fix thanks,IT Support,Medium,complaint_triage,0,0
kitchen daal hygiene spoil dinner,Canteen,Medium,synth_highacc,9,0
warden sink strict flush locker,Hostels,Low,synth_highacc,1,1
borrow almanac period photocopy silent,Library,High,synth_highacc,8,2
stair cleaning railing socket electrician,Maintenance,Medium,synth_highacc,4,0
coffee snack bitter milk rotten,Canteen,Low,synth_highacc,9,1
cycle accident stolen mirror fuel,Transport,High,synth_highacc,5,2
alcohol steal fought smoke scam,Security / Discipline,Low,synth_highacc,6,1
card borrow renewal overdue abstract,Library,Medium,synth_highacc,8,0
ethernet software wlan ram usb,IT Support,Low,synth_highacc,0,1
the rubric for the final year project is very vague we don t know the weightage for the implementation versus the documentation different guides are telling us different things we need a standardized evaluation sheet so we can prepare our presentation accordingly,Academics,Medium,complaint_triage,2,0
vpn intermittently disconnects during remote work connections drop every 20 30 minutes while on client calls please review vpn logs and stability for my profile,IT Support,Medium,complaint_triage,0,0
ceiling plaster falling in room 102 of the old block a large chunk of the ceiling fell onto my study table this morning if i had been sitting there i would have been seriously injured the rest of the ceiling looks cracked and ready to collapse i need an emergency room shift or repair,Hostels,High,complaint_triage,1,2
midterm thesis placement final assignment,Academics,Low,synth_highacc,2,1
inconsistent hot water timings in the morning the boilers are supposed to be on from 6 am to 9 am but lately the water is lukewarm by 8 am this is a problem for those of us with later classes please ensure the heating cycle is fully completed,Hostels,Medium,complaint_triage,1,0
certificate guideline delayed dean missing,Administration,High,synth_highacc,7,2
newspaper magazine catalogue article ebook,Library,High,synth_highacc,8,2
invoice invoice duplicate bill waiver,Fees / Finance,Low,synth_highacc,3,1
floor ceiling slippery mopping stair,Maintenance,Low,synth_highacc,4,1
price curry canteen expensive rotten,Canteen,Low,synth_highacc,9,1
mess counter quality mess taste,Canteen,High,synth_highacc,9,2
curriculum lesson outdated teacher quiz,Academics,Medium,synth_highacc,2,0
practical placement missed question timetable,Academics,High,synth_highacc,2,2
danger caught prohibited unsafe offence,Security / Discipline,Medium,synth_highacc,6,0
tutorial deadline cancelled professor tutorial,Academics,Medium,synth_highacc,2,0
patrol victim increased harrass threatened,Security / Discipline,Medium,synth_highacc,6,0
raped guard assaulted report steals,Security / Discipline,Low,synth_highacc,6,1
signature pending required notarized verification,Administration,Medium,synth_highacc,7,0
adobe license shows expired despite portal assignment acrobat pro won t open pdfs portal says license assigned app disagrees please resync the license need to edit a submission today,IT Support,Medium,complaint_triage,0,0
arrest harass made thief abused,Security / Discipline,Medium,synth_highacc,6,0
traffic pickup stop accident auto,Transport,Low,synth_highacc,5,1
milk sauce sour cook overcharge,Canteen,Low,synth_highacc,9,1
harass robbery surveillance bully cybercrime,Security / Discipline,Low,synth_highacc,6,1
registration registrar completed dean registrar,Administration,Medium,synth_highacc,7,0
authentication update invalid bandwidth slow,IT Support,Low,synth_highacc,0,1
fixture fused replacement screwdriver carpenter,Maintenance,High,synth_highacc,4,2
curriculum lecture outdated scholar revaluation,Academics,Medium,synth_highacc,2,0
locate fine shelf card silent,Library,Medium,synth_highacc,8,0
drink meal queue juice vegetable,Canteen,Medium,synth_highacc,9,0
nonfiction locate collection edition bibliography,Library,Medium,synth_highacc,8,0
curtain water warden geyser washroom,Hostels,High,synth_highacc,1,2
water pressure in the showers is very low it takes forever to wash up because the water just trickles out of the showerheads on the top floor we think there might be an air lock in the pipes could the plumber check the pressure valves,Hostels,Medium,complaint_triage,1,0
stipend bill withdrawal grant gst,Fees / Finance,High,synth_highacc,3,2
one of the legs on the common room coffee table is slightly uneven it wobbles just a little bit when you put a drink on it a small felt pad under the short leg would easily fix the balance,Maintenance,Low,complaint_triage,4,1
citation borrow format audiobook citation,Library,Low,synth_highacc,8,1
notice awaiting board form dean,Administration,High,synth_highacc,7,2
the guest lecture series on blockchain was scheduled during our mid term week most of us couldn t attend because we were studying since this was a mandatory part of our professional development credits can the recordings be uploaded to the portal,Academics,Medium,complaint_triage,2,0
mess hygiene daal food meal,Canteen,Low,synth_highacc,9,1
attestation requested signature letterhead attestation,Administration,Low,synth_highacc,7,1
tyre charges puncture mirror seat,Transport,Medium,synth_highacc,5,0
vegetable counter oily lunch pickle,Canteen,High,synth_highacc,9,2
seminar professor postponed lesson schedule,Academics,Low,synth_highacc,2,1
fare ticket increased cycle vehicle,Transport,Medium,synth_highacc,5,0
headlight taillight tyre mirror helmet,Transport,Low,synth_highacc,5,1
sabzi sauce overcharge pickle taste,Canteen,High,synth_highacc,9,2
official approval document circular issue,Administration,High,synth_highacc,7,2
snack salad items menu chicken,Canteen,Medium,synth_highacc,9,0
almirah cupboard almirah soap bucket,Hostels,Low,synth_highacc,1,1
download mouse stuck storage update,IT Support,Medium,synth_highacc,0,0
grill repair welding floor hole,Maintenance,High,synth_highacc,4,2
borrow ebook period index fiction,Library,High,synth_highacc,8,2
audit debit report online payment,Fees / Finance,Medium,synth_highacc,3,0
plumber roof tap fused garbage,Maintenance,Low,synth_highacc,4,1
sexual vandalism harrash vandalism teasing,Security / Discipline,High,synth_highacc,6,2
journal zone borrow magazine thesis,Library,High,synth_highacc,8,2
sewage electrician smell plumber drain,Maintenance,Medium,synth_highacc,4,0
slipper window torn corridor corridor,Hostels,High,synth_highacc,1,2
certificate submit issue certificate scholarship,Administration,High,synth_highacc,7,2
official requested document transfer rejected,Administration,Medium,synth_highacc,7,0
policy form amendment registration certificate,Administration,Low,synth_highacc,7,1
sexual laptop harrash complaint suspicious,Security / Discipline,Medium,synth_highacc,6,0
fumes in the basement of block g there is a strange chemical smell coming from the storage area under the stairs it is making people on the first floor feel dizzy please check if there is a chemical leak or something burning,Hostels,High,complaint_triage,1,2
latency server portal connectivity protocol,IT Support,High,synth_highacc,0,2
project final submission scholar teacher,Academics,Low,synth_highacc,2,1
citation search format citation edition,Library,Low,synth_highacc,8,1
college event schedule was changed last minute without notice,Administration,High,manual,7,2
i urgently need my official transcript for a visa interview that is happening tomorrow morning i requested it two weeks ago and was told it would be ready by today but the office says it s still in process without this document my study abroad plans are ruined,Administration,High,complaint_triage,7,2
procedure endorse lengthy circular letterhead,Administration,High,synth_highacc,7,2
shelf rack subscription author catalogue,Library,High,synth_highacc,8,2
cheap meal pickle worth sabzi,Canteen,Medium,synth_highacc,9,0
endorse affidavit rejected migration fee,Administration,Medium,synth_highacc,7,0
verification requested done notarized sworn,Administration,High,synth_highacc,7,2
policy notice amendment seal enrollment,Administration,Medium,synth_highacc,7,0
the university s online payment server is down on the last day of fee submission thousands of us are trying to pay but getting 404 errors if the deadline isn t extended by tonight we will all be hit with late fines please confirm the extension or fix the server,Fees / Finance,High,complaint_triage,3,2
curtain hostel flush geyser heating,Hostels,High,synth_highacc,1,2
hey i saw a weird account name in the last modified section of our research folder i don t recognize the user can you guys check the logs i m worried we got hacked,IT Support,Medium,complaint_triage,0,0
cheap price counter worth egg,Canteen,Medium,synth_highacc,9,0
status requested unknown submission examination,Administration,Medium,synth_highacc,7,0
floor hammer slippery peeling wire,Maintenance,High,synth_highacc,4,2
mosquito expensive infestation table chair,Hostels,Medium,synth_highacc,1,0
mug soap tap balcony shampoo ventilator,Hostels,Medium,synth_highacc,1,0
hinge plaster rusted sewage dust,Maintenance,Medium,synth_highacc,4,0
restore request deleted lab dataset folder a research folder was removed from the network share today please restore from last night s backup needed for an irb review this afternoon path and timestamp available,IT Support,High,complaint_triage,0,2
curriculum professor outdated professor paper,Academics,High,synth_highacc,2,2
homework homework project project curriculum,Academics,High,synth_highacc,2,2
grade deadline missing missing submission,Academics,High,synth_highacc,2,2
warden flush strict noisy noisy,Hostels,High,synth_highacc,1,2
clerk migration rude seal regulation,Administration,Low,synth_highacc,7,1
route route extended parking parking,Transport,High,synth_highacc,5,2
handle pipe loose switch electrician,Maintenance,Low,synth_highacc,4,1
witness incident statement rape theft,Security / Discipline,High,synth_highacc,6,2
bathroom slipper dirty stinking noisy,Hostels,Medium,synth_highacc,1,0
bus rickshaw van conductor,Transport,Low,synth_highacc,5,1
fee tuition pending tax finance,Fees / Finance,Medium,synth_highacc,3,0
browser connect monitor download password,IT Support,High,synth_highacc,0,2
alcohol harrass molest smoke disrespect,Security / Discipline,Low,synth_highacc,6,1
shampoo soap finished window hanger,Hostels,High,synth_highacc,1,2
geyser window leaking cupboard locker,Hostels,Medium,synth_highacc,1,0
paint ladder peeling pipe garbage,Maintenance,Medium,synth_highacc,4,0
evidence danger destroyed harrash abuse,Security / Discipline,High,synth_highacc,6,2
my locker in the gym was broken into today my watch and my wallet are gone i thought those lockers were supposed to be secure but the door was just pried open,Security / Discipline,Medium,complaint_triage,6,0
locate counter shelf publisher magazine,Library,Medium,synth_highacc,8,0
bill sauce overcharge stale bill,Canteen,Low,synth_highacc,9,1
print ebook black renew return,Library,High,synth_highacc,8,2
computer projector patch laptop network,IT Support,Low,synth_highacc,0,1
document letterhead missing signature delay,Administration,Low,synth_highacc,7,1
pipe renovation joint fix handle,Maintenance,Medium,synth_highacc,4,0
there is an unattended pressure cooker sitting in the middle of the hallway in the physics department it looks very suspicious and nobody knows who it belongs to,Security / Discipline,High,complaint_triage,6,2
headlight seat dim petrol battery,Transport,High,synth_highacc,5,2
mess queue quality food coffee,Canteen,Low,synth_highacc,9,1
transaction tuition arrear bank reimbursement,Fees / Finance,Medium,synth_highacc,3,0
mopping damage damage garbage roof,Maintenance,High,synth_highacc,4,2
arrest robbery made bullied ragging,Security / Discipline,Low,synth_highacc,6,1
deadline procedure extension dean submission,Administration,Medium,synth_highacc,7,0
fan hanger speed strict mug,Hostels,High,synth_highacc,1,2
outstanding invoice amount account charges,Fees / Finance,Medium,synth_highacc,3,0
mess queue curry food snack,Canteen,High,synth_highacc,9,2
taste lunch salad hygiene rice,Canteen,Medium,synth_highacc,9,0
examination affidavit form migration rejected,Administration,Low,synth_highacc,7,1
bandwidth email insufficient adapter bandwidth,IT Support,Low,synth_highacc,0,1
group scholar project lecture missing,Academics,High,synth_highacc,2,2
abstract search journal book citation,Library,High,synth_highacc,8,2
sink noisy pipe hostel corridor,Hostels,Medium,synth_highacc,1,0
registrar submit signature dean examination,Administration,High,synth_highacc,7,2
tea taste juice coffee meal,Canteen,High,synth_highacc,9,2
ceiling replace repair hinge burst,Maintenance,Low,synth_highacc,4,1
reimbursement account pending cashier bill,Fees / Finance,High,synth_highacc,3,2
headlight fare dim conductor tyre,Transport,High,synth_highacc,5,2
the floor in the microbiology theory room is a bit slippery when wet a caution sign or a more absorbent mat at the entrance during rainy days would prevent any accidental slips,Academics,Low,complaint_triage,2,1
rice chicken plate chapati counter,Canteen,Medium,synth_highacc,9,0
bill waiver incorrect cleared fund,Fees / Finance,High,synth_highacc,3,2
aisle journal light subscription available,Library,Low,synth_highacc,8,1
gear bicycle problem ticket fuel,Transport,Low,synth_highacc,5,1
danger threaten assault unsafe culprit,Security / Discipline,High,synth_highacc,6,2
online late payment budget reimbursement,Fees / Finance,Low,synth_highacc,3,1
reboot shutdown crash motherboard fail,IT Support,Low,synth_highacc,0,1
inverter expensive backup bunk mosquito,Hostels,Medium,synth_highacc,1,0
the online payment gateway charges a 2 convenience fee for credit cards this adds up to nearly 2 000 rupees on a full semester bill are there any plans to introduce a zero fee payment method like imps or a direct university bank transfer for the students,Fees / Finance,Medium,complaint_triage,3,0
drugs injured bullied security patrol,Security / Discipline,Low,synth_highacc,6,1
brake mirror failure fare vehicle,Transport,Medium,synth_highacc,5,0
admission official cancellation letterhead awaiting,Administration,Medium,synth_highacc,7,0
circular clerk clarification document affidavit,Administration,Medium,synth_highacc,7,0
could we have a fee calculator on the university website sometimes it s hard to figure out the total amount including labs and electives a simple tool where we select our branch and semester would be very useful,Fees / Finance,Low,complaint_triage,3,1
drainage almirah clogged slipper balcony,Hostels,Medium,synth_highacc,1,0
concession debit applied card pending,Fees / Finance,High,synth_highacc,3,2
fare stop increased bus parking,Transport,High,synth_highacc,5,2
van seat overloaded clutch cycle,Transport,Medium,synth_highacc,5,0
authentication hardware invalid ram bug,IT Support,High,synth_highacc,0,2
mess spoil quality sauce menu,Canteen,High,synth_highacc,9,2
towel bucket table staircase drainage,Hostels,High,synth_highacc,1,2
midterm thesis results report group,Academics,Medium,synth_highacc,2,0
deadline document missed application application,Administration,High,synth_highacc,7,2
locker fan jammed roommate heating,Hostels,Medium,synth_highacc,1,0
carpenter wrench drain leak leaking,Maintenance,Low,synth_highacc,4,1
gst debit charges tuition card,Fees / Finance,Medium,synth_highacc,3,0
drain sewage sparking fix leak,Maintenance,Low,synth_highacc,4,1
signature circular required processing rejected,Administration,Medium,synth_highacc,7,0
practical delay homework viva notebook,Academics,High,synth_highacc,2,2
windscreen fare broken taillight horn,Transport,Low,synth_highacc,5,1
server connectivity maintenance hardware cloud,IT Support,High,synth_highacc,0,2
examination bonafide form signature notice,Administration,High,synth_highacc,7,2
ssd ram storage network wifi,IT Support,High,synth_highacc,0,2
accused danger danger witness harrass,Security / Discipline,Low,synth_highacc,6,1
penalty reading photocopy membership rack,Library,High,synth_highacc,8,2
invoice tax duplicate scholarship charges,Fees / Finance,Medium,synth_highacc,3,0
enrollment delay confirmed examination missing,Administration,Low,synth_highacc,7,1
tile repair cracked cleaning fixture,Maintenance,Low,synth_highacc,4,1
reference reading section author subscription,Library,Medium,synth_highacc,8,0
warden pillow balcony cotton,Hostels,Medium,synth_highacc,1,0
dinner cup served lunch coffee,Canteen,Medium,synth_highacc,9,0
membership book expire shelf search,Library,High,synth_highacc,8,2
mess fork quality water worth,Canteen,Medium,synth_highacc,9,0
shampoo bucket finished bed hostel,Hostels,High,synth_highacc,1,2
email authentication sending portal computer,IT Support,Low,synth_highacc,0,1
finance treasury bank account concession,Fees / Finance,Medium,synth_highacc,3,0
kidnap vandalism murder injured cctv,Security / Discipline,Medium,synth_highacc,6,0
tutorial overdue assignment delayed seminar,Academics,Medium,synth_highacc,2,0
report mentor textbook lecture grading,Academics,Low,synth_highacc,2,1
marks faculty incorrect grade report,Academics,High,synth_highacc,2,2
drain pane overflowing socket garbage,Maintenance,Medium,synth_highacc,4,0
magazine journal torn card membership,Library,Medium,synth_highacc,8,0
plumber repair tap dust hole,Maintenance,Medium,synth_highacc,4,0
tile ceiling broken socket gutter,Maintenance,Low,synth_highacc,4,1
withdrawal waiver processed due tax,Fees / Finance,Medium,synth_highacc,3,0
scan expired index librarian penalty,Library,Medium,synth_highacc,8,0
witness molest statement scam camera,Security / Discipline,Low,synth_highacc,6,1
lecture grading cancelled score absent,Academics,Medium,synth_highacc,2,0
price salad meal expensive pickle,Canteen,Low,synth_highacc,9,1
bunk locker fan door shampoo,Hostels,Medium,synth_highacc,1,0
driver helmet absent bus provided,Transport,High,synth_highacc,5,2
certificate form issue endorse approval,Administration,High,synth_highacc,7,2
staircase toilet drainage laundry sink,Hostels,High,synth_highacc,1,2
slipper cupboard torn shampoo slow,Hostels,Medium,synth_highacc,1,0
silent almanac zone almanac membership,Library,Medium,synth_highacc,8,0
tutorial degree assignment textbook practical,Academics,High,synth_highacc,2,2
grade assignment missing textbook group,Academics,Medium,synth_highacc,2,0
cashier pending counter delayed scholarship,Fees / Finance,Medium,synth_highacc,3,0
meal sabzi spoiled tea plate,Canteen,Medium,synth_highacc,9,0
refund remit process reimbursement tuition,Fees / Finance,Low,synth_highacc,3,1
milk sabzi overcharge food rate,Canteen,Low,synth_highacc,9,1
vpn error routing latency portal,IT Support,Low,synth_highacc,0,1
hammer socket tile screwdriver exposed,Maintenance,Low,synth_highacc,4,1
chair laundry broken tap roommate,Hostels,Low,synth_highacc,1,1
download motherboard speed email slow freeze,IT Support,High,synth_highacc,0,2
registration affidavit completed missing seal,Administration,Medium,synth_highacc,7,0
seminar grade postponed homework timetable,Academics,Low,synth_highacc,2,1
the digital library access through the vpn is extremely slow it takes minutes to download a single research paper from ieee xplore this is hampering our literature survey for the final year project is there a way to improve the bandwidth for the library gateway,Academics,Medium,complaint_triage,2,0
please share syllabus for data science course,Academics,Low,query_test,2,1
cctv corridor footage suspicious examined molested,Security / Discipline,High,synth_highacc,6,2
sexually weapon teasing threatened harassment,Security / Discipline,Low,synth_highacc,6,1
mug soap balcony noisy shampoo laundry,Hostels,Medium,synth_highacc,1,0
membership edition renewal abstract membership,Library,Low,synth_highacc,8,1
pillow staircase flat blanket detergent,Hostels,High,synth_highacc,1,2
the heater on the bus is stuck on full blast it s already warm outside and we re all suffocating in there the driver says he can t turn it off because the knob is broken,Transport,Medium,complaint_triage,5,0
abuse danger environment threaten scam,Security / Discipline,Low,synth_highacc,6,1
deduction waiver extra card stipend,Fees / Finance,High,synth_highacc,3,2
bluetooth hardware pairing cache upload,IT Support,Medium,synth_highacc,0,0
schedule parking delayed charges driver,Transport,Medium,synth_highacc,5,0
spoon mess hygiene fork curry,Canteen,High,synth_highacc,9,2
projector usb port cable patch,IT Support,Low,synth_highacc,0,1
dinner coffee served juice pickle,Canteen,High,synth_highacc,9,2
registration registrar completed notice hostel,Administration,Medium,synth_highacc,7,0
canteen stale stale drink vegetable,Canteen,Medium,synth_highacc,9,0
the doorbell for the warden s residence is very quiet sometimes people have to knock very loudly to get an answer a slightly louder buzzer would be more effective for student inquiries,Hostels,Low,complaint_triage,1,1
syllabus curriculum incomplete workshop credit,Academics,Medium,synth_highacc,2,0
account upi transfer deduction stipend,Fees / Finance,Medium,synth_highacc,3,0
there are students smoking in the non smoking zone near the gymnasium the smoke drifts right into the vents and makes the whole locker room smell it s a violation of the campus health code,Security / Discipline,Low,complaint_triage,6,1
chapati cheap hard glass stale,Canteen,High,synth_highacc,9,2
bus battery cleaning vehicle fare,Transport,Medium,synth_highacc,5,0
lunch fresh rotten breakfast counter,Canteen,High,synth_highacc,9,2
receipt cashier lost installment credit,Fees / Finance,Low,synth_highacc,3,1
pending signature application transfer transfer,Administration,High,synth_highacc,7,2
wrench ladder socket hole broken,Maintenance,High,synth_highacc,4,2
conductor auto rude tyre van,Transport,Low,synth_highacc,5,1
project answer guide lecture quiz,Academics,High,synth_highacc,2,2
abstract abstract journal aisle almanac,Library,Low,synth_highacc,8,1
netbanking interest upi arrear concession,Fees / Finance,Low,synth_highacc,3,1
internet desktop log network install,IT Support,Low,synth_highacc,0,1
squeaky ceiling fan in the study hall the fan in the corner makes a loud metallic grinding noise whenever it s on speed 3 or higher it is very distracting for everyone trying to study in silence a simple oiling of the motor should fix the issue,Maintenance,Medium,complaint_triage,4,0
the webhook for the grading tool is timing out it started after the maintenance window last night i m seeing tcp resets can someone check the firewall rules it s blocking grade posts,IT Support,Medium,complaint_triage,0,0
transaction invoice failed balance online,Fees / Finance,Medium,synth_highacc,3,0
stranger alcohol entry scam arrest,Security / Discipline,Low,synth_highacc,6,1
lms portal crashed ten minutes before the final project submission deadline my entire group has been trying to upload our documentation and source code for the last hour but the server keeps timing out this project is worth 40 of our final grade and the portal is supposed to close at midnight we need an immediate extension or an alternative email address to send our files,Academics,High,complaint_triage,2,2
renew available subscription fine membership,Library,Medium,synth_highacc,8,0
fare cycle refund meter accident,Transport,Low,synth_highacc,5,1
route auto changed license mandatory,Transport,Medium,synth_highacc,5,0
driver taillight speeding charges mirror,Transport,High,synth_highacc,5,2
wire wire exposed leak gutter,Maintenance,Low,synth_highacc,4,1
meal rotten spoiled oil meal,Canteen,Medium,synth_highacc,9,0
print absent queue search publisher,Library,Medium,synth_highacc,8,0
brake clutch rickshaw traffic meter,Transport,Low,synth_highacc,5,1
blanket mattress detergent mosquito washroom,Hostels,Low,synth_highacc,1,1
charger reboot adapter fail email,IT Support,Medium,synth_highacc,0,0
water corridor supply sink hanger,Hostels,Medium,synth_highacc,1,0
penalty absent charged expired reading,Library,High,synth_highacc,8,2
driver cab rash tyre cab,Transport,High,synth_highacc,5,2
vegetable juice oily fork cook,Canteen,Medium,synth_highacc,9,0
locker almirah key towel ventilator,Hostels,Medium,synth_highacc,1,0
i need to change my legal name in the system following my marriage i have all the court documents ready can i do this via email or do i have to come in,Administration,Low,complaint_triage,7,1
concession netbanking fee reimbursement debit,Fees / Finance,Medium,synth_highacc,3,0
latency bandwidth router connectivity update,IT Support,Low,synth_highacc,0,1
crack repair repair hole plaster,Maintenance,Medium,synth_highacc,4,0
repairman socket broken maintenance ladder,Maintenance,Medium,synth_highacc,4,0
research expired paper penalty renew,Library,Medium,synth_highacc,8,0
counter almanac staff bibliography rack,Library,High,synth_highacc,8,2
netbanking transfer upi finance payment,Fees / Finance,Medium,synth_highacc,3,0
fee reimbursement structure processed statement,Fees / Finance,High,synth_highacc,3,2
wrench ladder roof carpenter leaking,Maintenance,Low,synth_highacc,4,1
the notice regarding the exam fee was posted very late on the bulletin board most of us only saw it a day before the deadline it would be better if these announcements were sent via sms or app notification as well,Fees / Finance,Low,complaint_triage,3,1
almanac photocopy card bibliography magazine,Library,High,synth_highacc,8,2
netbanking deduction upi balance payment,Fees / Finance,High,synth_highacc,3,2
i left my blue umbrella on the 2 15 pm shuttle today i sat near the back if the driver found it could you let me know where i can go to pick it up,Transport,Low,complaint_triage,5,1
fine volume waived reference desk,Library,High,synth_highacc,8,2
mentor homework guidance exam notebook,Academics,High,synth_highacc,2,2
conductor helmet rude battery mandatory,Transport,High,synth_highacc,5,2
construction pane noise hinge dust,Maintenance,Low,synth_highacc,4,1
sexually cybercrime abusing complaint suspicious,Security / Discipline,High,synth_highacc,6,2
battery meter dead mandatory horn,Transport,High,synth_highacc,5,2
stale sabzi mess fresh hygiene,Canteen,High,synth_highacc,9,2
stranger camera entry tease arrest,Security / Discipline,Low,synth_highacc,6,1
borrow shelf print return reference,Library,Low,synth_highacc,8,1
attack weapon robbery laptop molested,Security / Discipline,Medium,synth_highacc,6,0
upload bug charger scanner internet,IT Support,Medium,synth_highacc,0,0
journal stack binding penalty database,Library,Low,synth_highacc,8,1
mouse patch clicking error authentication,IT Support,High,synth_highacc,0,2
cloud log sync projector patch,IT Support,High,synth_highacc,0,2
warden table strict mosquito stinking,Hostels,High,synth_highacc,1,2
kitchen tea glass meal water,Canteen,Low,synth_highacc,9,1
gear indicator bus cycle rickshaw,Transport,Low,synth_highacc,5,1
overcharge cup sabzi water rotten,Canteen,Low,synth_highacc,9,1
document status admission document,Administration,Low,synth_highacc,7,1
regulation form strict requested status,Administration,Low,synth_highacc,7,1
installment receipt upi receipt credit,Fees / Finance,Medium,synth_highacc,3,0
internet display slow internet bug,IT Support,High,synth_highacc,0,2
invoice stipend duplicate payable finance,Fees / Finance,Low,synth_highacc,3,1
bill coffee salad rate water,Canteen,Low,synth_highacc,9,1
steal senior caught raped alcohol,Security / Discipline,Medium,synth_highacc,6,0
taste salad bad glass dinner,Canteen,Low,synth_highacc,9,1
refund late process processed grant,Fees / Finance,Medium,synth_highacc,3,0
ssd keyboard storage log authentication,IT Support,Low,synth_highacc,0,1
lunch overcharge plate breakfast food,Canteen,Low,synth_highacc,9,1
cupboard window broken strict noisy,Hostels,High,synth_highacc,1,2
electrician hammer pane repair stair,Maintenance,Medium,synth_highacc,4,0
patrol harass security investigate ragging,Security / Discipline,Medium,synth_highacc,6,0
food kitchen shortage spoil breakfast,Canteen,High,synth_highacc,9,2
scholarship rejected form notarized enrollment,Administration,High,synth_highacc,7,2
penalty fine edition membership magazine,Library,Medium,synth_highacc,8,0
hardware printer firmware email processor,IT Support,Medium,synth_highacc,0,0
viva overdue conducted final tutorial,Academics,High,synth_highacc,2,2
i have not received my scholarship amount,Academics,High,query_test,2,2
journal search silent magazine penalty,Library,High,synth_highacc,8,2
violence prohibited assaulted weapon stalking,Security / Discipline,High,synth_highacc,6,2
horn clutch not stop numberplate,Transport,High,synth_highacc,5,2
section aisle stack book reading,Library,High,synth_highacc,8,2
fine bibliography calculation author expired,Library,Low,synth_highacc,8,1
dinner milk spoon snack queue,Canteen,Low,synth_highacc,9,1
route parking license stop shuttle,Transport,Medium,synth_highacc,5,0
thesis curriculum submission viva mentor,Academics,Low,synth_highacc,2,1
application submit rejected hostel form,Administration,Low,synth_highacc,7,1
rate spoon increased rice worth,Canteen,High,synth_highacc,9,2
approval attestation awaited registrar scholarship,Administration,High,synth_highacc,7,2
investigate insulting complaint steal stalk,Security / Discipline,Low,synth_highacc,6,1
procedure notarized lengthy deadline delay,Administration,Medium,synth_highacc,7,0
valve gutter hole window hole,Maintenance,High,synth_highacc,4,2
gst credit charges loan outstanding,Fees / Finance,Medium,synth_highacc,3,0
volume scan missing periodical index,Library,High,synth_highacc,8,2
diesel mandatory petrol seat driver,Transport,Low,synth_highacc,5,1
cement brick leak exposed maintenance,Maintenance,Low,synth_highacc,4,1
ebook subscription audiobook reading return,Library,Low,synth_highacc,8,1
cupboard flush broken mug water,Hostels,High,synth_highacc,1,2
charger wlan adapter offline connect,IT Support,Low,synth_highacc,0,1
i noticed that the handicap ramp on the main campus bus is broken a student in a wheelchair couldn t board today and had to wait for the next bus which also had a faulty ramp this is a major accessibility issue,Transport,Medium,complaint_triage,5,0
my student portal shows that i owe a 500 library fee but i haven t checked out a single book all year i went to the library and they confirmed i owe nothing so this must be an administrative error on my account,Administration,Medium,complaint_triage,7,0
browser desktop cache protocol battery,IT Support,High,synth_highacc,0,2
tax gst deduction outstanding invoice,Fees / Finance,Medium,synth_highacc,3,0
stair sparking railing plumber valve,Maintenance,Medium,synth_highacc,4,0
document registration missing notice signature,Administration,Medium,synth_highacc,7,0
lecture answer cancelled practical placement,Academics,Medium,synth_highacc,2,0
shampoo table finished table washroom,Hostels,Low,synth_highacc,1,1
scholarship withdrawal deposit tuition cleared,Fees / Finance,Low,synth_highacc,3,1
drugs raped peddling smuggling harrash,Security / Discipline,Medium,synth_highacc,6,0
inverter cupboard backup service staircase,Hostels,Low,synth_highacc,1,1
counter canteen staff cup glass,Canteen,High,synth_highacc,9,2
maintenance crack needed roof damage,Maintenance,High,synth_highacc,4,2
due deposit charges balance balance,Fees / Finance,Medium,synth_highacc,3,0
abuse assaulted trespass threaten assault,Security / Discipline,Medium,synth_highacc,6,0
paint wrench job replace dust,Maintenance,Medium,synth_highacc,4,0
meter pickup tampered schedule gear,Transport,Low,synth_highacc,5,1
renew penalty librarian fine silent,Library,Medium,synth_highacc,8,0
scholarship budget renewal application tax,Fees / Finance,Low,synth_highacc,3,1
policy submission unclear seal dean,Administration,Low,synth_highacc,7,1
pipe wrench joint maintenance damage,Maintenance,Medium,synth_highacc,4,0
inaccurate mess billing for the month of september i was away for two weeks on a sanctioned leave and submitted my mess off application yet i have been charged the full amount i have the approved slip from the warden please adjust my balance,Hostels,Medium,complaint_triage,1,0
drain sewage roof drill construction,Maintenance,Low,synth_highacc,4,1
degree thesis quiz diploma mentor,Academics,High,synth_highacc,2,2
signature rejected attestation issue regulation,Administration,High,synth_highacc,7,2
browser firewall cache bug latency,IT Support,Medium,synth_highacc,0,0
silent search zone return journal,Library,Low,synth_highacc,8,1
gutter carpenter cleaning fused drain,Maintenance,Medium,synth_highacc,4,0
carpenter repair furniture damage tile,Maintenance,Medium,synth_highacc,4,0
slipper slow torn stinking detergent,Hostels,Medium,synth_highacc,1,0
soap table missing drainage towel,Hostels,High,synth_highacc,1,2
wifi software ip antivirus,IT Support,Low,synth_highacc,0,1
renew penalty request citation bibliography,Library,Low,synth_highacc,8,1
ragging abuse stopped steal rape,Security / Discipline,Low,synth_highacc,6,1
exam mentor timetable credit homework,Academics,Medium,synth_highacc,2,0
placement teacher drive marks absent,Academics,Low,synth_highacc,2,1
procedure rejected lengthy processing registration,Administration,High,synth_highacc,7,2
helmet rickshaw taillight license ticket,Transport,Low,synth_highacc,5,1
quiz absent score group postpone,Academics,Low,synth_highacc,2,1
pillow ventilator flat balcony pillow,Hostels,High,synth_highacc,1,2
login portal desktop latency ssd,IT Support,High,synth_highacc,0,2
plumber fuse tap grill wire,Maintenance,Medium,synth_highacc,4,0
certificate bonafide delayed status registration,Administration,Low,synth_highacc,7,1
numberplate cab windscreen driver mirror,Transport,High,synth_highacc,5,2
project chapter submission project seminar,Academics,Medium,synth_highacc,2,0
syllabus absent incomplete training teacher,Academics,Medium,synth_highacc,2,0
evidence surveillance collected violence stalking,Security / Discipline,High,synth_highacc,6,2
socket valve loose pipeline tube,Maintenance,Medium,synth_highacc,4,0
internet hardware login network patch,IT Support,High,synth_highacc,0,2
oil breakfast oil plate stale,Canteen,High,synth_highacc,9,2
certificate fee issue issue form,Administration,High,synth_highacc,7,2
driver provided driver conductor clutch,Transport,High,synth_highacc,5,2
scholarship withdrawal not remit outstanding,Fees / Finance,Low,synth_highacc,3,1
notebook report correction placement absent,Academics,Low,synth_highacc,2,1
plumber maintenance fused grill,Maintenance,Medium,synth_highacc,4,0
midterm subject missing final textbook,Academics,Medium,synth_highacc,2,0
the water pressure in the bidet showers is a bit too high it s a bit uncomfortable to use maybe the valves could be adjusted slightly during the next plumbing check up,Hostels,Low,complaint_triage,1,1
citation locate format silent penalty,Library,Medium,synth_highacc,8,0
dust fix sparking drill paint,Maintenance,Medium,synth_highacc,4,0
almirah cupboard cotton strict soap,Hostels,Medium,synth_highacc,1,0
download download speed protocol slow printer,IT Support,Medium,synth_highacc,0,0
one of the stalls in the men s room has a broken latch you have to hold the door with one hand while using the facility this has been broken for a month a simple sliding bolt would fix this easily,Maintenance,Medium,complaint_triage,4,0
email login router password offline,IT Support,Low,synth_highacc,0,1
trespass harrass prohibited caught alcohol,Security / Discipline,Medium,synth_highacc,6,0
balance debit enquiry bank installment,Fees / Finance,Low,synth_highacc,3,1
bibliography penalty section card aisle,Library,Medium,synth_highacc,8,0
gutter valve cleaning stair carpenter,Maintenance,Low,synth_highacc,4,1
construction drain debris electrician wire,Maintenance,High,synth_highacc,4,2
plaster fuse falling wrench wire,Maintenance,High,synth_highacc,4,2
tile brick cracked plaster ceiling,Maintenance,High,synth_highacc,4,2
request for a few more mirrors in the common washrooms currently there is only one for four sinks which causes a bit of a queue in the morning adding two more would speed up our morning routine,Maintenance,Low,complaint_triage,4,1
cycle bicycle accident cab numberplate,Transport,High,synth_highacc,5,2
drink sabzi stale juice rice,Canteen,Low,synth_highacc,9,1
pickup traffic missed mandatory route,Transport,Low,synth_highacc,5,1
install configure connect down printer,IT Support,Low,synth_highacc,0,1
firewall driver restricting reboot antivirus,IT Support,Low,synth_highacc,0,1
endorse affidavit notice submit form,Administration,High,synth_highacc,7,2
slipper locker torn cupboard slow,Hostels,High,synth_highacc,1,2
viva assignment conducted mentor result,Academics,Medium,synth_highacc,2,0
journal overdue scan magazine zone,Library,Low,synth_highacc,8,1
cupboard warden broken mug curtain,Hostels,Medium,synth_highacc,1,0
payment scholarship gateway pending receipt,Fees / Finance,High,synth_highacc,3,2
web sessions sign out too quickly forms lose data when timeouts hit re entering everything is discouraging could sso stickiness be improved any guidance appreciated,IT Support,Medium,complaint_triage,0,0
fare fare revision clutch accident,Transport,High,synth_highacc,5,2
migration fee certificate verification registrar,Administration,High,synth_highacc,7,2
vandalism unsafe property patrol environment,Security / Discipline,Low,synth_highacc,6,1
socket fuse paint cement pipe,Maintenance,High,synth_highacc,4,2
finance credit section audit treasury,Fees / Finance,Low,synth_highacc,3,1
the bus driver was speeding in a school zone near the campus daycare there were kids everywhere and he was going at least 40 in a 20 zone,Transport,High,complaint_triage,5,2
online fund payment fund receipt,Fees / Finance,Low,synth_highacc,3,1
route taxi parking stop indicator,Transport,Low,synth_highacc,5,1
pipe cracked rusted grill sparking,Maintenance,Low,synth_highacc,4,1
professor thesis training lecture presentation,Academics,Medium,synth_highacc,2,0
ventilator toilet exhaust warden slipper,Hostels,Low,synth_highacc,1,1
verification notary guideline attestation status,Administration,High,synth_highacc,7,2
bed washroom squeaky slipper dirty,Hostels,Medium,synth_highacc,1,0
ticket provided horn seat traffic,Transport,High,synth_highacc,5,2
admission approval form enrollment sworn,Administration,Medium,synth_highacc,7,0
deduction pending wrong installment finance,Fees / Finance,Medium,synth_highacc,3,0
motherboard connect processor configure fail,IT Support,Low,synth_highacc,0,1
hinge electrician rusted fix hole,Maintenance,High,synth_highacc,4,2
registrar requested office status official,Administration,Low,synth_highacc,7,1
application form fee processing official,Administration,Medium,synth_highacc,7,0
i witnessed a student being harassed by a group of people on the late night shuttle the driver didn t notice because he had headphones in we need better monitoring on the night routes,Transport,High,complaint_triage,5,2
hostel mug bed cupboard,Hostels,High,synth_highacc,1,2
crack drain wall leak ladder,Maintenance,Medium,synth_highacc,4,0
fought senior injured sexual security,Security / Discipline,Medium,synth_highacc,6,0
fiction nonfiction book stack book,Library,Medium,synth_highacc,8,0
hammer repair bulb screwdriver cement,Maintenance,High,synth_highacc,4,2
bulb tube door screwdriver leaking,Maintenance,Medium,synth_highacc,4,0
author bibliography name database nonfiction,Library,Medium,synth_highacc,8,0
infected water from the main cooler in block c multiple students have reported stomach cramps and fever after drinking from the ground floor filter today the water looks cloudy and needs to be tested and the tank cleaned before more people get sick,Hostels,High,complaint_triage,1,2
crack hammer repair pane hammer,Maintenance,Medium,synth_highacc,4,0
valve gutter fixture sparking grill,Maintenance,Low,synth_highacc,4,1
tuition credit remission bank fee,Fees / Finance,Low,synth_highacc,3,1
vpn port routing error install,IT Support,Low,synth_highacc,0,1
volume reading missing research section,Library,Low,synth_highacc,8,1
the fee payment history on my student profile is incomplete it shows payments for the 1st and 3rd years but the 2nd year data is missing even though i have the physical receipts this could cause issues during my final clearance next semester can you update the digital record,Fees / Finance,Medium,complaint_triage,3,0
kitchen menu hygiene food taste,Canteen,Medium,synth_highacc,9,0
canteen vegetable stale price spoil,Canteen,High,synth_highacc,9,2
vandalism steal property violence assaulted,Security / Discipline,High,synth_highacc,6,2
article section unavailable stack return,Library,High,synth_highacc,8,2
document policy notice awaiting,Administration,Low,synth_highacc,7,1
workshop thesis notebook tutorial postpone,Academics,Medium,synth_highacc,2,0
ragging kidnap stranger fight camera,Security / Discipline,High,synth_highacc,6,2
slipper almirah soap bed exhaust,Hostels,Low,synth_highacc,1,1
the communal shower in the north wing has a very weak flow it takes forever to get the soap off because the water just trickles out we think the showerhead is clogged with lime scale could maintenance replace the head or descale the pipes this week,Maintenance,Medium,complaint_triage,4,0
quiz lesson revaluation postpone delay,Academics,High,synth_highacc,2,2
syllabus placement revision scholar grade,Academics,Low,synth_highacc,2,1
inverter staircase backup sink door,Hostels,Low,synth_highacc,1,1
transaction id mismatch for semester payment i used a third party app to pay the fees and while the bank says success the university portal doesn t recognize the id format the deadline is in one hour if it s not resolved i ll be charged a 5 000 late fine please assist in manual mapping,Fees / Finance,High,complaint_triage,3,2
bill sauce overcharge stale cook,Canteen,Medium,synth_highacc,9,0
drill roof noise drill screwdriver,Maintenance,High,synth_highacc,4,2
letterhead notice processing official submission,Administration,High,synth_highacc,7,2
tyre indicator puncture vehicle schedule,Transport,Medium,synth_highacc,5,0
report professor submission absent revaluation,Academics,Low,synth_highacc,2,1
spoon overcharge snack fork water,Canteen,Low,synth_highacc,9,1
report sexual investigate case danger,Security / Discipline,High,synth_highacc,6,2
verification approval pending enrollment letterhead,Administration,High,synth_highacc,7,2
harrass drugs sexual cybercrime harrash,Security / Discipline,Low,synth_highacc,6,1
balcony detergent service corridor tap,Hostels,High,synth_highacc,1,2
database volume access available abstract,Library,High,synth_highacc,8,2
registration policy deadline notary registrar,Administration,Medium,synth_highacc,7,0
laundry hanger machine detergent fan,Hostels,Medium,synth_highacc,1,0
overcharge sabzi worth water cup,Canteen,High,synth_highacc,9,2
circular circular clarification download clerk,Administration,Low,synth_highacc,7,1
pending registration application migration rejected,Administration,High,synth_highacc,7,2
kitchen hygiene rice meal vegetable,Canteen,Low,synth_highacc,9,1
browser bug browser download password,IT Support,Low,synth_highacc,0,1
hardware display firmware backup speed,IT Support,Medium,synth_highacc,0,0
valve gutter damaged wire repairman,Maintenance,High,synth_highacc,4,2
teacher final training mentor,Academics,High,synth_highacc,2,2
photocopy print librarian print shelf,Library,Medium,synth_highacc,8,0
stop route unsafe auto van,Transport,Low,synth_highacc,5,1
garbage switch removal ceiling leaking,Maintenance,Medium,synth_highacc,4,0
trespass stalk theft vandalism arrest,Security / Discipline,Medium,synth_highacc,6,0
workshop timetable registration submission question,Academics,High,synth_highacc,2,2
rotten plate sabzi spoil price,Canteen,Medium,synth_highacc,9,0
login slow failing patch slow,IT Support,High,synth_highacc,0,2
weapon interrogate seized caught drugs,Security / Discipline,Medium,synth_highacc,6,0
print magazine queue abstract expired,Library,High,synth_highacc,8,2
circular bonafide issued bonafide notice,Administration,Medium,synth_highacc,7,0
due deposit gst stipend deposit,Fees / Finance,High,synth_highacc,3,2
fee outstanding bank reimbursement,Fees / Finance,Low,synth_highacc,3,1
score seminar improvement group missing,Academics,High,synth_highacc,2,2
send as permission for departmental mailbox our staff needs send as for the advising mailbox read only at present is insufficient please grant via security group rather than individuals audit trail is maintained confirmation upon completion appreciated no time critical impact thank you,IT Support,Low,complaint_triage,0,1
bill tuition payment delayed online,Fees / Finance,High,synth_highacc,3,2
tube pipeline flicker lock floor,Maintenance,Low,synth_highacc,4,1
cycle bicycle ticket tyre bicycle,Transport,High,synth_highacc,5,2
email bug sending email reboot,IT Support,Low,synth_highacc,0,1
fund budget payable arrear pending,Fees / Finance,Medium,synth_highacc,3,0
fee balance pending due tax,Fees / Finance,Medium,synth_highacc,3,0
roommate bed slow stinking,Hostels,Medium,synth_highacc,1,0
migration verification certificate bonafide certificate,Administration,Low,synth_highacc,7,1
dust door accumulation hinge lock,Maintenance,Low,synth_highacc,4,1
evidence victim destroyed prohibited abused,Security / Discipline,High,synth_highacc,6,2
workshop deadline notebook tutorial final,Academics,Medium,synth_highacc,2,0
cloud rebooting sync projector offline,IT Support,Low,synth_highacc,0,1
clash in the final exam schedule for two core subjects both operating systems and database management are scheduled for tomorrow morning in the same time slot i have raised this with the department clerk twice this week but the hall ticket still shows both i cannot miss either exam as it will result in a year back please resolve this conflict and update my schedule now,Academics,High,complaint_triage,2,2
sewage pipeline backup lock repair,Maintenance,Medium,synth_highacc,4,0
inverter washroom backup hanger door,Hostels,Medium,synth_highacc,1,0
professor chapter leave postpone answer,Academics,High,synth_highacc,2,2
urgent refund for cancelled course not processed after 6 months i withdrew from the elective with full approval but the 8 000 fee is still sitting as a credit in the portal i need this money for my commute this week i ve sent ten emails with no response i am coming to the office today for a cheque or an immediate transfer,Fees / Finance,High,complaint_triage,3,2
parking overcrowded fee shuttle cab,Transport,Medium,synth_highacc,5,0
door drain jammed electrician broken,Maintenance,Medium,synth_highacc,4,0
roommate slow noisy expensive,Hostels,Low,synth_highacc,1,1
motherboard working processor protocol crash,IT Support,High,synth_highacc,0,2
ssd speed storage bluetooth rebooting,IT Support,High,synth_highacc,0,2
interrogate cybercrime suspect harrash haras,Security / Discipline,Medium,synth_highacc,6,0
the elective cloud computing was cancelled after we already attended three lectures now we are being told to choose a different course that clashes with our existing lab sessions the academic office needs to provide a better alternative or adjust the lab timings to accommodate us,Academics,Medium,complaint_triage,2,0
plaster switch falling broken ceiling,Maintenance,High,synth_highacc,4,2
oil curry snack plate dinner,Canteen,Low,synth_highacc,9,1
penalty nonfiction charged author fiction,Library,High,synth_highacc,8,2
slipper bathroom shampoo bed shampoo,Hostels,Medium,synth_highacc,1,0
theft molest reported teased ragging,Security / Discipline,Medium,synth_highacc,6,0
modem upload signal adapter authentication,IT Support,High,synth_highacc,0,2
syllabus exam incomplete result report,Academics,Low,synth_highacc,2,1
salad mess cup sauce water,Canteen,High,synth_highacc,9,2
bonafide form certificate admission endorse,Administration,Medium,synth_highacc,7,0
magazine book torn absent thesis,Library,High,synth_highacc,8,2
tutorial tutorial extra chapter syllabus,Academics,Low,synth_highacc,2,1
the driver was driving with the door open while the bus was moving a student was standing right there and could have easily fallen out this is a total disregard for safety,Transport,High,complaint_triage,5,2
publisher silent details book rack,Library,High,synth_highacc,8,2
deadline stamp extension seal processing,Administration,High,synth_highacc,7,2
there is an active fire in the trash bin behind the cafeteria the flames are reaching the wooden fence nearby we need a fire extinguisher and professional help immediately,Security / Discipline,High,complaint_triage,6,2
i d like to suggest putting more mirrors in the corners of the parking garage stairwells it s very hard to see if someone is coming around the bend and it feels a bit sketchy at night,Security / Discipline,Low,complaint_triage,6,1
upload storage port scanner email,IT Support,Medium,synth_highacc,0,0
bill grant incorrect stipend account,Fees / Finance,High,synth_highacc,3,2
i m an international student and my i 20 form has a mistake in the funding section i have my flight in two days and i cannot clear customs with an incorrect document this is a critical error that needs to be fixed today,Administration,High,complaint_triage,7,2
driver auto absent stop parking,Transport,Medium,synth_highacc,5,0
application certificate rejected transfer processing,Administration,High,synth_highacc,7,2
detergent noisy mug hanger tap,Hostels,Medium,synth_highacc,1,0
transaction gst failed netbanking waiver,Fees / Finance,Low,synth_highacc,3,1
roommate corridor noisy tap pillow,Hostels,Low,synth_highacc,1,1
exposed high voltage wires in the laundry room after the heavy rain the insulation on the main dryer cable has frayed and is sparking near a puddle of water on the floor anyone walking in there to collect their clothes is at risk of electrocution this area needs to be cordoned off and the power cut immediately for repairs,Maintenance,High,complaint_triage,4,2
cashier payable audit loan netbanking,Fees / Finance,High,synth_highacc,3,2
stamp seal requested attestation status,Administration,High,synth_highacc,7,2
roommate mug cupboard cotton,Hostels,Low,synth_highacc,1,1
the academic handbook pdf on the website has a few broken links in the table of contents you have to scroll manually through 50 pages to find the relevant section fixing the internal links would make it easier to navigate,Academics,Low,complaint_triage,2,1
deadline regulation extension dean form,Administration,Medium,synth_highacc,7,0
print ebook black article book,Library,Medium,synth_highacc,8,0
fare driver increased traffic cycle,Transport,Low,synth_highacc,5,1
enrollment registration application registration examination,Administration,High,synth_highacc,7,2
windscreen parking broken headlight taxi,Transport,Medium,synth_highacc,5,0
arrest rape suspect guard vandalism,Security / Discipline,Low,synth_highacc,6,1
abstract aisle journal membership audiobook,Library,Low,synth_highacc,8,1
bonafide letterhead certificate status document,Administration,Medium,synth_highacc,7,0
stale snack vegetable fresh drink,Canteen,High,synth_highacc,9,2
bluetooth download pairing ethernet keyboard,IT Support,Medium,synth_highacc,0,0
procedure letterhead migration policy stamp,Administration,Low,synth_highacc,7,1
leak valve water ceiling fixture,Maintenance,Low,synth_highacc,4,1
migration seal certificate processing awaiting,Administration,High,synth_highacc,7,2
the no dues stamp used by the office is very blurry it s hard to read the date and signature on the final clearance form replacing the old rubber stamp with a new one would make the document look more official,Fees / Finance,Low,complaint_triage,3,1
sharepoint course folder permission missing after enrollment i enrolled yesterday folder link says i lack permission classmates can open it fine signed out in and tried different browsers ta verified my email is on the list still blocked with the same error could you grant access so i can download lab files i m catching up on lectures,IT Support,Medium,complaint_triage,0,0
syllabus grading timetable lesson presentation,Academics,High,synth_highacc,2,2
journal magazine subscription nonfiction audiobook,Library,Low,synth_highacc,8,1
author journal name bibliography edition,Library,Medium,synth_highacc,8,0
gutter cracked blocked burst cleaning,Maintenance,High,synth_highacc,4,2
keyboard mouse bluetooth network bug,IT Support,Low,synth_highacc,0,1
certificate form endorse application requested,Administration,Low,synth_highacc,7,1
dust sewage accumulation replace screwdriver,Maintenance,Low,synth_highacc,4,1
error crash portal firewall download,IT Support,Medium,synth_highacc,0,0
flush sink cupboard dirty heater,Hostels,Low,synth_highacc,1,1
withdrawal netbanking grant tuition debit,Fees / Finance,High,synth_highacc,3,2
concession credited applied cleared audit,Fees / Finance,Medium,synth_highacc,3,0
desk nonfiction staff subscription print,Library,High,synth_highacc,8,2
quiz deadline score scholar presentation,Academics,Low,synth_highacc,2,1
syllabus submission group lesson lecture,Academics,Low,synth_highacc,2,1
warden heating strict slow cotton,Hostels,Low,synth_highacc,1,1
pipe garbage burst ladder worn,Maintenance,Low,synth_highacc,4,1
fixture handle replacement plaster brick,Maintenance,Low,synth_highacc,4,1
scam fought cybercrime violence smuggling,Security / Discipline,Medium,synth_highacc,6,0
report postpone homework lecture report,Academics,High,synth_highacc,2,2
witness smuggling statement culprit environment,Security / Discipline,Low,synth_highacc,6,1
internship revaluation opportunity delay scholar,Academics,Medium,synth_highacc,2,0
stranger camera entry stolen unsafe,Security / Discipline,Medium,synth_highacc,6,0
stalk smoke stalking camera haras,Security / Discipline,High,synth_highacc,6,2
scholarship processed bank tuition credited,Fees / Finance,Low,synth_highacc,3,1
certificate requested delayed download deadline,Administration,Medium,synth_highacc,7,0
the waste bins in the study area don t have lids it would be better to have lidded bins to prevent any smell or trash from being visible keeping the study environment more pleasant,Hostels,Low,complaint_triage,1,1
van meter overloaded cycle clutch,Transport,Medium,synth_highacc,5,0
research publisher paper almanac overdue,Library,Low,synth_highacc,8,1
backup reboot restore install hardware,IT Support,Medium,synth_highacc,0,0
fine fiction calculation ebook book,Library,Medium,synth_highacc,8,0
soap heating missing balcony drainage,Hostels,High,synth_highacc,1,2
window water shutter towel towel,Hostels,Low,synth_highacc,1,1
question delayed paper grading overdue,Academics,Low,synth_highacc,2,1
laptop reboot screen log browser,IT Support,High,synth_highacc,0,2
section aisle audiobook almanac abstract,Library,Low,synth_highacc,8,1
treasury late department fund deduction,Fees / Finance,High,synth_highacc,3,2
ip firewall address bug install,IT Support,Low,synth_highacc,0,1
i accidentally paid my fees twice because the website froze and i refreshed the page now i have a negative balance of 4 000 i need this money back in my bank account as soon as possible,Administration,High,complaint_triage,7,2
print thesis queue expired journal,Library,Medium,synth_highacc,8,0
reboot shutdown down ram cache,IT Support,High,synth_highacc,0,2
blanket mattress washroom locker door,Hostels,Low,synth_highacc,1,1
answer paper key missing delay,Academics,Medium,synth_highacc,2,0
tutorial score cancelled result marks,Academics,Medium,synth_highacc,2,0
volume newspaper missing reference nonfiction,Library,Medium,synth_highacc,8,0
exam textbook postponement internship revaluation,Academics,High,synth_highacc,2,2
document regulation missing registrar awaiting,Administration,Medium,synth_highacc,7,0
document transfer endorse registration,Administration,Low,synth_highacc,7,1
aisle expired light research periodical,Library,Medium,synth_highacc,8,0
software display crashing scanner update,IT Support,Low,synth_highacc,0,1
snack cook items coffee rotten,Canteen,High,synth_highacc,9,2
conference room console can t join sip h 323 bridge the console in the conference room wont join the sip bridge it just says unable to connect we have a big meeting on friday need a workaround if it s not fixable,IT Support,Low,complaint_triage,0,1
carpenter burst furniture door drain,Maintenance,Low,synth_highacc,4,1
fee credit payment stipend,Fees / Finance,High,synth_highacc,3,2
socket roof loose lock paint,Maintenance,Medium,synth_highacc,4,0
soap toilet missing table door,Hostels,Medium,synth_highacc,1,0
traffic van vehicle accident taxi,Transport,Low,synth_highacc,5,1
journal return missing article index,Library,High,synth_highacc,8,2
valve tube damaged hinge mopping,Maintenance,Medium,synth_highacc,4,0
professor result tutorial lecture delay,Academics,Low,synth_highacc,2,1
parking cab full vehicle parking,Transport,Low,synth_highacc,5,1
install configure slow charger ip,IT Support,Low,synth_highacc,0,1
subject notebook elective answer quiz,Academics,Medium,synth_highacc,2,0
hostel hanger geyser tap,Hostels,High,synth_highacc,1,2
the digital display showing the token numbers in the finance lobby is flickering it makes it hard to know whose turn it is it probably just needs a loose cable to be tightened or the screen replaced,Fees / Finance,Low,complaint_triage,3,1
cleaning wire required floor plumber,Maintenance,High,synth_highacc,4,2
bunk locker blanket laundry tap,Hostels,High,synth_highacc,1,2
photocopy volume charges counter author,Library,Low,synth_highacc,8,1
vpn mac crash server shutdown,IT Support,Medium,synth_highacc,0,0
reading silent reading abstract aisle,Library,Medium,synth_highacc,8,0
warden laundry permission bathroom strict,Hostels,High,synth_highacc,1,2
the paint on the courtyard benches is starting to look a bit dull a fresh coat of varnish next semester would help protect the wood from the sun and keep them looking nice for the students,Maintenance,Low,complaint_triage,4,1
bus vehicle overcrowded mirror clutch,Transport,Low,synth_highacc,5,1
water heating supply hanger heating,Hostels,High,synth_highacc,1,2
sabzi rice spoon pickle quality,Canteen,Low,synth_highacc,9,1
clerk issue rude notice registrar,Administration,High,synth_highacc,7,2
locker detergent jammed bed hanger,Hostels,High,synth_highacc,1,2
arrest steal made steal environment,Security / Discipline,Medium,synth_highacc,6,0
printer laptop install not motherboard,IT Support,High,synth_highacc,0,2
washroom toilet mosquito sink flush,Hostels,High,synth_highacc,1,2
scan rack magazine librarian card,Library,High,synth_highacc,8,2
online account payment transfer loan,Fees / Finance,Medium,synth_highacc,3,0
ticket numberplate counter bicycle horn,Transport,High,synth_highacc,5,2
drainage slipper tap tap cupboard,Hostels,Low,synth_highacc,1,1
request for more frequent weeding of the small flower beds near the hostel entrance a few weeds are starting to poke through the mulch and it would look much nicer if they were pulled,Maintenance,Low,complaint_triage,4,1
textbook scholar unavailable revaluation absent,Academics,Medium,synth_highacc,2,0
drugs cybercrime surveillance security suspicious,Security / Discipline,Low,synth_highacc,6,1
sis login failing for multiple faculty members authentication errors began this morning message shows invalid sso token cache cookie clears did not help please check idp health and federation trust provide eta and any workaround this blocks grading submissions escalation requested,IT Support,High,complaint_triage,0,2
vpn disconnects after sleep waking the laptop drops the tunnel small hassle many times a day,IT Support,Medium,complaint_triage,0,0
i need a letter confirming my student status for my health insurance provider is there an automated way to generate this or do i have to wait for someone to type it up manually,Administration,Low,complaint_triage,7,1
membership reference expire counter fiction,Library,Low,synth_highacc,8,1
rice expensive sauce chapati fresh,Canteen,High,synth_highacc,9,2
the water cooler near the finance office is often out of paper cups in the afternoon since students spend a lot of time waiting in line there it would be nice if the supplies were restocked more frequently,Fees / Finance,Low,complaint_triage,3,1
flush sink fan roommate water,Hostels,High,synth_highacc,1,2
catalogue edition search silent zone,Library,Medium,synth_highacc,8,0
scholar quiz registration assignment syllabus,Academics,Medium,synth_highacc,2,0
email adapter sending offline monitor,IT Support,Low,synth_highacc,0,1
software shutdown license driver motherboard,IT Support,Low,synth_highacc,0,1
tile gutter cracked sweeping exposed,Maintenance,Medium,synth_highacc,4,0
application submission rejected migration fee,Administration,Low,synth_highacc,7,1
tube bulb flicker pane brick,Maintenance,Medium,synth_highacc,4,0
refund finance process online payment,Fees / Finance,Medium,synth_highacc,3,0
request for a doorstopper in the common room the door keeps swinging shut because of the draft and then people have to keep opening it a simple wedge or a floor mounted stopper would be a great addition,Maintenance,Medium,complaint_triage,4,0
ticket horn counter vehicle meter,Transport,High,synth_highacc,5,2
status signature dean notary clerk,Administration,Low,synth_highacc,7,1
server crash maintenance antivirus wifi,IT Support,Low,synth_highacc,0,1
charger charger adapter portal offline,IT Support,Low,synth_highacc,0,1
stop bus unsafe numberplate stop,Transport,Low,synth_highacc,5,1
ram port upgrade backup install,IT Support,High,synth_highacc,0,2
schedule fare delayed schedule van,Transport,Low,synth_highacc,5,1
tutorial paper extra credit overdue,Academics,Medium,synth_highacc,2,0
the career counseling emails are sent too frequently sometimes three in a day it would be better if they could be consolidated into a single weekly newsletter so our inboxes don t get cluttered with identical info,Academics,Low,complaint_triage,2,1
window blanket shutter cotton bunk,Hostels,High,synth_highacc,1,2
cup worth food glass snack,Canteen,Medium,synth_highacc,9,0
paint urgent job fix bulb,Maintenance,Medium,synth_highacc,4,0
bill fund incorrect account upi,Fees / Finance,Medium,synth_highacc,3,0
return return reminder index article,Library,Medium,synth_highacc,8,0
window curtain shutter door drainage,Hostels,High,synth_highacc,1,2
overcharge coffee drink water menu,Canteen,Medium,synth_highacc,9,0
paint fix job hammer sewage,Maintenance,High,synth_highacc,4,2
toilet inverter blocked noisy hostel,Hostels,Low,synth_highacc,1,1
theft injured reported violence violence,Security / Discipline,High,synth_highacc,6,2
broken towel rack in the washroom the metal bar has come off the wall on one side because the screws have pulled out of the drywall i have no place to hang my clothes while showering can maintenance re install it with better anchors,Maintenance,Medium,complaint_triage,4,0
headlight headlight dim battery tyre,Transport,Medium,synth_highacc,5,0
exam topic postponement absent internship,Academics,Low,synth_highacc,2,1
wifi desktop charger usb,IT Support,High,synth_highacc,0,2
concession remit debit reimbursement credit,Fees / Finance,High,synth_highacc,3,2
numberplate windscreen missing accident mandatory,Transport,Medium,synth_highacc,5,0
fir threatened lodged corridor scam,Security / Discipline,Low,synth_highacc,6,1
credit debit waiver receipt penalty,Fees / Finance,Medium,synth_highacc,3,0
slipper door torn roommate exhaust,Hostels,High,synth_highacc,1,2
chapter notebook summary credit final,Academics,High,synth_highacc,2,2
printer display jam patch ethernet,IT Support,Low,synth_highacc,0,1
chapati kitchen hard chapati price,Canteen,Medium,synth_highacc,9,0
can we have a dedicated spot for food delivery pickups currently the delivery drivers just wait at the gate and it gets crowded a small table near the security post would be a perfect delivery drop off point,Hostels,Low,complaint_triage,1,1
haras haras sexually stranger bullied,Security / Discipline,Medium,synth_highacc,6,0
quiz diploma homework assignment answer,Academics,Low,synth_highacc,2,1
window burst pane fuse floor,Maintenance,Medium,synth_highacc,4,0
driver shuttle taillight conductor driver,Transport,Low,synth_highacc,5,1
crack renovation wall hammer socket,Maintenance,High,synth_highacc,4,2
sabzi water queue pickle counter,Canteen,Low,synth_highacc,9,1
procedure migration endorse policy seal,Administration,Low,synth_highacc,7,1
can we have a few more benches in the shaded area outside the cse block it s a popular spot for students to sit and discuss assignments between lectures but there isn t enough seating for everyone,Academics,Low,complaint_triage,2,1
window replace pane replace exposed,Maintenance,Low,synth_highacc,4,1
almirah cupboard toilet corridor drainage,Hostels,High,synth_highacc,1,2
egg plate coffee daal expensive,Canteen,High,synth_highacc,9,2
certificate submission delayed awaiting procedure,Administration,High,synth_highacc,7,2
mess juice kitchen food snack,Canteen,Medium,synth_highacc,9,0
tea dinner cold plate canteen,Canteen,High,synth_highacc,9,2
driver driver absent conductor route,Transport,Medium,synth_highacc,5,0
chapati mess hard rotten mess,Canteen,Medium,synth_highacc,9,0
washroom heater stinking slipper ventilator,Hostels,Low,synth_highacc,1,1
outlook search misses recent messages i can see them manually but search finds nothing index rebuild didn t help it slows me down open to a profile recreation if needed please advise a reliable fix,IT Support,Low,complaint_triage,0,1
ragging violence stopped disrespect harass,Security / Discipline,Medium,synth_highacc,6,0
book reference stack database,Library,Medium,synth_highacc,8,0
food meal shortage snack worth,Canteen,High,synth_highacc,9,2
oil sabzi breakfast plate mess,Canteen,Low,synth_highacc,9,1
i d like to report a broken window in the basement of the old library it looks like someone threw a rock through it it s a safety hazard because of the glass on the floor,Security / Discipline,Low,complaint_triage,6,1
payment cleared gateway penalty remit,Fees / Finance,Low,synth_highacc,3,1
taste overcharge counter hygiene bill,Canteen,Low,synth_highacc,9,1
workshop postpone registration placement thesis,Academics,Low,synth_highacc,2,1
smoke unsafe banned hostel smoke,Security / Discipline,High,synth_highacc,6,2
hinge hole rusted hole cement,Maintenance,Medium,synth_highacc,4,0
modem firewall signal login slow,IT Support,Medium,synth_highacc,0,0
paint burst colour floor cracked,Maintenance,High,synth_highacc,4,2
blanket mattress inverter door almirah,Hostels,Medium,synth_highacc,1,0
wifi modem email dropping install,IT Support,Low,synth_highacc,0,1
lesson chapter difficult missing absent,Academics,Low,synth_highacc,2,1
the staff at the information desk in the finance wing are sometimes a bit curt when we ask about refund timelines a bit more patience with our queries would be appreciated,Fees / Finance,Low,complaint_triage,3,1
the bus driver keeps skipping the stop at the medical center he says no one is ever there but i ve been there twice this week and had to wave him down frantically just to get him to stop,Transport,Medium,complaint_triage,5,0
route license van stop vehicle,Transport,Low,synth_highacc,5,1
deadline signature missed submission bonafide,Administration,Low,synth_highacc,7,1
unsafe trespass feel stranger teased,Security / Discipline,Low,synth_highacc,6,1
account interest tuition deduction treasury,Fees / Finance,Medium,synth_highacc,3,0
harrass suspicious sexual stalk interrogate,Security / Discipline,Low,synth_highacc,6,1
harassment assault filed harassed cctv,Security / Discipline,Medium,synth_highacc,6,0
detergent cotton over curtain cotton,Hostels,Low,synth_highacc,1,1
certificate processing application application approval,Administration,Low,synth_highacc,7,1
pipeline renovation leakage maintenance wire,Maintenance,Medium,synth_highacc,4,0
borrow research author return borrow,Library,High,synth_highacc,8,2
quiz lecturer score homework group,Academics,Medium,synth_highacc,2,0
pillow staircase flat staircase corridor,Hostels,Low,synth_highacc,1,1
scholar notebook registration project revaluation,Academics,Medium,synth_highacc,2,0
bulb window fused worn urgent,Maintenance,High,synth_highacc,4,2
install configure wlan modem connect,IT Support,Low,synth_highacc,0,1
gear fuel problem bicycle rickshaw,Transport,High,synth_highacc,5,2
lock valve broken fused hole,Maintenance,Low,synth_highacc,4,1
cab cab unavailable diesel fare,Transport,Low,synth_highacc,5,1
journal research missing overdue subscription,Library,Medium,synth_highacc,8,0
cup rice price glass kitchen,Canteen,Medium,synth_highacc,9,0
section aisle abstract counter edition,Library,High,synth_highacc,8,2
dust socket accumulation hammer urgent,Maintenance,Low,synth_highacc,4,1
pipe cleaning burst socket paint,Maintenance,Low,synth_highacc,4,1
mess juice quality worth chicken,Canteen,Medium,synth_highacc,9,0
blanket service torn detergent staircase,Hostels,High,synth_highacc,1,2
authentication restart invalid wlan download,IT Support,Medium,synth_highacc,0,0
indicator bicycle broken overcrowded headlight,Transport,Medium,synth_highacc,5,0
leak sweeping water fuse roof,Maintenance,Low,synth_highacc,4,1
browser vpn cache desktop update,IT Support,Low,synth_highacc,0,1
conductor battery rude accident fare,Transport,Medium,synth_highacc,5,0
headset not recognized on library desktops usb headset lights up but no audio any quick policy or driver fix,IT Support,Low,complaint_triage,0,1
the shuttle driver was using his phone to watch videos while driving the highway stretch between campuses he was barely looking at the road and drifting between lanes i felt completely unsafe and had to get off early,Transport,High,complaint_triage,5,2
verification notary pending hostel guideline,Administration,High,synth_highacc,7,2
deadline notice missed enrollment attestation,Administration,Low,synth_highacc,7,1
quiz timetable revaluation mentor delay,Academics,Low,synth_highacc,2,1
snack rate items daal quality,Canteen,Low,synth_highacc,9,1
the floor in the gym area has a few scuff marks from where the weights were moved it doesn t affect the usage but a good buffing or a deep clean would make the facility look much more professional,Maintenance,Low,complaint_triage,4,1
router projector rebooting ram computer,IT Support,Low,synth_highacc,0,1
scholar scholar registration submission final,Academics,High,synth_highacc,2,2
result grading published delayed grading,Academics,Low,synth_highacc,2,1
drink glass bill juice chapati,Canteen,Low,synth_highacc,9,1
ticket van missing shuttle driver,Transport,High,synth_highacc,5,2
book shelf overdue rack database,Library,High,synth_highacc,8,2
my computer keeps making a random ding sound when i m typing and the keys start acting weird i think i have a virus or something it s really annoying during class,IT Support,Low,complaint_triage,0,1
hostel ventilator gate blanket roommate,Hostels,High,synth_highacc,1,2
arrest haras working offence attack,Security / Discipline,Medium,synth_highacc,6,0
drainage mosquito overflowing shampoo balcony,Hostels,High,synth_highacc,1,2
door fan lock pillow hanger,Hostels,Medium,synth_highacc,1,0
washroom pillow stinking bathroom balcony,Hostels,High,synth_highacc,1,2
return audiobook date absent magazine,Library,High,synth_highacc,8,2
cook chicken worth curry curry,Canteen,High,synth_highacc,9,2
cheap fresh mess worth plate,Canteen,Low,synth_highacc,9,1
help a fight just broke out in the courtyard between two guys and one of them looks like he s seriously hurt there is blood on the pavement and nobody is stepping in to stop it please send someone right now,Security / Discipline,High,complaint_triage,6,2
payment debit failed invoice bill,Fees / Finance,Medium,synth_highacc,3,0
detergent expensive over chair drainage,Hostels,Medium,synth_highacc,1,0
gear indicator route headlight petrol,Transport,Medium,synth_highacc,5,0
chapter teacher summary assignment assignment,Academics,Low,synth_highacc,2,1
socket fuse dust ladder bulb,Maintenance,Low,synth_highacc,4,1
fuel helmet shortage overcrowded auto,Transport,High,synth_highacc,5,2
journal bibliography desk magazine almanac,Library,Medium,synth_highacc,8,0
pipeline sweeping cleaning fixture cleaning,Maintenance,Medium,synth_highacc,4,0
quiz lecture revaluation credit absent,Academics,Medium,synth_highacc,2,0
paint repairman colour handle renovation,Maintenance,Medium,synth_highacc,4,0
electrician ladder wiring fixture hammer,Maintenance,High,synth_highacc,4,2
drugs abusing peddled danger ragging,Security / Discipline,High,synth_highacc,6,2
evidence steal interrogate interrogate caught,Security / Discipline,Medium,synth_highacc,6,0
food cup rotten coffee fresh,Canteen,High,synth_highacc,9,2
deadline submission notarized hostel seal,Administration,Low,synth_highacc,7,1
fir report lodged interrogate harassment,Security / Discipline,High,synth_highacc,6,2
grant interest approved deposit application,Fees / Finance,Low,synth_highacc,3,1
egg hygiene drink daal drink,Canteen,High,synth_highacc,9,2
laundry exhaust machine mattress towel,Hostels,High,synth_highacc,1,2
firmware connection latency restart error,IT Support,Low,synth_highacc,0,1
weapon molested found vandalism thieves,Security / Discipline,Medium,synth_highacc,6,0
shelf book labelling almanac search,Library,Low,synth_highacc,8,1
verification delay done submit letterhead,Administration,Low,synth_highacc,7,1
concession payable applied audit invoice,Fees / Finance,Medium,synth_highacc,3,0
official circular document migration application,Administration,Low,synth_highacc,7,1
stop headlight unsafe bus horn,Transport,Low,synth_highacc,5,1
cleaning sparking required hole replace,Maintenance,High,synth_highacc,4,2
article photocopy unavailable subscription aisle,Library,Low,synth_highacc,8,1
stair wrench railing gutter hammer,Maintenance,High,synth_highacc,4,2
mentor paper guidance midterm lecture,Academics,Medium,synth_highacc,2,0
membership membership renewal absent absent,Library,High,synth_highacc,8,2
invoice cashier arrear bill invoice,Fees / Finance,Medium,synth_highacc,3,0
bus bus cleaning auto parking,Transport,High,synth_highacc,5,2
printer desktop offline authentication backup,IT Support,Low,synth_highacc,0,1
water daal unclean expensive bill,Canteen,Low,synth_highacc,9,1
sink almirah pipe slipper shampoo,Hostels,Medium,synth_highacc,1,0
harrass interrogate sexual caught rape,Security / Discipline,Low,synth_highacc,6,1
the channel list on the common room tv is missing a few sports networks we were hoping to watch the upcoming tournament but those channels aren t subscribed is it possible to add them to our package,Hostels,Low,complaint_triage,1,1
floor hammer slippery bulb construction,Maintenance,High,synth_highacc,4,2
browser bug connectivity download driver,IT Support,Medium,synth_highacc,0,0
evidence ragging collected stole senior,Security / Discipline,Medium,synth_highacc,6,0
pickup license missed battery charges,Transport,Medium,synth_highacc,5,0
the sink in the pantry has a small scratch in the stainless steel it doesn t affect the function at all but using a bit of metal polish might help minimize the appearance of the mark,Maintenance,Low,complaint_triage,4,1
group exam project subject assignment,Academics,Medium,synth_highacc,2,0
tile pipe ladder pane cement,Maintenance,High,synth_highacc,4,2
silent available zone magazine citation,Library,High,synth_highacc,8,2
workshop answer result tutorial workshop,Academics,Medium,synth_highacc,2,0
queue curry long expensive cheap,Canteen,Medium,synth_highacc,9,0
keyboard vpn typing bluetooth server,IT Support,Low,synth_highacc,0,1
interest pending rate finance audit,Fees / Finance,Medium,synth_highacc,3,0
tyre numberplate puncture horn fare,Transport,Low,synth_highacc,5,1
headlight cab dim provided fuel,Transport,Low,synth_highacc,5,1
stolen suspicious insult harassment fir,Security / Discipline,Low,synth_highacc,6,1
interrogate stole suspect disrespect fraud,Security / Discipline,High,synth_highacc,6,2
bus traffic overcrowded cab route,Transport,Low,synth_highacc,5,1
fine database calculation available database,Library,Medium,synth_highacc,8,0
numberplate accident missing indicator shuttle,Transport,Low,synth_highacc,5,1
quiz midterm placement assignment marks,Academics,Low,synth_highacc,2,1
report diploma submission final seminar,Academics,High,synth_highacc,2,2
exam presentation postponement professor submission,Academics,Medium,synth_highacc,2,0
hygiene snack poor menu glass,Canteen,Low,synth_highacc,9,1
bill stale rice rate overcharge,Canteen,Low,synth_highacc,9,1
cup price expensive glass bill,Canteen,High,synth_highacc,9,2
rice water fork chapati curry,Canteen,Medium,synth_highacc,9,0
gear indicator windscreen indicator auto,Transport,High,synth_highacc,5,2
error crash cache adapter bug,IT Support,Low,synth_highacc,0,1
letterhead endorse format migration hostel,Administration,Low,synth_highacc,7,1
interrogate teasing suspect violence haras,Security / Discipline,Medium,synth_highacc,6,0
valve sparking damaged replace cracked,Maintenance,High,synth_highacc,4,2
paint stair colour cracked floor,Maintenance,High,synth_highacc,4,2
payment concession gateway budget credit,Fees / Finance,High,synth_highacc,3,2
sabzi sabzi juice pickle milk,Canteen,Medium,synth_highacc,9,0
card upi declined cashier waiver,Fees / Finance,Medium,synth_highacc,3,0
processing pending policy scholarship processing,Administration,Medium,synth_highacc,7,0
quiz subject revaluation thesis diploma,Academics,Low,synth_highacc,2,1
the emergency blue light phone near the lake doesn t seem to be working i tried to test it because the light was out and there was no dial tone or response this is a major safety risk if someone is in trouble,Security / Discipline,High,complaint_triage,6,2
strong smell of gas near the mess kitchen area while walking past the dining hall i noticed a very thick smell of lpg this is extremely dangerous given the number of students nearby please check the cylinders and kitchen connections before there is an accident,Hostels,High,complaint_triage,1,2
vegetable lunch oily dinner stale,Canteen,Medium,synth_highacc,9,0
subject professor grading topic mentor,Academics,Low,synth_highacc,2,1
transaction pending failed card outstanding,Fees / Finance,High,synth_highacc,3,2
food cook shortage food daal,Canteen,Medium,synth_highacc,9,0
chapter timetable summary group notebook,Academics,Medium,synth_highacc,2,0
counter fork staff glass stale,Canteen,High,synth_highacc,9,2
credit notebook transfer cancel diploma,Academics,High,synth_highacc,2,2
rate milk increased tea food,Canteen,Low,synth_highacc,9,1
seminar midterm postponed lecture grade,Academics,Medium,synth_highacc,2,0
alcohol hostel accused smoke stalking,Security / Discipline,Medium,synth_highacc,6,0
firewall log restricting fail restart,IT Support,Medium,synth_highacc,0,0
journal locate binding shelf catalogue,Library,Low,synth_highacc,8,1
keyboard mouse reboot storage wifi,IT Support,Low,synth_highacc,0,1
heater noisy element washroom hanger,Hostels,Low,synth_highacc,1,1
bed cupboard squeaky drainage hanger,Hostels,High,synth_highacc,1,2
marks quiz degree grade presentation,Academics,Low,synth_highacc,2,1
interest interest remit waiver gst,Fees / Finance,Medium,synth_highacc,3,0
snack bill items cook glass,Canteen,Medium,synth_highacc,9,0
coffee vegetable bitter egg quality,Canteen,High,synth_highacc,9,2
fir accused abuse complaint witness,Security / Discipline,Low,synth_highacc,6,1
route auto changed gear fare,Transport,Low,synth_highacc,5,1
the shuttle service keeps changing the route without updating the app i waited for an hour today at a stop that apparently isn t being used anymore please communicate these changes better,Transport,Medium,complaint_triage,5,0
audit credited report budget debit,Fees / Finance,High,synth_highacc,3,2
cloud cable sync restart email,IT Support,High,synth_highacc,0,2
milk juice sour meal spoon,Canteen,Medium,synth_highacc,9,0
laptop speed screen login laptop,IT Support,Medium,synth_highacc,0,0
registration delay completed procedure transfer,Administration,Low,synth_highacc,7,1
credit curriculum transfer diploma mentor,Academics,Medium,synth_highacc,2,0
aisle rack light reference photocopy,Library,Low,synth_highacc,8,1
maintenance ceiling needed electrician floor,Maintenance,Medium,synth_highacc,4,0
degree chapter training diploma overdue,Academics,Medium,synth_highacc,2,0
mac ram filter scanner portal,IT Support,High,synth_highacc,0,2
cleaning pane pipe sweeping brick,Maintenance,Medium,synth_highacc,4,0
fiction nonfiction card reference silent,Library,Low,synth_highacc,8,1
fund budget payment debit scholarship,Fees / Finance,Low,synth_highacc,3,1
driver pickup absent clutch seat,Transport,Medium,synth_highacc,5,0
kitchen cheap hygiene juice milk,Canteen,High,synth_highacc,9,2
crack drill fix hole hinge,Maintenance,High,synth_highacc,4,2
clerk dean awaiting admission bonafide,Administration,High,synth_highacc,7,2
bus fare cleaning numberplate provided,Transport,High,synth_highacc,5,2
pickup bicycle missed conductor pickup,Transport,Low,synth_highacc,5,1
valve tube damaged renovation electrician,Maintenance,High,synth_highacc,4,2
loan bill application reimbursement loan,Fees / Finance,High,synth_highacc,3,2
there s a strong smell of gas in the hallway of the physics building it s getting stronger and making people feel dizzy we need an evacuation and a check of the lines right now,Security / Discipline,High,complaint_triage,6,2
schedule license traffic fare provided,Transport,High,synth_highacc,5,2
auto seat overcharge mandatory vehicle,Transport,Low,synth_highacc,5,1
authentication ethernet motherboard processor,IT Support,High,synth_highacc,0,2
processing pending processing notarized status,Administration,Medium,synth_highacc,7,0
workshop mentor registration grade grading,Academics,High,synth_highacc,2,2
inquiry regarding the development fee hike we noticed a 10 increase in the current semester s bill without any prior notice or explanation as students we would like to know the reason for this sudden change especially since the campus facilities remain the same,Fees / Finance,Medium,complaint_triage,3,0
procedure awaiting examination policy approval,Administration,Low,synth_highacc,7,1
mess fresh quality stale spoil,Canteen,Low,synth_highacc,9,1
outstanding credited amount scholarship installment,Fees / Finance,Medium,synth_highacc,3,0
authentication authentication laptop mouse,IT Support,Medium,synth_highacc,0,0
warden hostel flush noisy,Hostels,High,synth_highacc,1,2
librarian author help shelf renew,Library,Low,synth_highacc,8,1
complaint cybercrime registered weapon witness,Security / Discipline,Low,synth_highacc,6,1
thesis exam notebook seminar group,Academics,Low,synth_highacc,2,1
paint crack job wire peeling,Maintenance,Medium,synth_highacc,4,0
drainage toilet staircase tap curtain,Hostels,High,synth_highacc,1,2
alcohol bully drugs smoke robbery,Security / Discipline,High,synth_highacc,6,2
roof bulb sheet cracked cracked,Maintenance,High,synth_highacc,4,2
dust drill accumulation tile socket,Maintenance,High,synth_highacc,4,2
receipt cashier lost waiver processed,Fees / Finance,High,synth_highacc,3,2
report midterm submission curriculum thesis,Academics,Low,synth_highacc,2,1
socket worn loose repairman cleaning,Maintenance,Medium,synth_highacc,4,0
seminar teacher certificate thesis notebook,Academics,Medium,synth_highacc,2,0
someone spilled coffee all over the back row of the 10 00 am shuttle and it s still there sticky and smelling bad it would be nice if the interiors were cleaned more frequently during the day,Transport,Low,complaint_triage,5,1
the air conditioning in the main computer lab is not working with 60 systems running the room gets incredibly hot and the computers are starting to lag due to thermal throttling it s hard to focus on our coding assignments for more than 30 minutes please repair the cooling system,Academics,Medium,complaint_triage,2,0
chapter timetable summary diploma scholar,Academics,Low,synth_highacc,2,1
membership article renewal subscription stack,Library,High,synth_highacc,8,2
ssd log storage shutdown wifi,IT Support,Low,synth_highacc,0,1
canteen rice stale sabzi coffee,Canteen,High,synth_highacc,9,2
sexually danger abusing harass caught,Security / Discipline,Low,synth_highacc,6,1
procedure enrollment delay policy notary,Administration,Medium,synth_highacc,7,0
ceiling sweeping repair cement floor,Maintenance,Low,synth_highacc,4,1
accused arrest insult witness assault,Security / Discipline,Medium,synth_highacc,6,0
request for a special doubt clearing session for discrete mathematics the last few topics like graph theory were covered very quickly and most of the batch is struggling with the practice problems a two hour weekend session would be very helpful,Academics,Medium,complaint_triage,2,0
battery route dead horn auto,Transport,High,synth_highacc,5,2
rice queue chicken chapati sauce,Canteen,Low,synth_highacc,9,1
brake clutch cab route taillight,Transport,High,synth_highacc,5,2
horn clutch not taillight conductor,Transport,Medium,synth_highacc,5,0
exhaust fan in the bathroom is not rotating the room stays very humid and the mirrors are constantly fogged up which is leading to more mold on the tiles i ve checked the switch but the motor seems to be burnt out requesting a replacement,Maintenance,Medium,complaint_triage,4,0
payment account audit refund online,Fees / Finance,High,synth_highacc,3,2
roommate chair balcony tap,Hostels,Low,synth_highacc,1,1
gear meter problem ticket clutch,Transport,High,synth_highacc,5,2
ticket headlight counter numberplate taxi,Transport,Low,synth_highacc,5,1
route bus clutch stop tyre,Transport,Medium,synth_highacc,5,0
card magazine renewal reading reading,Library,Medium,synth_highacc,8,0
van mandatory overloaded license taxi,Transport,Medium,synth_highacc,5,0
attestation submission signature notary notice,Administration,High,synth_highacc,7,2
canteen daal costly food canteen,Canteen,High,synth_highacc,9,2
photocopy stack charges edition scan,Library,High,synth_highacc,8,2
magazine librarian latest zone librarian,Library,Medium,synth_highacc,8,0
projector storage blurry firewall wlan,IT Support,Medium,synth_highacc,0,0
vandalism case property offence teased,Security / Discipline,High,synth_highacc,6,2
approval migration pending status delay,Administration,Medium,synth_highacc,7,0
meter traffic tampered diesel cycle,Transport,Low,synth_highacc,5,1
ssd wifi storage log modem,IT Support,Low,synth_highacc,0,1
vegetable oil milk chicken food,Canteen,Medium,synth_highacc,9,0
scan abstract nonfiction librarian magazine,Library,Medium,synth_highacc,8,0
i d like to report a case of identity theft someone is using my student credentials to access the lab equipment and i m getting billed for materials i never used i need my account locked,Security / Discipline,Medium,complaint_triage,6,0
helmet horn mandatory driver parking,Transport,Low,synth_highacc,5,1
towel detergent rough staircase stinking,Hostels,Medium,synth_highacc,1,0
scholarship budget eligibility withdrawal interest,Fees / Finance,High,synth_highacc,3,2
journal book binding almanac research,Library,Medium,synth_highacc,8,0
browser install fail download latency,IT Support,High,synth_highacc,0,2
i am being charged in state tuition even though i am an international student i don t want to get in trouble later for a mistake the university made so i m reporting it now,Administration,Medium,complaint_triage,7,0
tuition bill remission charges netbanking,Fees / Finance,Medium,synth_highacc,3,0
canteen coffee costly kitchen juice,Canteen,Medium,synth_highacc,9,0
fund budget installment account payable,Fees / Finance,Low,synth_highacc,3,1
auto fare overcharge schedule fare,Transport,Medium,synth_highacc,5,0
notebook assignment report curriculum textbook,Academics,Medium,synth_highacc,2,0
report thief suspicious case weapon,Security / Discipline,Low,synth_highacc,6,1
tease scam sexual murder complaint,Security / Discipline,Medium,synth_highacc,6,0
printer password jam fail keyboard,IT Support,High,synth_highacc,0,2
presentation delayed evaluated mentor workshop,Academics,Medium,synth_highacc,2,0
can the university start accepting apple pay for on campus admin fees carrying around exact change for transcript copies is very inconvenient,Administration,Low,complaint_triage,7,1
the lighting in the back corner of the study hall is a bit dim for reading textbooks replacing the 40w bulb with a 60w one would make it a much more usable space for late night sessions,Maintenance,Low,complaint_triage,4,1
submission awaiting pending approval dean,Administration,Medium,synth_highacc,7,0
invoice invoice duplicate payment due,Fees / Finance,Low,synth_highacc,3,1
valve gutter construction hammer pipeline,Maintenance,High,synth_highacc,4,2
paint construction colour valve stair,Maintenance,High,synth_highacc,4,2
the bus driver refused to lower the bus for an elderly visitor who was struggling to get up the steps it was very heartless and unnecessary,Transport,Medium,complaint_triage,5,0
workshop scholar grade tutorial timetable,Academics,High,synth_highacc,2,2
professor practical leave final report,Academics,High,synth_highacc,2,2
ventilator cupboard exhaust cotton heater,Hostels,Low,synth_highacc,1,1
locker towel jammed inverter bunk,Hostels,Medium,synth_highacc,1,0
counter spoil staff vegetable taste,Canteen,Medium,synth_highacc,9,0
bill price overcharge menu dinner,Canteen,Low,synth_highacc,9,1
spoon expensive overcharge fork chapati,Canteen,Medium,synth_highacc,9,0
cctv victim footage arrest examined vandalism,Security / Discipline,High,synth_highacc,6,2
i missed my flight home because the airport shuttle provided by the university broke down on the highway and no backup was sent for two hours i had to buy a new ticket which cost me 300,Transport,High,complaint_triage,5,2
laundry warden machine hanger curtain,Hostels,Medium,synth_highacc,1,0
document admission verification processing migration,Administration,Low,synth_highacc,7,1
fine renew calculation librarian magazine,Library,High,synth_highacc,8,2
taste spoil chicken hygiene coffee,Canteen,Medium,synth_highacc,9,0
project professor guide assignment absent,Academics,High,synth_highacc,2,2
driver cab rash parking traffic,Transport,High,synth_highacc,5,2
print penalty black search stack,Library,Low,synth_highacc,8,1
subject tutorial report topic deadline,Academics,High,synth_highacc,2,2
invoice audit loan bill budget,Fees / Finance,Low,synth_highacc,3,1
bathroom door dirty hanger slow,Hostels,High,synth_highacc,1,2
procedure verification lengthy deadline examination,Administration,Low,synth_highacc,7,1
wire plaster exposed ceiling door,Maintenance,Low,synth_highacc,4,1
soap service missing curtain drainage,Hostels,Medium,synth_highacc,1,0
dean hostel approval admission enrollment,Administration,Medium,synth_highacc,7,0
exam portal times out on campus wi fi works on hotspot sign in spins indefinitely on eduroam cleared cache tried multiple browsers exam closes in 45 minutes please fix routing or provide an immediate workaround,IT Support,High,complaint_triage,0,2
table balcony wobbling hanger mosquito,Hostels,High,synth_highacc,1,2
drink kitchen fork juice dinner,Canteen,Low,synth_highacc,9,1
roommate detergent noisy toilet ventilator,Hostels,Low,synth_highacc,1,1
software computer log update login,IT Support,High,synth_highacc,0,2
subject final registration seminar credit,Academics,Low,synth_highacc,2,1
drainage sink overflowing mug strict,Hostels,Medium,synth_highacc,1,0
abstract counter journal nonfiction magazine,Library,Low,synth_highacc,8,1
there is a drone hovering outside my third story window and it s been there for ten minutes this is a massive breach of my privacy and i want it stopped,Security / Discipline,Medium,complaint_triage,6,0
account cleared credited payment concession,Fees / Finance,High,synth_highacc,3,2
laundry heater service window bed,Hostels,Low,synth_highacc,1,1
request for a digital map of the academic blocks to be added to the student app the campus is large and new students often get lost trying to find specific labs or faculty rooms in the first few weeks,Academics,Low,complaint_triage,2,1
teacher assignment paper degree,Academics,Low,synth_highacc,2,1
bunk locker drainage warden geyser,Hostels,High,synth_highacc,1,2
egg chapati sabzi daal queue,Canteen,High,synth_highacc,9,2
presentation lesson deadline group delay,Academics,High,synth_highacc,2,2
workshop syllabus material group overdue,Academics,Low,synth_highacc,2,1
research citation paper thesis section,Library,High,synth_highacc,8,2
coffee egg bitter plate rotten,Canteen,Medium,synth_highacc,9,0
maintenance urgent needed door socket,Maintenance,Medium,synth_highacc,4,0
rotten plate expensive spoil daal,Canteen,High,synth_highacc,9,2
letterhead download format certificate clerk,Administration,High,synth_highacc,7,2
report grade submission tutorial paper,Academics,Low,synth_highacc,2,1
grill wrench welding replace exposed,Maintenance,High,synth_highacc,4,2
interest card rate grant balance,Fees / Finance,High,synth_highacc,3,2
photocopy overdue book print book,Library,Medium,synth_highacc,8,0
mosquito locker mosquito bathroom door,Hostels,High,synth_highacc,1,2
photocopy publisher catalogue print newspaper,Library,Low,synth_highacc,8,1
server firewall down upload software,IT Support,Medium,synth_highacc,0,0
migration official certificate bonafide notary,Administration,High,synth_highacc,7,2
motherboard speed processor fail laptop,IT Support,Medium,synth_highacc,0,0
journal scan binding stack scan,Library,Medium,synth_highacc,8,0
tea water cold salad cup,Canteen,High,synth_highacc,9,2
bug speed backup log cache computer,IT Support,Low,synth_highacc,0,1
degree project tutorial diploma textbook,Academics,Medium,synth_highacc,2,0
ceiling handle damp bulb peeling,Maintenance,Medium,synth_highacc,4,0
syllabus lesson training lesson midterm,Academics,Medium,synth_highacc,2,0
ceiling wrench damp sewage door,Maintenance,Medium,synth_highacc,4,0
charges refund netbanking outstanding statement,Fees / Finance,Low,synth_highacc,3,1
seat schedule reserved mandatory taillight,Transport,Low,synth_highacc,5,1
thesis training approval deadline lecturer,Academics,High,synth_highacc,2,2
lecture lesson timing credit syllabus,Academics,High,synth_highacc,2,2
nonfiction search collection database absent,Library,High,synth_highacc,8,2
ticket auto indicator seat conductor,Transport,High,synth_highacc,5,2
can we have a few more coat hooks in the seminar hall when it s raining everyone has wet jackets and there s nowhere to hang them except over the back of the chairs which makes the seats damp,Academics,Low,complaint_triage,2,1
final year thesis portal is not accepting the turnitin report every time i upload it says service unavailable but the deadline for the final submission is this evening without this report my thesis won t be sent for external evaluation i need the it coordinator to reset my submission link or verify the server status immediately,Academics,High,complaint_triage,2,2
registrar policy official dean form,Administration,Low,synth_highacc,7,1
firewall rebooting restricting bandwidth rebooting,IT Support,Low,synth_highacc,0,1
report group delay lecture viva,Academics,Low,synth_highacc,2,1
stop windscreen missing fuel petrol,Transport,Medium,synth_highacc,5,0
wifi ssd mac projector,IT Support,Low,synth_highacc,0,1
book silent damaged edition fiction,Library,Low,synth_highacc,8,1
mosquito blanket net heating cotton,Hostels,Low,synth_highacc,1,1
window window shutter cotton shampoo,Hostels,Medium,synth_highacc,1,0
chapati rice hard queue kitchen,Canteen,Low,synth_highacc,9,1
floor garbage mopping fuse carpenter,Maintenance,High,synth_highacc,4,2
the pay in installments option is not appearing on my dashboard i was told that students with financial difficulties could opt for a 3 part payment plan but my portal only shows full payment i have already submitted my income certificate to the warden please enable the option,Fees / Finance,Medium,complaint_triage,3,0
harassment ragging filed harrash accused,Security / Discipline,Low,synth_highacc,6,1
finance invoice office statement refund,Fees / Finance,Low,synth_highacc,3,1
investigate scam matter incident harrass,Security / Discipline,Low,synth_highacc,6,1
arrest interrogate made offence teasing,Security / Discipline,Low,synth_highacc,6,1
withdrawal bill processed fund pending,Fees / Finance,High,synth_highacc,3,2
arrest harassment suspect evidence alcohol,Security / Discipline,High,synth_highacc,6,2
schedule windscreen delayed parking battery,Transport,High,synth_highacc,5,2
there was a large dog on the bus today that wasn t a service animal it was barking at people and made many students uncomfortable aren t pets supposed to be in carriers,Transport,Low,complaint_triage,5,1
registration regulation slip processing deadline,Administration,Medium,synth_highacc,7,0
bill glass egg rate curry,Canteen,Low,synth_highacc,9,1
reimbursement application pending transfer payable,Fees / Finance,Medium,synth_highacc,3,0
error crash port projector usb,IT Support,Low,synth_highacc,0,1
the blinds in room 305 are stuck and cannot be fully closed this causes a glare on the whiteboard during the afternoon sessions making it hard to see the professor s notes a quick repair of the pulley would help,Academics,Low,complaint_triage,2,1
the course catalog for next year still isn t available and we are supposed to start picking our classes next week how are we supposed to plan our schedules,Administration,Medium,complaint_triage,7,0
tutorial professor extra teacher topic,Academics,Low,synth_highacc,2,1
midterm credit results viva mentor,Academics,Low,synth_highacc,2,1
locate locate shelf research author,Library,Medium,synth_highacc,8,0
counter price staff kitchen bill,Canteen,High,synth_highacc,9,2
cup daal rotten glass spoon,Canteen,High,synth_highacc,9,2
kitchen lunch canteen meal overcharge,Canteen,Low,synth_highacc,9,1
shuttle seat cancelled vehicle driver,Transport,High,synth_highacc,5,2
midterm topic practical final result,Academics,High,synth_highacc,2,2
internet dns password network protocol,IT Support,Low,synth_highacc,0,1
shampoo roommate finished inverter roommate,Hostels,Low,synth_highacc,1,1
registration form deadline bonafide awaiting,Administration,Medium,synth_highacc,7,0
registrar affidavit office affidavit affidavit,Administration,Medium,synth_highacc,7,0
i d like to report a student for plagiarism but they are also threatening me if i tell the professor i feel unsafe and don t know how to handle the disciplinary side of this,Security / Discipline,Medium,complaint_triage,6,0
vehicle meter inspection battery diesel,Transport,Medium,synth_highacc,5,0
email slow backup password keyboard,IT Support,High,synth_highacc,0,2
socket sewage loose peeling repair,Maintenance,Medium,synth_highacc,4,0
scholarship statement renewal account transfer,Fees / Finance,Low,synth_highacc,3,1
request to move the fee deposit box to a more visible location it s currently hidden behind a pillar and many new students miss it and end up standing in the wrong line just to drop off a cheque,Fees / Finance,Low,complaint_triage,3,1
ragging case stopped report stalk,Security / Discipline,High,synth_highacc,6,2
interest transaction tuition waiver cashier,Fees / Finance,Medium,synth_highacc,3,0
route taxi changed headlight cab,Transport,Low,synth_highacc,5,1
hanger heater broken cotton pillow,Hostels,Medium,synth_highacc,1,0
borrow desk limit research subscription,Library,Low,synth_highacc,8,1
violence stolen sexual weapon camera,Security / Discipline,High,synth_highacc,6,2
case report pending theft smoke,Security / Discipline,Low,synth_highacc,6,1
installment loan plan loan due,Fees / Finance,Low,synth_highacc,3,1
fee deduction waiver cashier receipt,Fees / Finance,Low,synth_highacc,3,1
submission admission late missing transfer,Administration,High,synth_highacc,7,2
headlight cycle dim horn accident,Transport,High,synth_highacc,5,2
the library sign in the east wing has a slightly loose bracket it s not in danger of falling yet but it rattles a bit when the ac kicks in tightening the two screws on the side would make it perfectly stable again,Maintenance,Low,complaint_triage,4,1
could we have a workshop on basic self defense for students with the recent increase in petty thefts around campus i think a lot of people would feel more confident if they knew some basic moves,Security / Discipline,Low,complaint_triage,6,1
tax statement deduction statement fund,Fees / Finance,Medium,synth_highacc,3,0
bicycle rack in the parking area is overflowing there isn t enough space for everyone to park their cycles securely and people are now locking them to the main fence which blocks the path we need an additional rack installed in the block c parking zone,Hostels,Medium,complaint_triage,1,0
backup storage charger bandwidth wlan,IT Support,High,synth_highacc,0,2
canteen food plate queue,Canteen,High,synth_highacc,9,2
soap inverter missing fan laundry,Hostels,Medium,synth_highacc,1,0
subject practical elective notebook deadline,Academics,Medium,synth_highacc,2,0
presentation seminar evaluated marks overdue,Academics,Medium,synth_highacc,2,0
bulb broken fused damage dust,Maintenance,Low,synth_highacc,4,1
fought scam injured stole bullied,Security / Discipline,Low,synth_highacc,6,1
shuttle helmet cancelled mandatory fuel,Transport,High,synth_highacc,5,2
paint hinge job bulb renovation,Maintenance,High,synth_highacc,4,2
tea drink cheap coffee lunch,Canteen,Low,synth_highacc,9,1
menu fresh kitchen quality lunch,Canteen,Medium,synth_highacc,9,0
seat taillight broken rickshaw schedule,Transport,Low,synth_highacc,5,1
deadline submission registrar clerk letterhead,Administration,High,synth_highacc,7,2
fine nonfiction waived shelf penalty,Library,Medium,synth_highacc,8,0
danger smoke abusing unsafe complaint,Security / Discipline,Low,synth_highacc,6,1
grade notebook calculation seminar teacher,Academics,Medium,synth_highacc,2,0
danger offence warning patrol harassment,Security / Discipline,Low,synth_highacc,6,1
print ebook black author return,Library,Medium,synth_highacc,8,0
patrol cybercrime vehicle stolen caught,Security / Discipline,Medium,synth_highacc,6,0
external monitor flickers at 60 hz in lab noticeable flicker causing eye strain any driver or refresh rate fix,IT Support,Medium,complaint_triage,0,0
oil stale canteen plate spoil,Canteen,Medium,synth_highacc,9,0
request for a wall mounted fan in the gym area the corner with the free weights gets very stuffy because the main ac doesn t reach that spot perfectly a small fan would make a big difference,Hostels,Low,complaint_triage,1,1
photocopy catalogue almanac print absent,Library,High,synth_highacc,8,2
witness unsafe statement accused offence,Security / Discipline,Medium,synth_highacc,6,0
cashier cleared counter receipt grant,Fees / Finance,Low,synth_highacc,3,1
notice application board scholarship transfer,Administration,High,synth_highacc,7,2
counter rice staff rotten rotten,Canteen,Low,synth_highacc,9,1
price plate oil expensive oil,Canteen,Low,synth_highacc,9,1
stamp seal migration circular procedure,Administration,Low,synth_highacc,7,1
print thesis black scan silent,Library,Low,synth_highacc,8,1
reimbursement tuition pending penalty online,Fees / Finance,Low,synth_highacc,3,1
roommate slipper shifting curtain window,Hostels,High,synth_highacc,1,2
suspicious stolen activity suspicious senior,Security / Discipline,Low,synth_highacc,6,1
bullied abusing harassed tease bullied,Security / Discipline,High,synth_highacc,6,2
pipeline leak leakage brick hole,Maintenance,Low,synth_highacc,4,1
stop ticket missing auto tyre,Transport,High,synth_highacc,5,2
repair pipeline urgent carpenter sparking,Maintenance,Low,synth_highacc,4,1
seat headlight broken auto diesel,Transport,High,synth_highacc,5,2
computer speed monitor laptop crash,IT Support,Low,synth_highacc,0,1
smoke corridor detected bullied evidence,Security / Discipline,Medium,synth_highacc,6,0
submission signature pending verification letterhead,Administration,High,synth_highacc,7,2
research publisher absent reference zone,Library,Medium,synth_highacc,8,0
seminar workshop certificate diploma viva,Academics,Low,synth_highacc,2,1
valve roof damaged pipe fuse,Maintenance,Low,synth_highacc,4,1
abuse investigate stalk threaten molested,Security / Discipline,High,synth_highacc,6,2
bucket corridor cracked towel sink,Hostels,High,synth_highacc,1,2
journal database photocopy magazine periodical,Library,Medium,synth_highacc,8,0
food daal shortage mess juice,Canteen,Low,synth_highacc,9,1
taste cup pickle hygiene rice,Canteen,Low,synth_highacc,9,1
charger internet adapter network connect,IT Support,High,synth_highacc,0,2
steal prohibited caught scam danger,Security / Discipline,Medium,synth_highacc,6,0
latency reboot charger connectivity download,IT Support,High,synth_highacc,0,2
procedure download lengthy clerk registrar,Administration,Medium,synth_highacc,7,0
photocopy thesis machine thesis search,Library,Medium,synth_highacc,8,0
laptop cache screen software vpn,IT Support,Medium,synth_highacc,0,0
food chicken shortage counter pickle,Canteen,Medium,synth_highacc,9,0
harrash robbery complaint insulting case,Security / Discipline,Low,synth_highacc,6,1
smoke culprit banned prohibited prohibited,Security / Discipline,High,synth_highacc,6,2
bank tax transfer withdrawal cashier,Fees / Finance,High,synth_highacc,3,2
mac usb filter connect working,IT Support,High,synth_highacc,0,2
paint repairman colour fix ladder,Maintenance,High,synth_highacc,4,2
keyboard mouse wlan speed driver,IT Support,High,synth_highacc,0,2
staircase blanket water laundry mosquito,Hostels,Low,synth_highacc,1,1
policy submission amendment policy certificate,Administration,High,synth_highacc,7,2
i just found out my name isn t on the list for the upcoming career fair even though i registered and paid the entrance fee i have an interview scheduled there and i need to be let in,Administration,High,complaint_triage,7,2
snack glass items plate snack,Canteen,Medium,synth_highacc,9,0
canteen canteen stale sauce snack,Canteen,Low,synth_highacc,9,1
sso down for student services portal students cannot sign in enrollment impact likely please check idp status and recent changes,IT Support,High,complaint_triage,0,2
snack milk items food spoon,Canteen,High,synth_highacc,9,2
bandwidth hardware insufficient projector authentication,IT Support,High,synth_highacc,0,2
the class schedule search tool is down and i need to find the room number for my 9 00 am class it s 8 50 am and i m just standing in the quad lost,Administration,Medium,complaint_triage,7,0
stalk theft stalking teased stranger,Security / Discipline,Low,synth_highacc,6,1
door drill jammed wire plumber,Maintenance,Medium,synth_highacc,4,0
application bonafide fee fee requested,Administration,Low,synth_highacc,7,1
hostel warden gate bed exhaust,Hostels,Low,synth_highacc,1,1
tile wrench cracked plumber roof,Maintenance,High,synth_highacc,4,2
weapon insult seized stranger witness,Security / Discipline,Medium,synth_highacc,6,0
harassment molest filed kidnap disrespect,Security / Discipline,High,synth_highacc,6,2
vpn patch routing backup keyboard,IT Support,High,synth_highacc,0,2
professor grade leave curriculum grading,Academics,Low,synth_highacc,2,1
photocopy expired machine edition bibliography,Library,Low,synth_highacc,8,1
invoice deposit duplicate remit payable,Fees / Finance,High,synth_highacc,3,2
laptop storage screen motherboard scanner,IT Support,High,synth_highacc,0,2
thesis card binding overdue subscription,Library,Medium,synth_highacc,8,0
the news section on the student portal hasn t been updated since last month old event flyers are still pinned to the top making it hard to find the latest academic notices a quick cleanup of the landing page would be appreciated,Academics,Low,complaint_triage,2,1
license mandatory suspended windscreen driver,Transport,Low,synth_highacc,5,1
drainage towel clogged shampoo exhaust,Hostels,Medium,synth_highacc,1,0
assignment seminar feedback practical placement,Academics,Low,synth_highacc,2,1
report result scholar lecture credit,Academics,High,synth_highacc,2,2
online netbanking payment payment bank,Fees / Finance,High,synth_highacc,3,2
smoke cybercrime banned steal abused,Security / Discipline,Medium,synth_highacc,6,0
accused steal investigate witness case,Security / Discipline,Medium,synth_highacc,6,0
router bug rebooting down portal,IT Support,Low,synth_highacc,0,1
bill price overcharge pickle price,Canteen,High,synth_highacc,9,2
every time the bus hits a pothole the entire overhead rack rattles like it s going to fall off it s very distracting when trying to read,Transport,Low,complaint_triage,5,1
search locate return author librarian,Library,Medium,synth_highacc,8,0
staircase curtain pillow laundry roommate,Hostels,High,synth_highacc,1,2
fir teasing lodged offence ragging,Security / Discipline,Medium,synth_highacc,6,0
taste daal cup hygiene water,Canteen,High,synth_highacc,9,2
projector freeze error cable charger,IT Support,Medium,synth_highacc,0,0
credit debit debit fund account,Fees / Finance,High,synth_highacc,3,2
noc not issued due to unverified late fine i cleared all my library and hostel fines last month but the finance clerk says the sync hasn t happened i am graduating and moving out of the state tomorrow morning i need my no objection certificate today or i won t be able to collect my security deposit,Fees / Finance,High,complaint_triage,3,2
tap table dripping bathroom ventilator,Hostels,Medium,synth_highacc,1,0
project timetable guide notebook overdue,Academics,High,synth_highacc,2,2
assignment homework deadline degree absent,Academics,Medium,synth_highacc,2,0
backup down router bandwidth ssd,IT Support,High,synth_highacc,0,2
photocopy publisher machine rack section,Library,Medium,synth_highacc,8,0
application download fee certificate requested,Administration,High,synth_highacc,7,2
lesson homework difficult submission tutorial,Academics,Medium,synth_highacc,2,0
software backup license speed ip,IT Support,High,synth_highacc,0,2
someone stole the catalytic converter off my car while it was parked in the overnight lot the car is now making a deafening noise and i can t drive it home this is getting out of hand,Security / Discipline,Medium,complaint_triage,6,0
trackpad lag on loaner laptop pointer stutters especially when zoom is open i updated drivers and toggled precision settings it s making note taking oddly frustrating any recommended fixes,IT Support,Low,complaint_triage,0,1
photocopy card machine ebook magazine,Library,High,synth_highacc,8,2
suggestion to add a language of the week corner in the cse block showing simple code snippets in different programming languages it would be a fun low key way to spark interest in new tech,Academics,Low,complaint_triage,2,1
the whiteboards in the student lounge have some ghosting from old markers a standard cleaning spray doesn t seem to work could the maintenance staff provide a bottle of professional board restorer for us to use,Maintenance,Low,complaint_triage,4,1
penalty publisher photocopy membership absent,Library,Low,synth_highacc,8,1
tax online deduction refund upi,Fees / Finance,Medium,synth_highacc,3,0
carpenter handle furniture handle leaking,Maintenance,High,synth_highacc,4,2
taillight conductor damaged driver gear,Transport,Low,synth_highacc,5,1
the stapler at the reception desk is always running out of pins it would be great if the maintenance staff could keep a small box of staples nearby so students don t have to keep asking around,Maintenance,Low,complaint_triage,4,1
account outstanding credited audit grant,Fees / Finance,Medium,synth_highacc,3,0
ip upload address desktop server,IT Support,Medium,synth_highacc,0,0
thesis midterm presentation seminar answer,Academics,Medium,synth_highacc,2,0
browser mac modem download browser,IT Support,High,synth_highacc,0,2
conductor driver rude vehicle numberplate,Transport,Low,synth_highacc,5,1
floor pipeline slippery construction ceiling,Maintenance,Low,synth_highacc,4,1
helmet stop mandatory stop horn,Transport,Medium,synth_highacc,5,0
tyre license puncture pickup schedule,Transport,High,synth_highacc,5,2
bus horn late route accident,Transport,Medium,synth_highacc,5,0
document missing verification policy notice,Administration,Medium,synth_highacc,7,0
table locker wobbling expensive hanger,Hostels,Low,synth_highacc,1,1
mess queue quality price food,Canteen,Medium,synth_highacc,9,0
plaster socket falling tile cement,Maintenance,Low,synth_highacc,4,1
stairwell railing is loose between the 3rd and 4th floors the metal pipe wobbles when you hold it for support this is a safety concern for anyone carrying heavy books or laundry please tighten the wall brackets,Maintenance,Medium,complaint_triage,4,0
balance loan enquiry payable transfer,Fees / Finance,Medium,synth_highacc,3,0
aisle bibliography light catalogue aisle,Library,Medium,synth_highacc,8,0
i applied for a course waiver based on my professional experience it s been three months and i still don t have an answer i need to know if i have to take this class or not,Administration,Medium,complaint_triage,7,0
publisher available details author edition,Library,Low,synth_highacc,8,1
my student id card has been blocked for administrative reasons but nobody can tell me why i can t get into the lab the library or the dining hall i feel like i m being locked out of the university i pay for,Administration,Medium,complaint_triage,7,0
carpenter window furniture gutter floor,Maintenance,Low,synth_highacc,4,1
fiction borrow available almanac card,Library,Low,synth_highacc,8,1
headlight taillight bicycle auto headlight,Transport,Low,synth_highacc,5,1
sexual bullied harrash drugs caught,Security / Discipline,Low,synth_highacc,6,1
verification hostel pending approval guideline,Administration,High,synth_highacc,7,2
curriculum credit outdated submission subject,Academics,High,synth_highacc,2,2
return audiobook date reference desk,Library,Medium,synth_highacc,8,0
driver seat driver conductor seat,Transport,Medium,synth_highacc,5,0
migration letterhead certificate status transfer,Administration,High,synth_highacc,7,2
i m an athlete and i need my eligibility certificate by noon today to play in the tournament tonight admin said they would sign it yesterday but it s still sitting on someone s desk,Administration,High,complaint_triage,7,2
protocol dns ram mouse dns,IT Support,Medium,synth_highacc,0,0
letterhead guideline format affidavit application,Administration,High,synth_highacc,7,2
training internship program timetable syllabus,Academics,Medium,synth_highacc,2,0
penalty tuition late statement debit,Fees / Finance,Low,synth_highacc,3,1
rice taste pickle chapati kitchen,Canteen,Low,synth_highacc,9,1
thesis score submission faculty presentation,Academics,Low,synth_highacc,2,1
suspicious abused interrogate stranger stalk,Security / Discipline,High,synth_highacc,6,2
tutorial syllabus cancelled submission midterm,Academics,Medium,synth_highacc,2,0
bunk locker fan sink geyser,Hostels,High,synth_highacc,1,2
mouse ethernet clicking ssd latency,IT Support,High,synth_highacc,0,2
mug soap drainage cotton shampoo mattress,Hostels,High,synth_highacc,1,2
article bibliography unavailable librarian desk,Library,High,synth_highacc,8,2
hardware browser firmware backup freeze,IT Support,Low,synth_highacc,0,1
drainage mattress overflowing inverter exhaust,Hostels,High,synth_highacc,1,2
abuse fir stalking threaten unsafe,Security / Discipline,High,synth_highacc,6,2
steal harass guard thief molested,Security / Discipline,Medium,synth_highacc,6,0
registrar fee enrollment dean transfer,Administration,Medium,synth_highacc,7,0
letterhead attestation format requested notarized,Administration,High,synth_highacc,7,2
aisle card light section citation,Library,Medium,synth_highacc,8,0
dean verification approval regulation sworn,Administration,Low,synth_highacc,7,1
thesis revaluation submission lesson answer,Academics,High,synth_highacc,2,2
newspaper overdue locate article thesis,Library,Medium,synth_highacc,8,0
ventilator bunk exhaust slipper chair,Hostels,Low,synth_highacc,1,1
schedule license delayed meter auto,Transport,Medium,synth_highacc,5,0
vehicle driver breakdown gear battery,Transport,Low,synth_highacc,5,1
cook fork fresh curry rotten,Canteen,Medium,synth_highacc,9,0
mess breakfast vegetable food juice,Canteen,High,synth_highacc,9,2
research available material penalty search,Library,Low,synth_highacc,8,1
bulb tube hole drill exposed,Maintenance,Low,synth_highacc,4,1
migration signature certificate affidavit application,Administration,High,synth_highacc,7,2
score presentation improvement delayed internship,Academics,Medium,synth_highacc,2,0
wifi authentication latency keyboard,IT Support,Medium,synth_highacc,0,0
subject seminar chapter topic assignment,Academics,High,synth_highacc,2,2
accused assault fir witness interrogate,Security / Discipline,Low,synth_highacc,6,1
regulation certificate approval guideline regulation,Administration,High,synth_highacc,7,2
verification hostel pending transfer fee,Administration,High,synth_highacc,7,2
breakfast food menu rice drink,Canteen,High,synth_highacc,9,2
waiver late rejected invoice bank,Fees / Finance,Low,synth_highacc,3,1
ram connectivity upgrade computer reboot,IT Support,Medium,synth_highacc,0,0
drain sewage paint ladder sewage,Maintenance,High,synth_highacc,4,2
bus battery overcrowded mandatory diesel,Transport,Low,synth_highacc,5,1
syllabus score schedule lesson grading,Academics,Low,synth_highacc,2,1
score tutorial improvement practical practical,Academics,High,synth_highacc,2,2
request for a clock in the finance office waiting area it helps us keep track of how long we ve been waiting and ensures we don t miss our next lecture if the queue is moving slowly,Fees / Finance,Low,complaint_triage,3,1
i d like to report a student for using a stolen credit card at the campus bookstore i saw the name on the card and it definitely didn t match their id,Security / Discipline,Low,complaint_triage,6,1
complaint drugs registered bully sexual,Security / Discipline,Low,synth_highacc,6,1
towel bucket flush fan cotton,Hostels,Medium,synth_highacc,1,0
project professor submission question notebook,Academics,Low,synth_highacc,2,1
financial block on my account prevents me from accessing the lms for the mid sem test the portal says i have an outstanding balance of 500 which is a mistake as i have already cleared all dues the test starts in 30 minutes if i can t log in i ll get a zero please clear the block immediately,Fees / Finance,High,complaint_triage,3,2
procedure submission enquiry policy status,Administration,Low,synth_highacc,7,1
milk queue sour spoil overcharge,Canteen,Medium,synth_highacc,9,0
refund late process deposit deduction,Fees / Finance,Low,synth_highacc,3,1
jenkins job failing after credential rotation logs show expired credentials for artifact storage secrets rotated last week per policy please update jenkins credential binding builds block integration tests we need it green for today s release i can share credential id and job name confirm once updated,IT Support,Medium,complaint_triage,0,0
presentation diploma lecture group postpone,Academics,Low,synth_highacc,2,1
cloud download sync port rebooting,IT Support,Medium,synth_highacc,0,0
plumber fuse tap screwdriver door,Maintenance,Low,synth_highacc,4,1
marks homework textbook grade score,Academics,Medium,synth_highacc,2,0
cleaning crack gutter sweeping paint,Maintenance,Low,synth_highacc,4,1
schedule mirror delayed windscreen route,Transport,High,synth_highacc,5,2
roommate staircase noisy fan locker,Hostels,Medium,synth_highacc,1,0
bluetooth scanner pairing ethernet ssd,IT Support,Medium,synth_highacc,0,0
verification policy approval attestation procedure,Administration,Low,synth_highacc,7,1
washroom toilet mug cotton slipper,Hostels,Low,synth_highacc,1,1
handle tube loose tube fuse,Maintenance,High,synth_highacc,4,2
waiver credit rejected netbanking balance,Fees / Finance,Medium,synth_highacc,3,0
alcohol environment fought smoke accused,Security / Discipline,Medium,synth_highacc,6,0
valve gutter brick pipeline lock,Maintenance,Low,synth_highacc,4,1
waiver installment rejected deposit processed,Fees / Finance,Low,synth_highacc,3,1
curtain blanket damaged sink detergent,Hostels,Medium,synth_highacc,1,0
technical fest event coordination was completely mismanaged,Administration,Medium,manual,7,0
tile pipe window wire paint,Maintenance,High,synth_highacc,4,2
letterhead procedure notarized official requested,Administration,Medium,synth_highacc,7,0
authentication bug antivirus protocol,IT Support,High,synth_highacc,0,2
kitchen kitchen pickle meal dinner,Canteen,Medium,synth_highacc,9,0
login server failing battery bandwidth,IT Support,Medium,synth_highacc,0,0
processing missing slow certificate transfer,Administration,Medium,synth_highacc,7,0
circular verification clarification seal signature,Administration,Medium,synth_highacc,7,0
cook fork chicken curry water,Canteen,Medium,synth_highacc,9,0
bus bicycle overcrowded van charges,Transport,High,synth_highacc,5,2
bulb tube renovation cement cement,Maintenance,High,synth_highacc,4,2
fare parking refund taillight bicycle,Transport,Low,synth_highacc,5,1
policy circular unclear pending delay,Administration,Medium,synth_highacc,7,0
enrollment seal scholarship registration letterhead,Administration,High,synth_highacc,7,2
harass violence laptop bully weapon,Security / Discipline,Low,synth_highacc,6,1
crack ceiling repair handle fix,Maintenance,Low,synth_highacc,4,1
water menu unclean canteen breakfast,Canteen,Low,synth_highacc,9,1
processing registration slow certificate application,Administration,Low,synth_highacc,7,1
login portal laptop server hardware,IT Support,Low,synth_highacc,0,1
browser port display download vpn,IT Support,High,synth_highacc,0,2
battery indicator dead schedule windscreen,Transport,Medium,synth_highacc,5,0
there is a lot of broken glass in the sand at the campus volleyball court it s very dangerous for people playing barefoot can it be cleaned up,Security / Discipline,Low,complaint_triage,6,1
computer freeze log laptop motherboard,IT Support,High,synth_highacc,0,2
regulation stamp policy guideline clerk,Administration,High,synth_highacc,7,2
laundry heater machine geyser geyser,Hostels,Low,synth_highacc,1,1
meal sauce spoiled breakfast taste,Canteen,Medium,synth_highacc,9,0
cheap curry pickle worth spoon,Canteen,High,synth_highacc,9,2
reimbursement debit pending deduction arrear,Fees / Finance,Low,synth_highacc,3,1
bullied offence harassed tease guard,Security / Discipline,Medium,synth_highacc,6,0
fare stop refund meter stop,Transport,High,synth_highacc,5,2
the course coordinator for human values is not responding to emails regarding the group project we have a question about the case study but haven t received a reply in five days we need guidance before we proceed with the final report,Academics,Medium,complaint_triage,2,0
grant cashier approved waiver cleared,Fees / Finance,Medium,synth_highacc,3,0
stipend stipend treasury grant deposit,Fees / Finance,Low,synth_highacc,3,1
attestation notary signature examination signature,Administration,Medium,synth_highacc,7,0
report deadline submission grading tutorial,Academics,Low,synth_highacc,2,1
stipend scholarship disbursed cleared fund,Fees / Finance,Low,synth_highacc,3,1
bus overcrowded overcrowded van license,Transport,Medium,synth_highacc,5,0
lunch sabzi delayed egg overcharge,Canteen,Medium,synth_highacc,9,0
thesis result schedule seminar midterm,Academics,High,synth_highacc,2,2
enrollment endorse registration registration procedure,Administration,Low,synth_highacc,7,1
the chairs in the finance waiting area are quite old and some are broken replacing them with a few rows of sturdy benches would provide more seating for the students during the busy admission weeks,Fees / Finance,Low,complaint_triage,3,1
my student email is being flooded with admin notifications for events i never signed up for is there a way to opt out of these mass emails,Administration,Low,complaint_triage,7,1
author reading name magazine catalogue,Library,Medium,synth_highacc,8,0
reading silent citation absent subscription,Library,Low,synth_highacc,8,1
magazine research latest stack shelf,Library,Medium,synth_highacc,8,0
workshop missing registration assignment delayed,Academics,Medium,synth_highacc,2,0
repairman drain urgent maintenance fused,Maintenance,High,synth_highacc,4,2
scholarship disbursement missing for the final semester my name was on the approved list for the merit cum means grant but the funds haven t hit my bank account today is the last date to clear all dues to be eligible for the placement drive starting tomorrow morning if my balance isn t cleared by 5 pm i will be blocked from the interview please check the disbursement status urgently,Fees / Finance,High,complaint_triage,3,2
stalk senior stalking steal rape,Security / Discipline,Medium,synth_highacc,6,0
fiction nonfiction fine periodical subscription,Library,Low,synth_highacc,8,1
almirah cupboard warden stinking bucket,Hostels,High,synth_highacc,1,2
photocopy fiction charges reading photocopy,Library,High,synth_highacc,8,2
taste milk bad milk spoil,Canteen,Low,synth_highacc,9,1
the maintenance sign on the office door is slightly crooked it s a very minor aesthetic issue but leveling it out would give a better impression of the department s attention to detail,Maintenance,Low,complaint_triage,4,1
photocopy almanac machine research subscription,Library,High,synth_highacc,8,2
stipend tax account grant treasury,Fees / Finance,Medium,synth_highacc,3,0
i need to see the hr sharepoint for the audit thing my boss said i should have access for the next two weeks,IT Support,Medium,complaint_triage,0,0
kitchen rice hygiene taste fork,Canteen,High,synth_highacc,9,2
stop tyre skipped parking driver,Transport,Low,synth_highacc,5,1
detergent water over towel heater,Hostels,Medium,synth_highacc,1,0
sabzi snack tea pickle daal,Canteen,High,synth_highacc,9,2
gst bill charges account processed,Fees / Finance,Medium,synth_highacc,3,0
ticket headlight missing diesel stop,Transport,Low,synth_highacc,5,1
my ex boyfriend is standing outside my classroom and won t let me leave he s yelling and making a scene i have a restraining order against him and he s not supposed to be on campus,Security / Discipline,High,complaint_triage,6,2
the academic calendar on the website is different from the one sent via email one shows the mid semester break starting next monday while the other shows it starting the following friday we need a clarification so we can book our travel tickets home,Academics,Medium,complaint_triage,2,0
document notice rejected attestation,Administration,Low,synth_highacc,7,1
receipt netbanking lost finance installment,Fees / Finance,Low,synth_highacc,3,1
pipe worn rusted drain hinge,Maintenance,Low,synth_highacc,4,1
my name is spelled incorrectly on the official graduation list it says jonathon instead of jonathan i ve already submitted the correction form twice but it still hasn t been updated on the portal,Administration,Low,complaint_triage,7,1
training lesson program grade scholar,Academics,Medium,synth_highacc,2,0
investigate surveillance complaint rape sexual,Security / Discipline,Medium,synth_highacc,6,0
finance grant section deposit tuition,Fees / Finance,Low,synth_highacc,3,1
route vehicle changed fuel numberplate,Transport,Medium,synth_highacc,5,0
printer update offline charger slow,IT Support,Low,synth_highacc,0,1
error crash fail vpn cache,IT Support,High,synth_highacc,0,2
shampoo locker finished slow noisy,Hostels,High,synth_highacc,1,2
circular circular clarification registrar clerk,Administration,High,synth_highacc,7,2
invoice late duplicate remit treasury,Fees / Finance,High,synth_highacc,3,2
stole tease laptop corridor abused,Security / Discipline,Medium,synth_highacc,6,0
mess cup quality fork queue,Canteen,Low,synth_highacc,9,1
bug backup desktop log cache crash,IT Support,High,synth_highacc,0,2
authentication mouse invalid usb usb,IT Support,Low,synth_highacc,0,1
ticket battery missing pickup cycle,Transport,Medium,synth_highacc,5,0
investigate cctv matter harrash incident,Security / Discipline,Medium,synth_highacc,6,0
repair plumber urgent mopping leaking,Maintenance,Low,synth_highacc,4,1
shuttle parking cancelled gear ticket,Transport,Medium,synth_highacc,5,0
viva grading conducted thesis thesis,Academics,Low,synth_highacc,2,1
fiction database available print scan,Library,Low,synth_highacc,8,1
smuggling case fraud teasing security,Security / Discipline,High,synth_highacc,6,2
maintenance maintenance needed garbage exposed,Maintenance,Low,synth_highacc,4,1
heater expensive element mosquito mattress,Hostels,Low,synth_highacc,1,1
seminar subject postponed presentation training,Academics,High,synth_highacc,2,2
the bus stop signs are fading and you can t read the route numbers anymore it would be helpful to have them repainted or replaced,Transport,Low,complaint_triage,5,1
scholarship admission form letterhead download,Administration,Low,synth_highacc,7,1
vegetable rotten oily oil bill,Canteen,Medium,synth_highacc,9,0
fixture roof replacement lock socket,Maintenance,High,synth_highacc,4,2
tile sewage broken floor drill,Maintenance,Medium,synth_highacc,4,0
interrogate investigate suspect insulting complaint,Security / Discipline,Low,synth_highacc,6,1
installment invoice plan cashier transfer,Fees / Finance,High,synth_highacc,3,2
warden drainage tap hostel,Hostels,Medium,synth_highacc,1,0
stamp seal seal issue submit,Administration,High,synth_highacc,7,2
stolen stolen incident harassment bullied,Security / Discipline,Medium,synth_highacc,6,0
report lesson submission mentor missing,Academics,High,synth_highacc,2,2
laundry toilet service soap laundry,Hostels,High,synth_highacc,1,2
overcharge counter breakfast water water,Canteen,Medium,synth_highacc,9,0
suspicious scam insulting stranger insulting,Security / Discipline,Low,synth_highacc,6,1
threatened environment killed murder weapon,Security / Discipline,Low,synth_highacc,6,1
thesis viva professor seminar lecture,Academics,High,synth_highacc,2,2
snack sauce items canteen rate,Canteen,Low,synth_highacc,9,1
lecture group timing mentor postpone,Academics,Low,synth_highacc,2,1
registration submission deadline examination verification,Administration,Low,synth_highacc,7,1
grill repair welding cleaning repairman,Maintenance,Low,synth_highacc,4,1
salad bill tea sauce expensive,Canteen,Low,synth_highacc,9,1
charges brake extra driver fuel,Transport,Low,synth_highacc,5,1
authentication firmware invalid cloud adapter,IT Support,High,synth_highacc,0,2
grill fuse welding hole bulb,Maintenance,Medium,synth_highacc,4,0
alcohol danger consumption bully weapon,Security / Discipline,High,synth_highacc,6,2
the seats in the back of the bus are ripped and the foam is coming out it looks terrible and makes the whole campus look bad to visitors,Transport,Low,complaint_triage,5,1
payment transaction receipt refund loan,Fees / Finance,Medium,synth_highacc,3,0
vpn adapter routing speed software,IT Support,Low,synth_highacc,0,1
bill oil overcharge sauce tea,Canteen,Medium,synth_highacc,9,0
bucket dirty cracked stinking staircase,Hostels,Medium,synth_highacc,1,0
crack pipe wall dust bulb,Maintenance,High,synth_highacc,4,2
meter pickup tampered traffic rickshaw,Transport,Low,synth_highacc,5,1
driver vehicle speeding headlight horn,Transport,Low,synth_highacc,5,1
cook canteen glass curry plate,Canteen,Medium,synth_highacc,9,0
project cancel guide cancel notebook,Academics,Medium,synth_highacc,2,0
vandalism culprit property security abusing,Security / Discipline,Medium,synth_highacc,6,0
i saw a group of people jumping the fence into the campus pool after it was closed they were drinking and pushing each other into the deep end there s no lifeguard on duty,Security / Discipline,Medium,complaint_triage,6,0
lesson delayed difficult exam schedule,Academics,Medium,synth_highacc,2,0
chapter subject summary group textbook,Academics,High,synth_highacc,2,2
ram usb upgrade authentication bandwidth,IT Support,High,synth_highacc,0,2
card abstract renewal book almanac,Library,High,synth_highacc,8,2
fixture garbage replacement maintenance jammed,Maintenance,Medium,synth_highacc,4,0
membership card renewal author fiction,Library,High,synth_highacc,8,2
tax deposit deduction transfer remit,Fees / Finance,Medium,synth_highacc,3,0
electrician brick wiring cement drain,Maintenance,High,synth_highacc,4,2
suggestion for better lighting in the backyard path the walkway between the hostel and the mess is very dark after 7 pm it s easy to trip on the uneven pavement there adding a couple of led lamps would make it much safer for everyone,Hostels,Medium,complaint_triage,1,0
payment outstanding failed transaction balance,Fees / Finance,Low,synth_highacc,3,1
warden soap permission ventilator water,Hostels,Medium,synth_highacc,1,0
section aisle zone abstract aisle,Library,High,synth_highacc,8,2
treasury bill department fee cashier,Fees / Finance,High,synth_highacc,3,2
wifi bluetooth log dropping bandwidth,IT Support,Low,synth_highacc,0,1
edition reading outdated book article,Library,High,synth_highacc,8,2
accessibility tools disabled on lab image narrator and high contrast are unavailable i rely on them for reading navigation is there an accessibility profile you can enable i can use a designated station if needed not urgent but important please advise the approved process thanks for supporting accessibility,IT Support,Low,complaint_triage,0,1
report lecturer submission result schedule,Academics,Medium,synth_highacc,2,0
journal journal missing borrow scan,Library,High,synth_highacc,8,2
stalk theft stalking robbery fir,Security / Discipline,Medium,synth_highacc,6,0
upload router usb scanner mouse,IT Support,Medium,synth_highacc,0,0
soap geyser missing hanger mosquito,Hostels,Medium,synth_highacc,1,0
taste tea overcharge hygiene chapati,Canteen,High,synth_highacc,9,2
crack repairman repair worn replace,Maintenance,High,synth_highacc,4,2
grant loan approved cleared waiver,Fees / Finance,Medium,synth_highacc,3,0
reading membership area membership edition,Library,Medium,synth_highacc,8,0
canteen rice rice sauce,Canteen,Low,synth_highacc,9,1
lunch spoil vegetable breakfast stale,Canteen,Medium,synth_highacc,9,0
assignment project feedback textbook internship,Academics,High,synth_highacc,2,2
hostel flush chair slow,Hostels,Low,synth_highacc,1,1
account fee credited tax tuition,Fees / Finance,Medium,synth_highacc,3,0
blanket mattress cupboard noisy blanket,Hostels,High,synth_highacc,1,2
magazine borrow torn book article,Library,Low,synth_highacc,8,1
journal thesis missing fine almanac,Library,Low,synth_highacc,8,1
inverter dirty backup water roommate,Hostels,Low,synth_highacc,1,1
slipper window torn laundry mug,Hostels,High,synth_highacc,1,2
report notebook submission score delayed,Academics,Medium,synth_highacc,2,0
queue curry tea counter vegetable,Canteen,High,synth_highacc,9,2
bill rotten chicken rate cook,Canteen,High,synth_highacc,9,2
conductor rickshaw rude rickshaw pickup,Transport,Medium,synth_highacc,5,0
projector charger blurry wlan install,IT Support,Low,synth_highacc,0,1
reference card desk overdue zone,Library,Medium,synth_highacc,8,0
project score guide delay teacher,Academics,Low,synth_highacc,2,1
the privacy screen in the girls shower area is torn it s a thick plastic curtain but the rings have pulled through the top it provides very little privacy now requesting a new heavy duty curtain to be installed,Maintenance,Medium,complaint_triage,4,0
fee penalty waiver cleared grant,Fees / Finance,High,synth_highacc,3,2
video calls stutter when screen sharing audio is fine until sharing starts then frames drop and lag appears bandwidth tests look strong this is stressful in presentations any gpu scheduling or teams optimization tips happy to run diagnostics thanks,IT Support,Medium,complaint_triage,0,0
headlight taillight meter seat fuel,Transport,High,synth_highacc,5,2
scanner portal detecting configure modem,IT Support,High,synth_highacc,0,2
smoke smuggling banned haras caught,Security / Discipline,Medium,synth_highacc,6,0
sewage jammed backup garbage plumber,Maintenance,High,synth_highacc,4,2
grant invoice approved cashier stipend,Fees / Finance,Medium,synth_highacc,3,0
patrol harass increased thief suspicious,Security / Discipline,Low,synth_highacc,6,1
cycle bicycle license rickshaw charges,Transport,Medium,synth_highacc,5,0
server ip maintenance update latency,IT Support,Low,synth_highacc,0,1
paint fuse peeling plumber ladder,Maintenance,Medium,synth_highacc,4,0
attack environment robbery thieves cctv,Security / Discipline,Medium,synth_highacc,6,0
my parking permit was mailed to the wrong dorm someone else now has a permit that i paid 200 for and i m getting tickets for parking without one,Administration,Medium,complaint_triage,7,0
abstract card journal absent bibliography,Library,High,synth_highacc,8,2
syllabus schedule incomplete lecture curriculum,Academics,Low,synth_highacc,2,1
the late fee keeps increasing every day even though the bank was closed for a public holiday we couldn t make the transfer because the servers were down and the branch was shut we request a two day extension on the grace period for the july batch,Fees / Finance,Medium,complaint_triage,3,0
dinner cook served rate menu,Canteen,High,synth_highacc,9,2
training textbook program answer absent,Academics,Low,synth_highacc,2,1
taillight charges damaged petrol driver,Transport,Low,synth_highacc,5,1
stamp seal sworn stamp dean,Administration,Low,synth_highacc,7,1
roommate stinking noisy blanket washroom,Hostels,Medium,synth_highacc,1,0
upload software software scanner patch,IT Support,Medium,synth_highacc,0,0
parking van fee taxi windscreen,Transport,High,synth_highacc,5,2
headlight taillight taillight tyre taillight,Transport,Medium,synth_highacc,5,0
dinner cheap spoon snack salad,Canteen,Low,synth_highacc,9,1
diesel taxi petrol horn taxi,Transport,Medium,synth_highacc,5,0
cctv theft footage security examined hostel,Security / Discipline,High,synth_highacc,6,2
modem bluetooth signal firewall password,IT Support,Low,synth_highacc,0,1
threaten hostel life stalk evidence,Security / Discipline,High,synth_highacc,6,2
someone is consistently stealing packages from the mailroom area my textbook was delivered yesterday but when i went to pick it up the box was gone many others are complaining too,Security / Discipline,Medium,complaint_triage,6,0
evidence stranger steal interrogate alcohol,Security / Discipline,High,synth_highacc,6,2
report chapter submission scholar schedule,Academics,High,synth_highacc,2,2
ethernet bandwidth wlan laptop wifi,IT Support,Medium,synth_highacc,0,0
arrest stole suspect steal smoke,Security / Discipline,Medium,synth_highacc,6,0
citation shelf format nonfiction rack,Library,High,synth_highacc,8,2
return shelf reminder citation counter,Library,Medium,synth_highacc,8,0
form hostel download migration download,Administration,Low,synth_highacc,7,1
suspicious vandalism activity hostel harrass,Security / Discipline,Low,synth_highacc,6,1
penalty due late transfer penalty,Fees / Finance,High,synth_highacc,3,2
certificate procedure delayed circular clerk,Administration,High,synth_highacc,7,2
i d like to suggest that the university uses a more modern platform for course registration the current 90s style interface is incredibly hard to use on mobile devices,Administration,Low,complaint_triage,7,1
alcohol suspicious consumption sexually molest,Security / Discipline,Medium,synth_highacc,6,0
bandwidth cloud insufficient authentication scanner,IT Support,High,synth_highacc,0,2
regulation missing verification guideline submission,Administration,Low,synth_highacc,7,1
bunk locker roommate locker balcony,Hostels,Low,synth_highacc,1,1
vpn wifi port server bandwidth,IT Support,Low,synth_highacc,0,1
clerk signature registrar admission requested,Administration,Low,synth_highacc,7,1
refund treasury process fund refund,Fees / Finance,High,synth_highacc,3,2
mess hygiene coffee food counter,Canteen,High,synth_highacc,9,2
hinge construction rusted leaking cracked,Maintenance,Low,synth_highacc,4,1
pending registration application notice fee,Administration,High,synth_highacc,7,2
keyboard mouse log upload hardware,IT Support,High,synth_highacc,0,2
sexually unsafe abusing harassment smuggling,Security / Discipline,Medium,synth_highacc,6,0
scholarship payable payment tuition delayed,Fees / Finance,Medium,synth_highacc,3,0
carpenter mopping peeling leak drill,Maintenance,Medium,synth_highacc,4,0
result postpone published lecturer scholar,Academics,High,synth_highacc,2,2
ceiling fix damp door tube,Maintenance,Medium,synth_highacc,4,0
plaster plumber falling plumber burst,Maintenance,High,synth_highacc,4,2
accused insulting fir witness steals,Security / Discipline,High,synth_highacc,6,2
i m trying to register for my final year electives but the system says i haven t completed the prerequisites for advanced ai even though i passed the introductory course last semester with an a the registration window closes in two hours and the class is almost full,Administration,High,complaint_triage,7,2
ragging harrass stopped harass stalk,Security / Discipline,Low,synth_highacc,6,1
hardware rebooting firmware error battery,IT Support,Low,synth_highacc,0,1
budget stipend allocation card processed,Fees / Finance,Medium,synth_highacc,3,0
nonfiction magazine collection section overdue,Library,Medium,synth_highacc,8,0
lost my room keys and phone inside the locked room i am locked out of room 332 and have no way to contact anyone or access my meds which are inside i need the master key or a locksmith to help me get back in urgently,Hostels,High,complaint_triage,1,2
maintenance cracked needed repair cleaning,Maintenance,High,synth_highacc,4,2
stamp seal clerk admission attestation,Administration,Medium,synth_highacc,7,0
mess canteen worth food salad,Canteen,Low,synth_highacc,9,1
fuel stop shortage parking route,Transport,Medium,synth_highacc,5,0
photocopy author zone print available,Library,Low,synth_highacc,8,1
bus diesel gear numberplate,Transport,Low,synth_highacc,5,1
the hand dryers in the washroom take a long time to start there s a bit of a delay with the sensor it s not a big deal but maybe the sensitivity could be adjusted by the maintenance team,Hostels,Low,complaint_triage,1,1
drainage pillow mattress tap mattress,Hostels,High,synth_highacc,1,2
tease harrash sexual kidnap report,Security / Discipline,High,synth_highacc,6,2
nonfiction search collection reference author,Library,High,synth_highacc,8,2
traffic overcrowded jam provided overcrowded,Transport,Medium,synth_highacc,5,0
plumber exposed maintenance door,Maintenance,Medium,synth_highacc,4,0
installment bank option processed processed,Fees / Finance,High,synth_highacc,3,2
auto rickshaw ticket windscreen ticket,Transport,Low,synth_highacc,5,1
theft threatened reported fight drugs,Security / Discipline,High,synth_highacc,6,2
reimbursement invoice pending fee due,Fees / Finance,High,synth_highacc,3,2
vandalism haras property ragging steal,Security / Discipline,High,synth_highacc,6,2
dinner egg served pickle canteen,Canteen,High,synth_highacc,9,2
drill maintenance noise tube maintenance,Maintenance,Low,synth_highacc,4,1
software protocol configure update software,IT Support,High,synth_highacc,0,2
antivirus firmware driver firewall upload,IT Support,Medium,synth_highacc,0,0
the direct debit setup for my monthly mess bill failed this month i have enough balance in my account so the issue might be on the university s end i don t want to be hit with a late fine for a technical error please check the mandate status,Fees / Finance,Medium,complaint_triage,3,0
unsafe danger feel drugs accused,Security / Discipline,Medium,synth_highacc,6,0
pillow heating flat pillow door,Hostels,Low,synth_highacc,1,1
teams notifications randomly silent missing mentions causes confusion in group work any stable fix would help,IT Support,Medium,complaint_triage,0,0
conductor vehicle rude parking windscreen,Transport,Low,synth_highacc,5,1
publisher edition details borrow desk,Library,High,synth_highacc,8,2
report chapter submission answer practical,Academics,High,synth_highacc,2,2
quiz missing scholar assignment training,Academics,Low,synth_highacc,2,1
fund budget budget tax processed,Fees / Finance,Medium,synth_highacc,3,0
fund budget invoice charges upi,Fees / Finance,Low,synth_highacc,3,1
cup spoon plate glass milk,Canteen,Medium,synth_highacc,9,0
garbage drill removal floor bulb,Maintenance,Medium,synth_highacc,4,0
evidence offence collected cybercrime insult,Security / Discipline,Medium,synth_highacc,6,0
slipper water window bed bucket,Hostels,Medium,synth_highacc,1,0
toilet stinking blocked pillow door,Hostels,High,synth_highacc,1,2
wifi connectivity reboot dropping monitor,IT Support,Low,synth_highacc,0,1
conductor stop rude mirror provided,Transport,Low,synth_highacc,5,1
scholarship transfer reimbursement tuition penalty,Fees / Finance,High,synth_highacc,3,2
tax gst withdrawal audit balance,Fees / Finance,Low,synth_highacc,3,1
construction carpenter debris renovation construction,Maintenance,High,synth_highacc,4,2
stipend bill disbursed upi fund,Fees / Finance,Medium,synth_highacc,3,0
paint plaster socket tile mopping,Maintenance,Low,synth_highacc,4,1
warden heating strict window washroom,Hostels,High,synth_highacc,1,2
hostel window door detergent,Hostels,High,synth_highacc,1,2
horn battery not bicycle van,Transport,High,synth_highacc,5,2
download port stuck ram reboot,IT Support,Medium,synth_highacc,0,0
fee deposit waiver arrear payment,Fees / Finance,Medium,synth_highacc,3,0
harrash injured complaint robbery fought,Security / Discipline,Low,synth_highacc,6,1
tile pipe leaking hole wrench,Maintenance,Low,synth_highacc,4,1
warden detergent detergent stinking,Hostels,Low,synth_highacc,1,1
table exhaust wobbling mattress service,Hostels,Low,synth_highacc,1,1
hammer construction pane screwdriver fixture,Maintenance,High,synth_highacc,4,2
evidence case corridor interrogate senior,Security / Discipline,Low,synth_highacc,6,1
table mattress wobbling bunk mattress,Hostels,Low,synth_highacc,1,1
edition silent outdated almanac desk,Library,High,synth_highacc,8,2
membership subscription expire subscription journal,Library,Medium,synth_highacc,8,0
hostel chair pillow towel,Hostels,High,synth_highacc,1,2
membership periodical expire periodical reading,Library,Low,synth_highacc,8,1
autocad sluggish after lab image update large drawings now take minutes to pan zoom disabling hardware acceleration didn t help gpu drivers appear current please suggest stable versions or configs deadlines are approaching this stresses the workflow logs available if needed thanks for your help,IT Support,Medium,complaint_triage,0,0
mess water quality taste oil,Canteen,Medium,synth_highacc,9,0
shuttle van conductor taxi accident,Transport,Low,synth_highacc,5,1
tutorial professor assignment exam project,Academics,High,synth_highacc,2,2
stamp seal guideline certificate signature,Administration,High,synth_highacc,7,2
silent penalty zone bibliography scan,Library,Low,synth_highacc,8,1
numberplate fuel seat driver helmet,Transport,Low,synth_highacc,5,1
windscreen diesel broken fare auto,Transport,Low,synth_highacc,5,1
scholarship signature form dean certificate,Administration,High,synth_highacc,7,2
tea sabzi cold food fresh,Canteen,Low,synth_highacc,9,1
hygiene worth poor milk stale,Canteen,Medium,synth_highacc,9,0
certificate submit delayed attestation stamp,Administration,Medium,synth_highacc,7,0
parking stop full battery brake,Transport,High,synth_highacc,5,2
curtain expensive slow geyser locker,Hostels,High,synth_highacc,1,2
schedule taillight delayed fare mandatory,Transport,Low,synth_highacc,5,1
curtain bathroom mosquito geyser shampoo,Hostels,Medium,synth_highacc,1,0
rotten canteen meal spoil price,Canteen,Medium,synth_highacc,9,0
repair tube urgent fix worn,Maintenance,Low,synth_highacc,4,1
penalty book librarian membership search,Library,Low,synth_highacc,8,1
milk snack drink food snack,Canteen,High,synth_highacc,9,2
application admission rejected download bonafide,Administration,High,synth_highacc,7,2
crack valve electrician hole cleaning,Maintenance,Low,synth_highacc,4,1
socket fuse stair screwdriver dust,Maintenance,Low,synth_highacc,4,1
notary transfer attest circular guideline,Administration,Medium,synth_highacc,7,0
stop fare skipped schedule gear,Transport,Low,synth_highacc,5,1
sexual trespass harrash abusing insult,Security / Discipline,High,synth_highacc,6,2
oil taste juice plate lunch,Canteen,Low,synth_highacc,9,1
construction door debris repair leak,Maintenance,Low,synth_highacc,4,1
traffic parking jam fuel mandatory,Transport,Medium,synth_highacc,5,0
weapon evidence seized robbery danger,Security / Discipline,High,synth_highacc,6,2
raped complaint assaulted threatened prohibited,Security / Discipline,High,synth_highacc,6,2
one of the four burners in the hostel pantry is not working the ignition sparks but the flame won t catch so there is always a faint smell of gas when someone tries to use it it makes cooking very slow during the evening rush please have it serviced,Maintenance,Medium,complaint_triage,4,0
windscreen seat broken indicator shuttle,Transport,Low,synth_highacc,5,1
verification deadline dean attestation enrollment,Administration,Medium,synth_highacc,7,0
wire switch paint valve paint,Maintenance,Low,synth_highacc,4,1
keyboard mouse printer bandwidth install,IT Support,Low,synth_highacc,0,1
cleaning repair required sweeping lock,Maintenance,High,synth_highacc,4,2
scholar exam registration teacher presentation,Academics,Low,synth_highacc,2,1
the stairs on the 42nd street bus are becoming loose and wobbly i saw a student trip and nearly fall off the vehicle this morning this needs to be fixed before the metal completely gives way,Transport,High,complaint_triage,5,2
snack meal items oil canteen,Canteen,High,synth_highacc,9,2
milk mess lunch food counter,Canteen,High,synth_highacc,9,2
renew expiring certificate for internal app monitoring shows the cert expires in 10 days please renew and deploy across environments include intermediate chain validation kindly confirm completion,IT Support,Medium,complaint_triage,0,0
locker locker key towel expensive,Hostels,Low,synth_highacc,1,1
projector firmware blurry error motherboard,IT Support,Low,synth_highacc,0,1
wrench ladder fused garbage ceiling,Maintenance,Low,synth_highacc,4,1
door damage jammed crack cracked,Maintenance,High,synth_highacc,4,2
official circular document guideline stamp,Administration,Medium,synth_highacc,7,0
the benches in the courtyard could use a fresh coat of varnish the wood is starting to look a bit weathered from the sun and rain it would help preserve them for the coming years,Hostels,Low,complaint_triage,1,1
geyser mug leaking expensive inverter,Hostels,Medium,synth_highacc,1,0
gear indicator tyre fare cycle,Transport,Low,synth_highacc,5,1
bulb brick fused cleaning damage,Maintenance,Medium,synth_highacc,4,0
the hand sanitizer dispenser outside the main library has been empty for a few days it s a good habit to use it before entering the common area so it would be great if it could be refilled,Academics,Low,complaint_triage,2,1
arrest violence made haras bullied,Security / Discipline,Low,synth_highacc,6,1
coffee plate bitter milk juice,Canteen,High,synth_highacc,9,2
deposit concession refund fund netbanking,Fees / Finance,Medium,synth_highacc,3,0
balcony dirty geyser corridor hanger,Hostels,High,synth_highacc,1,2
scholar postpone registration practical scholar,Academics,Medium,synth_highacc,2,0
photocopy zone machine stack subscription,Library,Low,synth_highacc,8,1
the shuttle stop at the student union is always crowded and there s no clear line it s just a mass of people shoving to get on we need some railings to organize the queue,Transport,Low,complaint_triage,5,1
pipeline brick leakage hinge socket,Maintenance,High,synth_highacc,4,2
tea hygiene pickle coffee lunch,Canteen,Medium,synth_highacc,9,0
detergent service over table sink,Hostels,High,synth_highacc,1,2
registrar dean processing dean notice,Administration,High,synth_highacc,7,2
investigate drugs complaint smuggling teased,Security / Discipline,High,synth_highacc,6,2
my transfer credits from my previous university still haven t appeared on my record after four months this is preventing me from enrolling in upper level courses i ve sent the syllabus three times now,Administration,Medium,complaint_triage,7,0
letterhead seal format scholarship submit,Administration,Medium,synth_highacc,7,0
bank challan not accepted at the counter i stood in line for three hours only to be told the format changed this morning no one informed the students i have the cash and the old form and today is the deadline please accept the payment or provide a grace period,Fees / Finance,High,complaint_triage,3,2
scholarship receipt renewal arrear invoice,Fees / Finance,Low,synth_highacc,3,1
the finance news ticker on the lobby tv is moving too fast it s almost impossible to read the scholarship dates before they scroll off the screen slowing it down by half would be very helpful,Fees / Finance,Low,complaint_triage,3,1
what is the hostel application procedure,Academics,Low,query_test,2,1
arrest security made bullied accused,Security / Discipline,Medium,synth_highacc,6,0
charges conductor extra windscreen cycle,Transport,Medium,synth_highacc,5,0
hygiene cook poor hygiene tea,Canteen,Medium,synth_highacc,9,0
fought hostel injured evidence steals,Security / Discipline,Low,synth_highacc,6,1
certificate verification hostel application application,Administration,High,synth_highacc,7,2
harass theft harass bully stranger,Security / Discipline,Medium,synth_highacc,6,0
bullied smuggling harassed harass attack,Security / Discipline,Medium,synth_highacc,6,0
card catalogue nonfiction silent borrow,Library,Medium,synth_highacc,8,0
report grading submission mentor paper,Academics,Medium,synth_highacc,2,0
deduction invoice wrong cleared cleared,Fees / Finance,Medium,synth_highacc,3,0
helmet seat mandatory license schedule,Transport,Low,synth_highacc,5,1
authentication scanner invalid desktop adapter,IT Support,High,synth_highacc,0,2
spoon cheap food fork queue,Canteen,Medium,synth_highacc,9,0
fight report broke vandalism abusing,Security / Discipline,Low,synth_highacc,6,1
tuition credit remission scholarship credit,Fees / Finance,Low,synth_highacc,3,1
dust cleaning accumulation fixture pane,Maintenance,Medium,synth_highacc,4,0
mosquito slow net expensive toilet,Hostels,High,synth_highacc,1,2
submission hostel late examination affidavit,Administration,Medium,synth_highacc,7,0
cup worth snack glass plate,Canteen,High,synth_highacc,9,2
vpn port software server cache,IT Support,High,synth_highacc,0,2
locker service key geyser hanger,Hostels,Medium,synth_highacc,1,0
fund budget cashier due audit,Fees / Finance,Medium,synth_highacc,3,0
indicator cycle broken indicator schedule,Transport,High,synth_highacc,5,2
weapon teased seized fir teasing,Security / Discipline,Medium,synth_highacc,6,0
the question bank provided for the microprocessor course contains several errors in the solved examples students are getting confused while practicing for the internals can a corrected version be vetted by a senior faculty member and re uploaded,Academics,Medium,complaint_triage,2,0
plaster leaking falling leaking fixture,Maintenance,Low,synth_highacc,4,1
reboot shutdown password shutdown monitor,IT Support,Medium,synth_highacc,0,0
newspaper fine rack article print,Library,Medium,synth_highacc,8,0
warden cotton stinking bathroom,Hostels,High,synth_highacc,1,2
gear indicator traffic traffic stop,Transport,Low,synth_highacc,5,1
pipe leaking rusted gutter handle,Maintenance,Medium,synth_highacc,4,0
reading overdue area desk book,Library,Medium,synth_highacc,8,0
account stipend credited invoice credit,Fees / Finance,Low,synth_highacc,3,1
report grading diploma lecture degree,Academics,High,synth_highacc,2,2
practical quiz schedule viva internship,Academics,High,synth_highacc,2,2
smoke working banned fought cybercrime,Security / Discipline,High,synth_highacc,6,2
fought sexually injured accused stalk,Security / Discipline,Low,synth_highacc,6,1
computer projector wlan laptop projector,IT Support,Low,synth_highacc,0,1
bluetooth antivirus pairing bug install,IT Support,Medium,synth_highacc,0,0
inverter stinking backup hanger curtain,Hostels,High,synth_highacc,1,2
bonafide policy certificate enrollment status,Administration,Medium,synth_highacc,7,0
silent expired zone zone article,Library,Low,synth_highacc,8,1
balance reimbursement enquiry pending online,Fees / Finance,Medium,synth_highacc,3,0
bus license shuttle accident,Transport,High,synth_highacc,5,2
receipt tax generated transaction loan,Fees / Finance,Medium,synth_highacc,3,0
trespass steal prohibited vandalism violence,Security / Discipline,Medium,synth_highacc,6,0
parking parking full vehicle ticket,Transport,Low,synth_highacc,5,1
hostel water slipper cupboard,Hostels,Low,synth_highacc,1,1
marks diploma incorrect presentation delay,Academics,Medium,synth_highacc,2,0
request for a breakdown of the general amenities fee every year we pay 15 000 for this but there is no transparency on what it covers the gym is broken and the common rooms are dusty we would like an itemized list of where this money is being spent before the next installment is due,Fees / Finance,Medium,complaint_triage,3,0
steal complaint caught teasing arrest,Security / Discipline,Low,synth_highacc,6,1
route numberplate diversion rickshaw schedule,Transport,High,synth_highacc,5,2
warden detergent slow hostel,Hostels,Low,synth_highacc,1,1
book stack damaged database section,Library,Medium,synth_highacc,8,0
stamp seal clerk deadline dean,Administration,Low,synth_highacc,7,1
reference zone section fine counter,Library,Low,synth_highacc,8,1
the door to the faculty restroom has a coat of paint that is slightly uneven near the bottom it s a very minor aesthetic flaw that probably occurred during the last touch up re sanding and a quick thin coat would smooth it out,Maintenance,Low,complaint_triage,4,1
finance gst office stipend outstanding,Fees / Finance,High,synth_highacc,3,2
numberplate van route driver license,Transport,Low,synth_highacc,5,1
protocol dns monitor bug modem,IT Support,Medium,synth_highacc,0,0
download ip speed fail slow port,IT Support,Low,synth_highacc,0,1
due charges date remit credited,Fees / Finance,Low,synth_highacc,3,1
the notices on the bulletin board are often pinned on top of each other it would be better if the older expired notices were removed weekly to make room for the new academic announcements,Academics,Low,complaint_triage,2,1
paint mopping peeling lock wire,Maintenance,Low,synth_highacc,4,1
the system won t let me register for my capstone project because it says i m not a senior but i have 95 credits i need someone to manualy override my status so i can graduate on time,Administration,High,complaint_triage,7,2
cashier transaction counter transfer late,Fees / Finance,Medium,synth_highacc,3,0
deadline deadline extension certificate signature,Administration,Medium,synth_highacc,7,0
garbage plaster removal drain sweeping,Maintenance,Medium,synth_highacc,4,0
registrar status office certificate submit,Administration,High,synth_highacc,7,2
bullied smoke harassed witness scam,Security / Discipline,Low,synth_highacc,6,1
the back gate of the university is often left propped open with a rock so people can get in without their ids this completely defeats the purpose of having a fenced campus,Security / Discipline,Medium,complaint_triage,6,0
a student just collapsed in the hallway and is having a seizure there s no one around who knows first aid we need medical assistance at the west wing immediately,Security / Discipline,High,complaint_triage,6,2
assignment postpone feedback postpone cancel,Academics,Medium,synth_highacc,2,0
college hackathon management was very poor and disorganized,Administration,Medium,manual,7,0
wire switch leaking maintenance cement,Maintenance,Medium,synth_highacc,4,0
socket fuse loose door urgent,Maintenance,High,synth_highacc,4,2
signature form required examination processing,Administration,Medium,synth_highacc,7,0
mosquito blanket infestation soap washroom,Hostels,Low,synth_highacc,1,1
offence steal serious surveillance tease,Security / Discipline,Low,synth_highacc,6,1
the 11 00 pm shuttle stop is located in a very isolated area with no cctv i saw someone suspicious hanging around there last night and i think the stop should be moved closer to the well lit main road for student safety,Transport,High,complaint_triage,5,2
the finance section on the student app is quite slow it takes a long time to load the payment history a quick optimization update for the mobile version of the portal would be appreciated by the student community,Fees / Finance,Low,complaint_triage,3,1
sabzi counter dinner pickle salad,Canteen,High,synth_highacc,9,2
fee waiver pending audit application,Fees / Finance,High,synth_highacc,3,2
deduction gst extra waiver cashier,Fees / Finance,Low,synth_highacc,3,1
journal journal missing silent abstract,Library,High,synth_highacc,8,2
fiction nonfiction author card index,Library,Medium,synth_highacc,8,0
payment online gateway grant audit,Fees / Finance,High,synth_highacc,3,2
report fraud bully case case,Security / Discipline,Low,synth_highacc,6,1
notice affidavit board migration pending,Administration,Medium,synth_highacc,7,0
document processing verification dean document,Administration,Low,synth_highacc,7,1
pipeline grill cleaning fixture exposed,Maintenance,Medium,synth_highacc,4,0
pipe cracked joint wrench plaster,Maintenance,Medium,synth_highacc,4,0
treasury gst department payable budget,Fees / Finance,Medium,synth_highacc,3,0
the morning shuttle at 8 30 am is always completely packed many students are forced to stand right next to the driver s seat or wait for the next one which makes them late for their first lecture it would be great if an extra bus could be added for this specific slot,Transport,Low,complaint_triage,5,1
regulation sworn strict issue stamp,Administration,High,synth_highacc,7,2
price chapati glass expensive overcharge,Canteen,Medium,synth_highacc,9,0
examination application form approval download,Administration,Medium,synth_highacc,7,0
login portal ssd latency reboot,IT Support,High,synth_highacc,0,2
suspicious raped raped stranger working,Security / Discipline,Low,synth_highacc,6,1
towel detergent rough slow exhaust,Hostels,Low,synth_highacc,1,1
queue spoil pickle counter drink,Canteen,Medium,synth_highacc,9,0
guideline requested followed seal notarized,Administration,Low,synth_highacc,7,1
tea sauce kitchen coffee salad,Canteen,Low,synth_highacc,9,1
almanac volume fine bibliography shelf,Library,Low,synth_highacc,8,1
leak stair water floor handle,Maintenance,High,synth_highacc,4,2
battery fail draining computer hardware,IT Support,Low,synth_highacc,0,1
crack fuse window hole gutter,Maintenance,Medium,synth_highacc,4,0
washroom toilet geyser water strict,Hostels,Medium,synth_highacc,1,0
desk periodical staff photocopy subscription,Library,Low,synth_highacc,8,1
sewage tube backup jammed replace,Maintenance,Low,synth_highacc,4,1
penalty scholarship late invoice interest,Fees / Finance,Medium,synth_highacc,3,0
outstanding concession amount statement receipt,Fees / Finance,Low,synth_highacc,3,1
vpn down disconnecting charger restart,IT Support,Medium,synth_highacc,0,0
internet latency slow bug latency,IT Support,High,synth_highacc,0,2
windscreen taxi broken pickup horn,Transport,Low,synth_highacc,5,1
i just found out that my financial aid was reduced by 50 without any prior notice i can t afford the remaining balance and i ll have to drop out this week if this isn t corrected,Administration,High,complaint_triage,7,2
software network license storage slow,IT Support,Low,synth_highacc,0,1
borrow journal limit subscription reading,Library,Medium,synth_highacc,8,0
fan almirah speed washroom service,Hostels,High,synth_highacc,1,2
drain door overflowing wrench valve,Maintenance,High,synth_highacc,4,2
projector backup antivirus cable storage,IT Support,High,synth_highacc,0,2
drill pipeline noise stair floor,Maintenance,Low,synth_highacc,4,1
status regulation status notary issue,Administration,Medium,synth_highacc,7,0
pickup driver missed clutch mirror,Transport,High,synth_highacc,5,2
cycle bicycle schedule traffic ticket,Transport,Medium,synth_highacc,5,0
electrician pipe wiring peeling plaster,Maintenance,Medium,synth_highacc,4,0
socket switch loose drain mopping,Maintenance,High,synth_highacc,4,2
plumber leak tap wrench burst,Maintenance,High,synth_highacc,4,2
the paint in the study room is peeling in one corner it s not a major issue but it makes the room look a bit neglected it would be nice to have it touched up during the next maintenance cycle,Hostels,Low,complaint_triage,1,1
internship subject opportunity professor credit,Academics,Low,synth_highacc,2,1
carpenter dust furniture hammer door,Maintenance,Medium,synth_highacc,4,0
brake clutch schedule fuel parking,Transport,Low,synth_highacc,5,1
thesis aisle binding index edition,Library,High,synth_highacc,8,2
search locate fiction penalty thesis,Library,High,synth_highacc,8,2
bucket water cracked slow expensive,Hostels,Low,synth_highacc,1,1
textbook delay unavailable lecturer mentor,Academics,High,synth_highacc,2,2
affidavit attestation sworn signature dean,Administration,Medium,synth_highacc,7,0
approval notarized awaited migration application,Administration,High,synth_highacc,7,2
ceiling pipeline damp bulb leaking,Maintenance,Medium,synth_highacc,4,0
sewage burst smell cleaning tile,Maintenance,Medium,synth_highacc,4,0
publisher shelf details subscription librarian,Library,Low,synth_highacc,8,1
scan counter document section magazine,Library,Medium,synth_highacc,8,0
wire wire exposed drill maintenance,Maintenance,Medium,synth_highacc,4,0
thesis tutorial submission missing quiz,Academics,High,synth_highacc,2,2
internet adapter configure network wifi,IT Support,High,synth_highacc,0,2
detergent soap heating hanger window,Hostels,Medium,synth_highacc,1,0
bus battery overcrowded provided route,Transport,Low,synth_highacc,5,1
cashier transaction online loan balance,Fees / Finance,Medium,synth_highacc,3,0
lunch plate curry breakfast food,Canteen,Medium,synth_highacc,9,0
gear horn problem mandatory indicator,Transport,Medium,synth_highacc,5,0
midterm report results lecture degree,Academics,Medium,synth_highacc,2,0
reboot shutdown projector internet antivirus,IT Support,Medium,synth_highacc,0,0
research penalty overdue reference reading,Library,High,synth_highacc,8,2
newspaper nonfiction renew article photocopy,Library,Low,synth_highacc,8,1
stale chicken canteen fresh chapati,Canteen,Low,synth_highacc,9,1
crack gutter wall crack repair,Maintenance,Low,synth_highacc,4,1
curriculum group outdated syllabus curriculum,Academics,Medium,synth_highacc,2,0
heater window element bunk ventilator,Hostels,Low,synth_highacc,1,1
door stinking lock laundry water,Hostels,Low,synth_highacc,1,1
online waiver payment withdrawal bank,Fees / Finance,Medium,synth_highacc,3,0
tile pipe lock hole pipeline,Maintenance,Medium,synth_highacc,4,0
registrar processing processing dean regulation,Administration,High,synth_highacc,7,2
staircase slipper washroom laundry flush,Hostels,High,synth_highacc,1,2
bed water squeaky bunk pillow,Hostels,High,synth_highacc,1,2
reading silent citation catalogue subscription,Library,High,synth_highacc,8,2
there was a physical altercation between two students on the bus this afternoon and the driver didn t do anything to intervene or call security it was a very scary environment and i didn t feel safe staying on the vehicle,Transport,High,complaint_triage,5,2
route cab extended diesel horn,Transport,Low,synth_highacc,5,1
mess taste quality water oil,Canteen,Medium,synth_highacc,9,0
egg hygiene kitchen daal sauce,Canteen,High,synth_highacc,9,2
registration clerk completed pending status,Administration,Medium,synth_highacc,7,0
due budget date treasury deduction,Fees / Finance,Medium,synth_highacc,3,0
shelf index labelling renew overdue,Library,Medium,synth_highacc,8,0
roommate hostel mosquito exhaust,Hostels,Medium,synth_highacc,1,0
pipe floor joint stair brick,Maintenance,Medium,synth_highacc,4,0
thesis notebook approval delay diploma,Academics,High,synth_highacc,2,2
locker cupboard key toilet expensive,Hostels,Low,synth_highacc,1,1
letterhead approval format official rejected,Administration,Low,synth_highacc,7,1
slipper staircase torn flush washroom,Hostels,Low,synth_highacc,1,1
mirror in the washroom is cracked the large mirror above the sinks in the west wing has a big crack across the middle it looks like it might shatter if someone bumps into it for safety reasons it should be replaced soon,Hostels,Medium,complaint_triage,1,0
cab indicator unavailable license diesel,Transport,Medium,synth_highacc,5,0
vpn login bluetooth server monitor,IT Support,High,synth_highacc,0,2
harassment harassed filed murder drugs,Security / Discipline,Low,synth_highacc,6,1
hostel curtain bathroom expensive,Hostels,Low,synth_highacc,1,1
egg daal drink daal spoon,Canteen,High,synth_highacc,9,2
guard stolen sleeping fraud teasing,Security / Discipline,Low,synth_highacc,6,1
unsafe theft feel corridor cybercrime,Security / Discipline,High,synth_highacc,6,2
membership available expire thesis thesis,Library,High,synth_highacc,8,2
laundry bucket service table roommate,Hostels,Medium,synth_highacc,1,0
laundry window service slow tap,Hostels,Medium,synth_highacc,1,0
return counter reminder aisle available,Library,Medium,synth_highacc,8,0
gear indicator diesel license bus,Transport,High,synth_highacc,5,2
drain bulb overflowing drain broken,Maintenance,High,synth_highacc,4,2
server battery maintenance browser install,IT Support,Low,synth_highacc,0,1
status affidavit unknown deadline status,Administration,High,synth_highacc,7,2
drainage window clogged hanger strict,Hostels,High,synth_highacc,1,2
i d like to request a change of my student advisor my current one never replies to emails and has missed our last three scheduled zoom appointments,Administration,Low,complaint_triage,7,1
sexual stole harassment report fir,Security / Discipline,Low,synth_highacc,6,1
fuel van shortage provided gear,Transport,Low,synth_highacc,5,1
notary approval attest registration processing,Administration,High,synth_highacc,7,2
geyser washroom leaking blanket heater,Hostels,Low,synth_highacc,1,1
training curriculum program schedule subject,Academics,Medium,synth_highacc,2,0
evidence danger harassment interrogate assaulted,Security / Discipline,Low,synth_highacc,6,1
print publisher black librarian index,Library,High,synth_highacc,8,2
backup adapter login bandwidth authentication,IT Support,Low,synth_highacc,0,1
volume edition fiction reference journal,Library,High,synth_highacc,8,2
card cleared declined payment cleared,Fees / Finance,Medium,synth_highacc,3,0
membership database renewal catalogue publisher,Library,Medium,synth_highacc,8,0
netbanking upi upi credited balance,Fees / Finance,Medium,synth_highacc,3,0
tutorial missing extra assignment topic,Academics,Low,synth_highacc,2,1
diesel conductor petrol indicator headlight,Transport,Low,synth_highacc,5,1
lecture seminar cancelled placement postpone,Academics,High,synth_highacc,2,2
report kidnap sexual case accused,Security / Discipline,Low,synth_highacc,6,1
hostel flush gate door exhaust,Hostels,Low,synth_highacc,1,1
topic grade unclear credit score,Academics,High,synth_highacc,2,2
arrest steal security offence alcohol,Security / Discipline,Low,synth_highacc,6,1
spoon food oil fork juice,Canteen,Medium,synth_highacc,9,0
plumber leaking tap hinge damage,Maintenance,Low,synth_highacc,4,1
transaction tuition error netbanking transaction,Fees / Finance,Low,synth_highacc,3,1
antivirus configure blocking ram ram,IT Support,Medium,synth_highacc,0,0
install configure computer latency motherboard,IT Support,High,synth_highacc,0,2
rice milk milk chapati spoon,Canteen,Low,synth_highacc,9,1
drainage stinking exhaust tap table,Hostels,Medium,synth_highacc,1,0
warden dirty ventilator ventilator,Hostels,Medium,synth_highacc,1,0
kitchen hygiene hygiene overcharge dinner,Canteen,High,synth_highacc,9,2
tax deduction deduction late audit,Fees / Finance,High,synth_highacc,3,2
project delayed guide absent grading,Academics,Medium,synth_highacc,2,0
the finance portal doesn t allow for partial payments i want to pay 20 000 now and the rest next week but the gateway only allows the full amount to be entered this is a problem for students who are waiting for their parents salaries to be credited,Fees / Finance,Medium,complaint_triage,3,0
vpn scanner disconnecting ethernet ram,IT Support,Medium,synth_highacc,0,0
printer keyboard scanner not connectivity,IT Support,Low,synth_highacc,0,1
someone is shining a high powered laser pointer into the eyes of drivers entering the campus this is incredibly dangerous and could cause a major accident,Security / Discipline,High,complaint_triage,6,2
professor submission report lecture delayed,Academics,High,synth_highacc,2,2
diploma project verification absent mentor,Academics,Medium,synth_highacc,2,0
charges loan cashier outstanding due,Fees / Finance,Medium,synth_highacc,3,0
stop rickshaw missing indicator headlight,Transport,High,synth_highacc,5,2
cement brick cracked switch worn,Maintenance,Low,synth_highacc,4,1
silent reference zone subscription overdue,Library,Low,synth_highacc,8,1
window window shutter bathroom pillow,Hostels,Low,synth_highacc,1,1
the bus stop at the north end is obscured by overgrown bushes drivers can t see students waiting there and often drive right past,Transport,Low,complaint_triage,5,1
sexually kidnap teasing steals corridor,Security / Discipline,Low,synth_highacc,6,1
bucket fan cracked service locker,Hostels,Medium,synth_highacc,1,0
quiz overdue schedule assignment question,Academics,High,synth_highacc,2,2
blanket warden torn washroom blanket,Hostels,High,synth_highacc,1,2
washroom toilet cupboard toilet stinking,Hostels,High,synth_highacc,1,2
stop license skipped van auto,Transport,Low,synth_highacc,5,1
enrollment letterhead confirmed awaiting signature,Administration,Medium,synth_highacc,7,0
we have a bunch of old teams from the seniors who graduated last year can we just archive them all they re just cluttering up the list,IT Support,Low,complaint_triage,0,1
book card damaged abstract shelf,Library,Low,synth_highacc,8,1
guideline guideline followed signature rejected,Administration,Medium,synth_highacc,7,0
payment credit gateway loan online,Fees / Finance,Medium,synth_highacc,3,0
harassment from a faculty member during the viva voce the examiner was making personal comments and used unprofessional language then threatened to fail me regardless of my answers i want to lodge a formal complaint and request a re evaluation with a different panel before the results are finalized,Academics,High,complaint_triage,2,2
guard security sleeping robbery theft,Security / Discipline,Medium,synth_highacc,6,0
geyser blanket leaking bunk cotton,Hostels,Low,synth_highacc,1,1
i lost my wallet on the bus this morning it s a brown leather one with my license and some cash if it s been turned in please let me know i really need those ids back for my internship interview tomorrow,Transport,Medium,complaint_triage,5,0
wire bulb exposed maintenance broken,Maintenance,High,synth_highacc,4,2
database available access card print,Library,Low,synth_highacc,8,1
admission status cancellation document enrollment,Administration,Medium,synth_highacc,7,0
registrar clerk endorse dean issue,Administration,Low,synth_highacc,7,1
mopping brick brick garbage wire,Maintenance,Low,synth_highacc,4,1
bulb switch fused sweeping switch,Maintenance,Low,synth_highacc,4,1
status procedure unknown rejected transfer,Administration,High,synth_highacc,7,2
counter desk index citation newspaper,Library,Medium,synth_highacc,8,0
fee statement reimbursement balance,Fees / Finance,High,synth_highacc,3,2
window flush shutter strict ventilator,Hostels,Medium,synth_highacc,1,0
i was waiting for the bus for 30 minutes and then two buses arrived at the exact same time this happens almost every day the spacing needs to be better,Transport,Medium,complaint_triage,5,0
notary notarized attest form form,Administration,Low,synth_highacc,7,1
deadline submission application signature processing,Administration,High,synth_highacc,7,2
queue menu long plate worth,Canteen,Medium,synth_highacc,9,0
taste salad sabzi hygiene spoil,Canteen,High,synth_highacc,9,2
menu breakfast overcharge quality hygiene,Canteen,Medium,synth_highacc,9,0
steal prohibited caught cctv bully,Security / Discipline,Medium,synth_highacc,6,0
curriculum group outdated mentor viva,Academics,Low,synth_highacc,2,1
the emergency exit handle on bus 309 looks like it s been tampered with it s hanging by a thread and might fall off which seems like a major safety violation,Transport,High,complaint_triage,5,2
professor is refusing to accept my medical certificate for a missed mid sem i was hospitalized during the exam and have provided all the official hospital discharge papers and doctor s notes but the instructor says he has already submitted the marks to the portal i need the academic dean to intervene so i can sit for a make up test before the semester ends,Academics,High,complaint_triage,2,2
bicycle rack is rusting and one of the bars has snapped it has a sharp edge that could scratch someone s leg or puncture a tire it needs a quick weld and a fresh coat of anti rust paint to make it usable again,Maintenance,Medium,complaint_triage,4,0
withdrawal bill processed pending transfer,Fees / Finance,Low,synth_highacc,3,1
charges clutch extra conductor diesel,Transport,High,synth_highacc,5,2
presentation marks grading group final,Academics,High,synth_highacc,2,2
scan database periodical librarian reading,Library,Medium,synth_highacc,8,0
double deduction on the tuition fee portal today i tried paying my semester dues of 45 000 via the gateway but the first transaction showed a timeout i tried again and now both amounts have been debited from my father s bank account this is our entire savings for the month and we need the extra 45 000 reversed immediately to pay for medical bills please verify the transaction ids and initiate the refund,Fees / Finance,High,complaint_triage,3,2
blanket mattress heater flush cotton,Hostels,Medium,synth_highacc,1,0
latency restart computer connectivity display,IT Support,High,synth_highacc,0,2
gutter tube cleaning wire pipeline,Maintenance,High,synth_highacc,4,2
verification circular done attestation fee,Administration,Low,synth_highacc,7,1
sewage fused smell bulb brick,Maintenance,Low,synth_highacc,4,1
fund budget debit audit cashier,Fees / Finance,Low,synth_highacc,3,1
enrollment pending download registration migration,Administration,High,synth_highacc,7,2
my laptop was taken from my desk in the library when i went to the restroom for five minutes i have my final thesis on there and no backup is there any way to check the camera footage for that floor,Security / Discipline,Medium,complaint_triage,6,0
brake bicycle failure taxi traffic,Transport,Medium,synth_highacc,5,0
milk oil mess food snack,Canteen,High,synth_highacc,9,2
ticket horn counter route taillight,Transport,High,synth_highacc,5,2
plaster carpenter falling renovation window,Maintenance,High,synth_highacc,4,2
policy guideline unclear signature form,Administration,Medium,synth_highacc,7,0
workshop curriculum material answer overdue,Academics,Medium,synth_highacc,2,0
browser usb cache desktop keyboard,IT Support,Medium,synth_highacc,0,0
fight laptop broke culprit interrogate,Security / Discipline,Low,synth_highacc,6,1
refund finance process credit card,Fees / Finance,High,synth_highacc,3,2
suspicious injured activity violence bully,Security / Discipline,Low,synth_highacc,6,1
drain sewage sewage paint repairman,Maintenance,High,synth_highacc,4,2
mouse error clicking ethernet dns,IT Support,High,synth_highacc,0,2
auto rickshaw charges cycle mandatory,Transport,High,synth_highacc,5,2
software mouse license install portal,IT Support,High,synth_highacc,0,2
submission document pending verification processing,Administration,High,synth_highacc,7,2
curriculum answer outdated cancel credit,Academics,Low,synth_highacc,2,1
seat numberplate broken shuttle provided,Transport,High,synth_highacc,5,2
transfer verification certificate deadline deadline,Administration,High,synth_highacc,7,2
fought assaulted injured culprit attack,Security / Discipline,Medium,synth_highacc,6,0
borrow photocopy limit database available,Library,Low,synth_highacc,8,1
bully case complaint assaulted insulting,Security / Discipline,Medium,synth_highacc,6,0
mess mess quality canteen fresh,Canteen,Low,synth_highacc,9,1
windscreen parking broken brake fuel,Transport,Medium,synth_highacc,5,0
ceiling window repair exposed fused,Maintenance,Low,synth_highacc,4,1
numberplate driver schedule driver seat,Transport,Medium,synth_highacc,5,0
projector cloud freeze cable adapter,IT Support,Low,synth_highacc,0,1
finance scholarship office upi penalty,Fees / Finance,Medium,synth_highacc,3,0
fought interrogate injured victim suspicious,Security / Discipline,Low,synth_highacc,6,1
reading silent absent fiction scan,Library,Medium,synth_highacc,8,0
trespass camera prohibited drugs corridor,Security / Discipline,Medium,synth_highacc,6,0
cctv harass footage evidence environment,Security / Discipline,High,synth_highacc,6,2
aisle citation light publisher magazine,Library,Low,synth_highacc,8,1
gear schedule problem traffic accident,Transport,High,synth_highacc,5,2
construction plaster debris window cement,Maintenance,Medium,synth_highacc,4,0
tile paint broken garbage plaster,Maintenance,Medium,synth_highacc,4,0
deadline pending extension form submission,Administration,Medium,synth_highacc,7,0
policy scholarship unclear download deadline,Administration,Medium,synth_highacc,7,0
shampoo stinking finished ventilator door,Hostels,Medium,synth_highacc,1,0
coffee counter bitter salad egg,Canteen,High,synth_highacc,9,2
penalty receipt late netbanking credited,Fees / Finance,High,synth_highacc,3,2
bandwidth printer insufficient dns down,IT Support,High,synth_highacc,0,2
could we have a few more mats at the entrance of the hostel during the rainy season the existing ones get soaked very quickly and then people just track mud into the hallway two extra rubber mats would help keep the floors clean,Maintenance,Low,complaint_triage,4,1
a group of students is using the chemistry lab after hours without supervision to make some kind of homemade fireworks i m worried they are going to cause an explosion,Security / Discipline,High,complaint_triage,6,2
due deposit debit stipend grant,Fees / Finance,Medium,synth_highacc,3,0
scholarship verification link is expiring today and my documents are still pending at the hod office if the department doesn t digitally sign the verification by 5 pm i will lose my funding for the next semester and won t be able to pay the tuition i am standing outside the office but no one is available to help this is time critical for my education,Academics,High,complaint_triage,2,2
report deadline credit lecture mentor,Academics,Medium,synth_highacc,2,0
fought trespass injured attack senior,Security / Discipline,Medium,synth_highacc,6,0
fare tyre refund bus route,Transport,Low,synth_highacc,5,1
authentication password driver cloud,IT Support,Medium,synth_highacc,0,0
bus clutch overcrowded parking seat,Transport,Medium,synth_highacc,5,0
shuttle driver cancelled diesel accident,Transport,Medium,synth_highacc,5,0
hinge grill rusted floor plumber,Maintenance,Medium,synth_highacc,4,0
signature dean required registration hostel,Administration,High,synth_highacc,7,2
index penalty page fiction author,Library,High,synth_highacc,8,2
mug soap sink inverter shampoo warden,Hostels,Medium,synth_highacc,1,0
slipper bathroom window bed balcony,Hostels,Low,synth_highacc,1,1
blanket service torn mattress heater,Hostels,High,synth_highacc,1,2
driver dns scanner patch freeze,IT Support,High,synth_highacc,0,2
paint door job plumber tile,Maintenance,Medium,synth_highacc,4,0
traffic cycle bicycle accident brake,Transport,High,synth_highacc,5,2
soap stinking missing soap flush,Hostels,High,synth_highacc,1,2
the morning bus is consistently 15 minutes late if this continues i m going to have to start paying for ubers because i can t keep missing the start of my 9 00 am seminar,Transport,Medium,complaint_triage,5,0
print bibliography black ebook fiction,Library,Low,synth_highacc,8,1
the scholarship notification emails sometimes end up in the spam folder because of the sender s address maybe the university can use a more recognized domain so we don t miss out on important financial deadlines,Fees / Finance,Low,complaint_triage,3,1
browser network cache vpn adapter,IT Support,High,synth_highacc,0,2
cup kitchen stale glass tea,Canteen,Medium,synth_highacc,9,0
cycle bicycle parking diesel fuel,Transport,Low,synth_highacc,5,1
book fiction damaged reference available,Library,Low,synth_highacc,8,1
suspicious haras activity stalking cctv,Security / Discipline,Low,synth_highacc,6,1
milk chapati meal food quality,Canteen,High,synth_highacc,9,2
can the department post the faculty office hours on the doors of the staff rooms currently we have to keep checking or asking around to know when a professor is available for doubt clearing,Academics,Low,complaint_triage,2,1
approval enrollment awaited bonafide submission,Administration,Low,synth_highacc,7,1
laundry heater machine washroom toilet,Hostels,Low,synth_highacc,1,1
status submit unknown processing letterhead,Administration,Medium,synth_highacc,7,0
gear indicator parking mirror parking,Transport,Medium,synth_highacc,5,0
tutorial delay extra revaluation schedule,Academics,High,synth_highacc,2,2
keyboard shutdown typing authentication browser,IT Support,High,synth_highacc,0,2
the seating plan for the minor exams is very congested there is almost no space to keep our stationery or calculators without them falling off the desks can the department use a larger hall or leave an empty seat between students,Academics,Medium,complaint_triage,2,0
i was overcharged for my graduation gown rental i returned it on time but the system says i was three days late and charged me a 100 penalty,Administration,Low,complaint_triage,7,1
internet bluetooth slow display portal,IT Support,High,synth_highacc,0,2
mug soap almirah washroom shampoo roommate,Hostels,Medium,synth_highacc,1,0
assignment delay deadline viva final,Academics,Low,synth_highacc,2,1
firewall upload restricting backup vpn,IT Support,Medium,synth_highacc,0,0
sink toilet pipe drainage table,Hostels,High,synth_highacc,1,2
cupboard pillow broken sink dirty,Hostels,Medium,synth_highacc,1,0
computer authentication ssd laptop update,IT Support,Low,synth_highacc,0,1
bank withdrawal transfer transaction late,Fees / Finance,High,synth_highacc,3,2
milk spoon glass food lunch,Canteen,Medium,synth_highacc,9,0
lunch vegetable curry breakfast bill,Canteen,Low,synth_highacc,9,1
notary affidavit attest migration approval,Administration,Medium,synth_highacc,7,0
status submit unknown hostel scholarship,Administration,Low,synth_highacc,7,1
endorse notarized document form hostel,Administration,Low,synth_highacc,7,1
policy notice unclear circular admission,Administration,Medium,synth_highacc,7,0
leak jammed water fuse gutter,Maintenance,High,synth_highacc,4,2
harrash harassed complaint cybercrime complaint,Security / Discipline,High,synth_highacc,6,2
harass injured corridor bully stalk,Security / Discipline,Low,synth_highacc,6,1
tax stipend deduction installment transfer,Fees / Finance,Medium,synth_highacc,3,0
headlight overcrowded dim taxi petrol,Transport,High,synth_highacc,5,2
volume membership missing audiobook publisher,Library,Medium,synth_highacc,8,0
smuggling accused fraud interrogate abused,Security / Discipline,Medium,synth_highacc,6,0
counter overdue staff edition subscription,Library,Low,synth_highacc,8,1
processing endorse slow submit scholarship,Administration,High,synth_highacc,7,2
carpenter damage jammed leak door,Maintenance,Low,synth_highacc,4,1
regulation guideline stamp guideline signature,Administration,Medium,synth_highacc,7,0
the driver didn t wait for me to get off the bus and closed the door on my arm i have a huge bruise and it really hurts this is incredibly dangerous,Transport,High,complaint_triage,5,2
conductor helmet rude fare petrol,Transport,High,synth_highacc,5,2
verification transfer approval attestation verification,Administration,High,synth_highacc,7,2
staircase hostel bucket laundry heater,Hostels,Low,synth_highacc,1,1
ssd connect storage ethernet ethernet,IT Support,High,synth_highacc,0,2
sink balcony pipe window pillow,Hostels,Low,synth_highacc,1,1
renovation door garbage construction wire,Maintenance,Low,synth_highacc,4,1
counter cook staff hygiene oil,Canteen,Medium,synth_highacc,9,0
wifi charger backup hardware,IT Support,Medium,synth_highacc,0,0
van schedule overloaded shuttle shuttle,Transport,Medium,synth_highacc,5,0
bees nest in the air vent of room 412 swarms of bees are entering the room through the ac duct and my roommate has already been stung twice she is allergic to stings we need an exterminator and the duct sealed before we can re enter the room,Maintenance,High,complaint_triage,4,2
request for more hangers in the drying room most of the existing ones are broken or missing it s a small thing but it would help us manage our laundry better during the busy weekend rush,Hostels,Low,complaint_triage,1,1
examination regulation form certificate signature,Administration,Medium,synth_highacc,7,0
midterm grade results grading cancel,Academics,Medium,synth_highacc,2,0
sexually complaint teasing stranger hostel,Security / Discipline,High,synth_highacc,6,2
shelf rack desk ebook ebook,Library,Medium,synth_highacc,8,0
proxy authentication prompts hourly frequent prompts interrupt workflow please review sso session lifetimes,IT Support,Medium,complaint_triage,0,0
degree professor deadline diploma tutorial,Academics,Low,synth_highacc,2,1
score faculty improvement textbook overdue,Academics,Medium,synth_highacc,2,0
tutorial missing assignment grading delay,Academics,Medium,synth_highacc,2,0
water juice unclean meal drink,Canteen,High,synth_highacc,9,2
could the finance office post a holiday list on the main door sometimes we travel from far away only to find the bank and the accounts branch closed for a local festival a clear schedule would save us the trip,Fees / Finance,Low,complaint_triage,3,1
topic cancel unclear postpone delayed,Academics,Medium,synth_highacc,2,0
rice taste dinner chapati milk,Canteen,Low,synth_highacc,9,1
evidence injured destroyed corridor witness,Security / Discipline,Medium,synth_highacc,6,0
fare headlight increased indicator numberplate,Transport,High,synth_highacc,5,2
processing signature slow sworn status,Administration,High,synth_highacc,7,2
fiction nonfiction borrow audiobook newspaper,Library,High,synth_highacc,8,2
cab taxi traffic cycle conductor,Transport,Medium,synth_highacc,5,0
abstract section journal absent silent,Library,Low,synth_highacc,8,1
evidence abusing collected haras harrash,Security / Discipline,High,synth_highacc,6,2
scholarship gst waiver tuition interest,Fees / Finance,High,synth_highacc,3,2
deduction interest extra receipt invoice,Fees / Finance,Medium,synth_highacc,3,0
examination notarized form seal guideline,Administration,Medium,synth_highacc,7,0
paint cracked job electrician pipe,Maintenance,High,synth_highacc,4,2
usb display port display usb,IT Support,Low,synth_highacc,0,1
browser install error download offline,IT Support,Medium,synth_highacc,0,0
canteen canteen stale water vegetable,Canteen,High,synth_highacc,9,2
university email account deactivated during the job application window i am expecting interview invites and test links on my student id but i can t log in this is the peak of placement season and being locked out for even a day could cost me a job please reactivate the account immediately,Academics,High,complaint_triage,2,2
journal periodical almanac magazine photocopy,Library,Medium,synth_highacc,8,0
professor presentation leave paper deadline,Academics,Low,synth_highacc,2,1
stop bus missing diesel driver,Transport,High,synth_highacc,5,2
dean processing approval submission fee,Administration,Low,synth_highacc,7,1
bibliography reading section research periodical,Library,High,synth_highacc,8,2
door staircase lock heating ventilator,Hostels,High,synth_highacc,1,2
printer bluetooth port not offline,IT Support,High,synth_highacc,0,2
i missed my graduation ceremony because the special event shuttle never arrived at the designated parking lot i am beyond devastated and want to know why there was no backup plan,Transport,High,complaint_triage,5,2
silent newspaper zone thesis nonfiction,Library,High,synth_highacc,8,2
power bi data gateway offline refresh failures scheduled refreshes fail with gateway unreachable affects dean s dashboards please restart restore gateway services need eta for next successful refresh kindly share root cause when available business critical thank you,IT Support,High,complaint_triage,0,2
arrest complaint suspect ragging witness,Security / Discipline,Low,synth_highacc,6,1
project curriculum guide training delay,Academics,Medium,synth_highacc,2,0
outstanding penalty amount stipend invoice,Fees / Finance,Low,synth_highacc,3,1
answer textbook key cancel credit,Academics,Medium,synth_highacc,2,0
meal vegetable spoiled rate juice,Canteen,Low,synth_highacc,9,1
steal cybercrime caught victim case,Security / Discipline,High,synth_highacc,6,2
card scan renewal bibliography research,Library,Medium,synth_highacc,8,0
clerk notarized rude delay notary,Administration,Medium,synth_highacc,7,0
fuel bus shortage cycle diesel,Transport,Low,synth_highacc,5,1
aggressive behavior from a non resident in the common room a person who doesn t live in this hostel is currently in a heated argument with students and refusing to leave the situation is escalating and might turn into a physical fight security needs to intervene at block e right away,Hostels,High,complaint_triage,1,2
corroded railing on the 4th floor terrace has snapped a student leaned on it and a section of the metal gave way thankfully they didn t fall but that entire side of the roof is now unprotected this needs to be welded or replaced urgently before tonight,Maintenance,High,complaint_triage,4,2
roof sweeping leak hammer ceiling,Maintenance,Low,synth_highacc,4,1
pickup fare missed horn schedule,Transport,Low,synth_highacc,5,1
shampoo mosquito finished curtain laundry,Hostels,Low,synth_highacc,1,1
egg price cheap daal quality,Canteen,Low,synth_highacc,9,1
backup vpn install bandwidth dns,IT Support,Medium,synth_highacc,0,0
usb display port adapter firmware,IT Support,High,synth_highacc,0,2
theft senior raped raped,Security / Discipline,High,synth_highacc,6,2
backup password connect bandwidth down,IT Support,Low,synth_highacc,0,1
raped complaint assaulted molest harassed,Security / Discipline,Medium,synth_highacc,6,0
concession remit applied upi delayed,Fees / Finance,High,synth_highacc,3,2
crack hinge wall drill bulb,Maintenance,Medium,synth_highacc,4,0
taillight meter damaged pickup windscreen,Transport,Low,synth_highacc,5,1
tutorial scholar extra overdue subject,Academics,High,synth_highacc,2,2
mess lunch quality menu price,Canteen,High,synth_highacc,9,2
canteen spoon costly cheap glass,Canteen,Low,synth_highacc,9,1
roommate roommate shifting curtain stinking,Hostels,High,synth_highacc,1,2
tea milk cold curry worth,Canteen,High,synth_highacc,9,2
loan cashier application balance scholarship,Fees / Finance,High,synth_highacc,3,2
ticket horn missing diesel fare,Transport,Medium,synth_highacc,5,0
kitchen dinner spoil meal chicken,Canteen,High,synth_highacc,9,2
keyboard firmware typing usb usb,IT Support,High,synth_highacc,0,2
socket wire loose paint maintenance,Maintenance,Low,synth_highacc,4,1
there is a huge crack in the windshield of the bus that does the inter campus run it s right in the driver s line of sight and seems like a major safety hazard if a rock hits it,Transport,High,complaint_triage,5,2
deduction bank wrong loan treasury,Fees / Finance,High,synth_highacc,3,2
email rebooting sending latency scanner,IT Support,Medium,synth_highacc,0,0
schedule bus delayed van license,Transport,Medium,synth_highacc,5,0
milk coffee sour quality stale,Canteen,High,synth_highacc,9,2
signature notary attestation application stamp,Administration,Medium,synth_highacc,7,0
parking meter full van horn,Transport,Low,synth_highacc,5,1
pickup drop parking windscreen tyre,Transport,High,synth_highacc,5,2
detergent bed over almirah sink,Hostels,Medium,synth_highacc,1,0
enrollment bonafide number download transfer,Administration,High,synth_highacc,7,2
circular notice endorse clerk submission,Administration,Medium,synth_highacc,7,0
status registrar requested notary sworn,Administration,Medium,synth_highacc,7,0
degree revaluation internship diploma placement,Academics,Medium,synth_highacc,2,0
approval pending clerk signature letterhead,Administration,Low,synth_highacc,7,1
headlight auto dim route license,Transport,High,synth_highacc,5,2
fund budget transaction loan treasury,Fees / Finance,Low,synth_highacc,3,1
horn mirror not route clutch,Transport,Medium,synth_highacc,5,0
browser upload shutdown download projector,IT Support,High,synth_highacc,0,2
bunk locker cupboard flush bed,Hostels,Medium,synth_highacc,1,0
tile fixture broken worn stair,Maintenance,Low,synth_highacc,4,1
the refund for my canceled housing contract hasn t been processed yet it s been 60 days and the policy says it should take 30 i really need that money back for my current living expenses,Administration,Medium,complaint_triage,7,0
roof ceiling sheet electrician electrician,Maintenance,Low,synth_highacc,4,1
can we have a small book exchange shelf in the department lobby students could leave their old textbooks or novels for others to read promoting a culture of sharing within the branch,Academics,Low,complaint_triage,2,1
sexually thieves teasing working kidnap,Security / Discipline,Medium,synth_highacc,6,0
valve fixture damaged plaster dust,Maintenance,Low,synth_highacc,4,1
queue fork long queue oil,Canteen,Low,synth_highacc,9,1
switch sweeping spark door worn,Maintenance,Low,synth_highacc,4,1
catalogue magazine search penalty librarian,Library,High,synth_highacc,8,2
tea drink cold fresh quality,Canteen,Medium,synth_highacc,9,0
the water cooler in the faculty block is leaking there is a constant puddle of water on the wooden floor which is starting to warp the planks it looks like the internal drainage pipe is disconnected please fix the leak to save the flooring,Maintenance,Medium,complaint_triage,4,0
vandalism violence property unsafe report,Security / Discipline,Low,synth_highacc,6,1
theft stolen reported stolen victim,Security / Discipline,Medium,synth_highacc,6,0
score seminar improvement paper viva,Academics,High,synth_highacc,2,2
vehicle parking petrol parking mirror,Transport,Low,synth_highacc,5,1
repair gutter urgent exposed window,Maintenance,High,synth_highacc,4,2
floor replace mopping exposed fused,Maintenance,Low,synth_highacc,4,1
brake headlight failure cycle ticket,Transport,Low,synth_highacc,5,1
presentation paper evaluated group timetable,Academics,Low,synth_highacc,2,1
seat petrol reserved shuttle fare,Transport,Low,synth_highacc,5,1
window replace pane window stair,Maintenance,Medium,synth_highacc,4,0
pillow bathroom flat strict inverter,Hostels,High,synth_highacc,1,2
endorse download document missing circular,Administration,High,synth_highacc,7,2
the transaction fee for various online modes isn t clearly listed before we reach the final payment page it would be better to see the comparison of charges upfront,Fees / Finance,Low,complaint_triage,3,1
toilet window blocked mug balcony,Hostels,High,synth_highacc,1,2
raped injured assaulted danger haras,Security / Discipline,High,synth_highacc,6,2
verification rejected hostel attestation official,Administration,High,synth_highacc,7,2
card gst declined waiver finance,Fees / Finance,High,synth_highacc,3,2
canteen worth costly spoon fork,Canteen,High,synth_highacc,9,2
edition newspaper outdated newspaper author,Library,Low,synth_highacc,8,1
sewage garbage backup leaking fix,Maintenance,High,synth_highacc,4,2
oil cook spoon plate expensive,Canteen,Medium,synth_highacc,9,0
ticket headlight seat seat accident,Transport,High,synth_highacc,5,2
interest arrear credited waiver debit,Fees / Finance,High,synth_highacc,3,2
table soap wobbling noisy balcony,Hostels,Low,synth_highacc,1,1
blanket mattress noisy washroom slipper,Hostels,High,synth_highacc,1,2
endorse form document delay official,Administration,High,synth_highacc,7,2
desk reading staff database photocopy,Library,Medium,synth_highacc,8,0
food canteen rotten breakfast curry,Canteen,High,synth_highacc,9,2
budget cashier allocation late reimbursement,Fees / Finance,Low,synth_highacc,3,1
handle repair loose peeling tube,Maintenance,High,synth_highacc,4,2
cup lunch taste glass drink,Canteen,Low,synth_highacc,9,1
mess chicken quality coffee curry,Canteen,High,synth_highacc,9,2
pillow noisy flat table door,Hostels,High,synth_highacc,1,2
syllabus missing revision mentor missing,Academics,High,synth_highacc,2,2
keyboard mouse wlan usb battery,IT Support,Low,synth_highacc,0,1
server ssd down modem hardware,IT Support,Low,synth_highacc,0,1
sabzi breakfast kitchen pickle fresh,Canteen,Low,synth_highacc,9,1
journal database binding thesis borrow,Library,Low,synth_highacc,8,1
workshop lecture material viva faculty,Academics,Medium,synth_highacc,2,0
locker exhaust key shampoo noisy,Hostels,Low,synth_highacc,1,1
report paper lecturer lecture score,Academics,Low,synth_highacc,2,1
gutter damage blocked drill jammed,Maintenance,High,synth_highacc,4,2
roommate cotton shifting water hostel,Hostels,Medium,synth_highacc,1,0
drill hole noise pane gutter,Maintenance,High,synth_highacc,4,2
patrol stole arrest investigate molested,Security / Discipline,Low,synth_highacc,6,1
patrol theft harassed investigate assaulted,Security / Discipline,Low,synth_highacc,6,1
monitor down display computer cable,IT Support,High,synth_highacc,0,2
citation aisle format counter audiobook,Library,Low,synth_highacc,8,1
keyboard mouse email fail cloud,IT Support,Low,synth_highacc,0,1
shelf rack fiction magazine section,Library,Medium,synth_highacc,8,0
inconsistency in the mess bill for vegetarians i noticed that the monthly charge is the same for everyone regardless of whether we opt for the non veg special meals can we have a tiered billing system that reflects our actual consumption,Fees / Finance,Medium,complaint_triage,3,0
queue price queue counter chapati,Canteen,Medium,synth_highacc,9,0
endorse affidavit certificate regulation pending,Administration,High,synth_highacc,7,2
cup worth cheap glass quality,Canteen,Low,synth_highacc,9,1
projector server blurry cloud restart,IT Support,High,synth_highacc,0,2
training degree program exam notebook,Academics,Low,synth_highacc,2,1
window water shutter chair towel,Hostels,Low,synth_highacc,1,1
attack kidnap robbery prohibited stolen,Security / Discipline,Medium,synth_highacc,6,0
catalogue locate search nonfiction zone,Library,Medium,synth_highacc,8,0
borrow fine limit subscription reading,Library,High,synth_highacc,8,2
print book queue abstract stack,Library,High,synth_highacc,8,2
scholarship charges renewal statement penalty,Fees / Finance,Medium,synth_highacc,3,0
pickup drop pickup fuel clutch,Transport,Low,synth_highacc,5,1
arrest harass made witness camera,Security / Discipline,High,synth_highacc,6,2
guideline scholarship followed submission registration,Administration,High,synth_highacc,7,2
download offline stuck firewall freeze,IT Support,Low,synth_highacc,0,1
concession charges applied deduction receipt,Fees / Finance,Medium,synth_highacc,3,0
charger log adapter bug software,IT Support,Low,synth_highacc,0,1
approval form pending regulation procedure,Administration,Medium,synth_highacc,7,0
patrol scam vehicle working ragging,Security / Discipline,Low,synth_highacc,6,1
subject grading diploma topic report,Academics,Low,synth_highacc,2,1
tea oil cold food mess,Canteen,Medium,synth_highacc,9,0
helmet diesel mandatory charges taillight,Transport,Medium,synth_highacc,5,0
taillight fuel damaged fuel helmet,Transport,Low,synth_highacc,5,1
the contact us form on the university website is broken every time i hit submit the page just refreshes and clears all my text it s very frustrating when trying to reach out for help,Administration,Low,complaint_triage,7,1
application download fee migration status,Administration,High,synth_highacc,7,2
sabzi food worth pickle oil,Canteen,High,synth_highacc,9,2
bus driver stop mirror,Transport,Medium,synth_highacc,5,0
vpn reboot antivirus server network,IT Support,High,synth_highacc,0,2
software battery license patch ram,IT Support,High,synth_highacc,0,2
chair mattress broken chair slow,Hostels,Low,synth_highacc,1,1
budget credited allocation budget transfer,Fees / Finance,Low,synth_highacc,3,1
bucket shampoo cracked mug balcony,Hostels,Low,synth_highacc,1,1
evidence senior destroyed abusing smoke,Security / Discipline,Medium,synth_highacc,6,0
floor broken slippery fuse urgent,Maintenance,High,synth_highacc,4,2
pipe repair joint burst drain,Maintenance,Medium,synth_highacc,4,0
milk taste sour canteen egg,Canteen,Low,synth_highacc,9,1
letterhead hostel format admission sworn,Administration,Low,synth_highacc,7,1
regulation letterhead strict document download,Administration,Low,synth_highacc,7,1
balance transfer enquiry waiver delayed,Fees / Finance,High,synth_highacc,3,2
backup mac crash bandwidth laptop,IT Support,Medium,synth_highacc,0,0
cashier stipend upi loan processed,Fees / Finance,Medium,synth_highacc,3,0
mosquito chair net toilet mattress,Hostels,High,synth_highacc,1,2
certificate notarized issue deadline hostel,Administration,High,synth_highacc,7,2
ticket meter counter mirror ticket,Transport,High,synth_highacc,5,2
card almanac renewal renew abstract,Library,High,synth_highacc,8,2
seminar midterm postponed schedule project,Academics,Low,synth_highacc,2,1
login portal server email bluetooth,IT Support,High,synth_highacc,0,2
paint lock colour dust grill,Maintenance,Medium,synth_highacc,4,0
lunch lunch delayed vegetable chapati,Canteen,High,synth_highacc,9,2
i suspect my lab partner is stealing chemicals from the supply closet i saw them putting glass vials into their backpack when they thought i wasn t looking this is dangerous and illegal,Security / Discipline,Medium,complaint_triage,6,0
counter return staff bibliography journal,Library,Medium,synth_highacc,8,0
auto brake overcharge charges pickup,Transport,Medium,synth_highacc,5,0
hardware download firmware storage freeze,IT Support,Medium,synth_highacc,0,0
someone is trying to break into the pharmacy in the health center i can hear glass breaking and there are shadows moving inside it s 2 00 am and the center is closed,Security / Discipline,High,complaint_triage,6,2
credit syllabus transfer missing textbook,Academics,High,synth_highacc,2,2
patrol surveillance vehicle accused harass,Security / Discipline,Medium,synth_highacc,6,0
scholarship dean form circular migration,Administration,Medium,synth_highacc,7,0
sexual drugs harrash complaint abused,Security / Discipline,Low,synth_highacc,6,1
account withdrawal credited credit receipt,Fees / Finance,High,synth_highacc,3,2
queue plate rate counter spoil,Canteen,Low,synth_highacc,9,1
stop brake skipped seat indicator,Transport,Low,synth_highacc,5,1
return edition date volume bibliography,Library,High,synth_highacc,8,2
water cupboard supply geyser slipper,Hostels,Low,synth_highacc,1,1
vegetable price pickle chicken chicken,Canteen,Low,synth_highacc,9,1
faculty final answer exam notebook,Academics,High,synth_highacc,2,2
interest balance due waiver late,Fees / Finance,Medium,synth_highacc,3,0
notebook answer correction absent teacher,Academics,Medium,synth_highacc,2,0
mattress bucket hard service table,Hostels,High,synth_highacc,1,2
scholarship pending eligibility bill tax,Fees / Finance,High,synth_highacc,3,2
door almirah lock cupboard corridor,Hostels,High,synth_highacc,1,2
the soap dispensers in the washroom are often empty by sunday evening it would be helpful if they could be topped up more generously on friday to last through the weekend when the cleaning staff is reduced,Hostels,Low,complaint_triage,1,1
index counter page rack borrow,Library,High,synth_highacc,8,2
heater noisy element ventilator warden,Hostels,Medium,synth_highacc,1,0
battery ticket dead license meter,Transport,Low,synth_highacc,5,1
i am writing to report a driver who was making inappropriate comments to female students as they boarded the bus this is a huge safety and harassment issue and needs to be handled immediately,Transport,High,complaint_triage,5,2
stop indicator unsafe pickup meter,Transport,Low,synth_highacc,5,1
abuse sexual verbal victim interrogate,Security / Discipline,High,synth_highacc,6,2
document pending verification dean pending,Administration,Low,synth_highacc,7,1
fee fund waiver treasury scholarship,Fees / Finance,Medium,synth_highacc,3,0
wrench ladder crack mopping pipe,Maintenance,High,synth_highacc,4,2
every time i switch from my speakers to my jabra headset the whole app freezes and i have to task manager it is there a driver update or something this is ruining my calls,IT Support,Medium,complaint_triage,0,0
helmet stop bus license conductor,Transport,High,synth_highacc,5,2
laundry slipper service warden mattress,Hostels,Medium,synth_highacc,1,0
electrician lock wiring worn fixture,Maintenance,Medium,synth_highacc,4,0
ticket numberplate clutch seat schedule,Transport,Low,synth_highacc,5,1
document clerk registration registration,Administration,High,synth_highacc,7,2
laundry heater machine flush curtain,Hostels,Low,synth_highacc,1,1
lunch curry delayed overcharge cook,Canteen,Medium,synth_highacc,9,0
bus gear late stop brake,Transport,High,synth_highacc,5,2
bug error internet log cache freeze,IT Support,High,synth_highacc,0,2
degree cancel viva diploma submission,Academics,High,synth_highacc,2,2
subject mentor registration credit midterm,Academics,High,synth_highacc,2,2
upload portal vpn scanner mac,IT Support,Low,synth_highacc,0,1
blanket door torn balcony table,Hostels,High,synth_highacc,1,2
mentor subject guidance curriculum absent,Academics,Medium,synth_highacc,2,0
upload vpn speed laptop reboot,IT Support,High,synth_highacc,0,2
dust pipeline plumber drill garbage,Maintenance,High,synth_highacc,4,2
journal fiction subscription penalty almanac,Library,Low,synth_highacc,8,1
i am receiving a hold on my account for a medical immunization record that i already uploaded three times i can t register for classes until this hold is removed,Administration,Medium,complaint_triage,7,0
i missed my chance to study abroad in japan because the admin office took six weeks to sign a simple good standing form by the time i got it the program was full i am extremely disappointed,Administration,High,complaint_triage,7,2
ragging tease stopped evidence vandalism,Security / Discipline,Medium,synth_highacc,6,0
hanger mattress broken sink towel,Hostels,Medium,synth_highacc,1,0
database absent access subscription penalty,Library,Low,synth_highacc,8,1
fare taxi increased route brake,Transport,Medium,synth_highacc,5,0
edition expired outdated rack nonfiction,Library,High,synth_highacc,8,2
scholarship charges not fee audit,Fees / Finance,Low,synth_highacc,3,1
slipper sink torn detergent laundry,Hostels,Medium,synth_highacc,1,0
ceiling stair damp construction repairman,Maintenance,Low,synth_highacc,4,1
due deposit pending waiver netbanking,Fees / Finance,High,synth_highacc,3,2
numberplate route cycle driver ticket,Transport,Medium,synth_highacc,5,0
syllabus curriculum revision cancel lesson,Academics,Low,synth_highacc,2,1
penalty print magazine membership penalty,Library,Low,synth_highacc,8,1
chapati mess hard food juice,Canteen,Medium,synth_highacc,9,0
stolen incident harrass harassment abused,Security / Discipline,Low,synth_highacc,6,1
workshop deadline delay tutorial textbook,Academics,Medium,synth_highacc,2,0
payment transfer late refund processed,Fees / Finance,Low,synth_highacc,3,1
floor fuse slippery maintenance plumber,Maintenance,High,synth_highacc,4,2
cement brick hole handle sparking,Maintenance,Low,synth_highacc,4,1
article research unavailable librarian membership,Library,High,synth_highacc,8,2
online loan payment fee penalty,Fees / Finance,Medium,synth_highacc,3,0
oil cook canteen plate dinner,Canteen,High,synth_highacc,9,2
stop rickshaw unsafe traffic shuttle,Transport,High,synth_highacc,5,2
warden mosquito inverter mosquito,Hostels,Medium,synth_highacc,1,0
keyboard slow typing patch router,IT Support,Low,synth_highacc,0,1
fee late waiver bill invoice,Fees / Finance,Medium,synth_highacc,3,0
geyser in the second floor bathroom has been cold since monday it s impossible to take a shower in this weather with cold water i reported it to the caretaker three days ago and he said it would be fixed by tuesday it is now thursday and still no hot water,Hostels,Medium,complaint_triage,1,0
credit practical transfer viva final,Academics,Medium,synth_highacc,2,0
unauthorized entry into my room while i was at the library i came back to find my cupboard open and some cash missing from my desk the window latch appears to have been tampered with from the outside this is a criminal matter and needs the warden s immediate attention,Hostels,High,complaint_triage,1,2
tube mopping flicker dust broken,Maintenance,Medium,synth_highacc,4,0
pickup drop headlight shuttle gear,Transport,High,synth_highacc,5,2
enrollment clerk confirmed notice stamp,Administration,Low,synth_highacc,7,1
concession interest applied deduction refund,Fees / Finance,High,synth_highacc,3,2
balcony toilet tap corridor sink,Hostels,Low,synth_highacc,1,1
washroom toilet door pillow service,Hostels,Medium,synth_highacc,1,0
ticket cycle counter clutch mandatory,Transport,Low,synth_highacc,5,1
request for a few more staplers at the document submission desk students often forget to staple their challans to their registration forms leading to lost papers a few fixed staplers would prevent this,Fees / Finance,Low,complaint_triage,3,1
horn parking not diesel horn,Transport,Medium,synth_highacc,5,0
conductor ticket rude schedule brake,Transport,Medium,synth_highacc,5,0
dustbins in the corridor are not being emptied daily by the evening the trash is overflowing onto the floor and attracting flies the cleaning schedule seems to have changed and it s not working please ensure the bins are cleared every morning,Hostels,Medium,complaint_triage,1,0
marks missing incorrect topic practical,Academics,High,synth_highacc,2,2
report project degree lecture report,Academics,Low,synth_highacc,2,1
arrest caught robbery offence harrass,Security / Discipline,Medium,synth_highacc,6,0
install configure authentication wifi adapter,IT Support,Medium,synth_highacc,0,0
evidence accused collected corridor complaint,Security / Discipline,Medium,synth_highacc,6,0
ventilator curtain exhaust locker sink,Hostels,Low,synth_highacc,1,1
sewage grill backup ladder ladder,Maintenance,Medium,synth_highacc,4,0
signature deadline required letterhead form,Administration,High,synth_highacc,7,2
carpenter dust floor leak switch,Maintenance,Medium,synth_highacc,4,0
payment upi gateway balance payment,Fees / Finance,Low,synth_highacc,3,1
sewage drill smell exposed fuse,Maintenance,Medium,synth_highacc,4,0
steal haras danger thief assault,Security / Discipline,High,synth_highacc,6,2
pickup drop cycle diesel fuel,Transport,Medium,synth_highacc,5,0
assignment lesson deadline overdue placement,Academics,High,synth_highacc,2,2
laptop email screen freeze cloud,IT Support,Medium,synth_highacc,0,0
hardware monitor firmware vpn mac,IT Support,Low,synth_highacc,0,1
hygiene fork poor taste sabzi,Canteen,Low,synth_highacc,9,1
thesis expired binding abstract renew,Library,High,synth_highacc,8,2
policy deadline unclear procedure submission,Administration,High,synth_highacc,7,2
arrest victim suspect harassed injured,Security / Discipline,Low,synth_highacc,6,1
water sabzi unclean chapati hygiene,Canteen,Low,synth_highacc,9,1
endorse submission document policy notary,Administration,High,synth_highacc,7,2
suspicious vandalism activity bullied smoke,Security / Discipline,High,synth_highacc,6,2
scholarship card deduction tuition installment,Fees / Finance,Low,synth_highacc,3,1
fuel bus shortage shuttle headlight,Transport,Low,synth_highacc,5,1
project chapter guide lesson final,Academics,High,synth_highacc,2,2
receipt transfer generated tax transaction,Fees / Finance,High,synth_highacc,3,2
food curry shortage curry canteen,Canteen,High,synth_highacc,9,2
router modem connectivity wlan portal,IT Support,Low,synth_highacc,0,1
accused bully fraud witness witness,Security / Discipline,High,synth_highacc,6,2
mosquito bathroom net bucket drainage,Hostels,High,synth_highacc,1,2
hardware shutdown firmware mouse speed,IT Support,Medium,synth_highacc,0,0
result timetable published textbook exam,Academics,Low,synth_highacc,2,1
i lost my student id card somewhere between the gym and the library i ve already deactivated it but if someone finds it i d like to get it back so i don t have to pay for a new one,Security / Discipline,Low,complaint_triage,6,1
membership journal expire abstract available,Library,Low,synth_highacc,8,1
floor window slippery carpenter repairman,Maintenance,Low,synth_highacc,4,1
i need an emergency loan to cover my medical bills after a car accident i saw there is an emergency fund on the website who is the specific admin person i need to speak to,Administration,High,complaint_triage,7,2
window leaking pane fuse socket,Maintenance,High,synth_highacc,4,2
document fee verification policy sworn,Administration,High,synth_highacc,7,2
seminar final certificate chapter answer,Academics,Low,synth_highacc,2,1
status enrollment download notary pending,Administration,High,synth_highacc,7,2
the outdoor benches in the courtyard are splintering the wood has weathered poorly and it s impossible to sit on them without catching your clothes or getting a splinter they need to be sanded down and revarnished for the students,Maintenance,Medium,complaint_triage,4,0
procedure pending seal policy notice,Administration,Low,synth_highacc,7,1
cashier waiver bank loan deposit,Fees / Finance,Medium,synth_highacc,3,0
drainage mug overflowing soap bathroom,Hostels,Medium,synth_highacc,1,0
the shuttle route is too long by the time it reaches the outskirts of the campus it s already 40 minutes into the trip maybe splitting it into two smaller loops would be more efficient for everyone,Transport,Low,complaint_triage,5,1
ethernet storage wlan monitor network,IT Support,Medium,synth_highacc,0,0
authentication restart connect wifi,IT Support,High,synth_highacc,0,2
van diesel overloaded tyre meter,Transport,High,synth_highacc,5,2
certificate hostel guideline application policy,Administration,Low,synth_highacc,7,1
registration missing completed notarized notary,Administration,Medium,synth_highacc,7,0
drugs robbery peddling prohibited sexually,Security / Discipline,High,synth_highacc,6,2
pipe wrench rusted grill renovation,Maintenance,Medium,synth_highacc,4,0
placement postpone drive report group,Academics,High,synth_highacc,2,2
someone left a bag of groceries on the bus there are perishables like milk and eggs in there it s been sitting there since the 11 00 am run,Transport,Low,complaint_triage,5,1
drugs alcohol fight security theft,Security / Discipline,Medium,synth_highacc,6,0
chapter textbook summary diploma textbook,Academics,Medium,synth_highacc,2,0
bill taste rate rate chicken,Canteen,Medium,synth_highacc,9,0
budget concession allocation outstanding transaction,Fees / Finance,Low,synth_highacc,3,1
configure cloud setup port fail,IT Support,Medium,synth_highacc,0,0
bathroom inverter dirty soap staircase,Hostels,Low,synth_highacc,1,1
bibliography abstract section catalogue locate,Library,Low,synth_highacc,8,1
pipe carpenter joint screwdriver construction,Maintenance,High,synth_highacc,4,2
the proctoring software for my online certification exam is failing to recognize my id i am currently in the 15 minute login window and if i don t get in now the exam will be marked as a forfeit i have tried three different browsers and restarted my system i need a bypass code or technical support immediately to save my exam attempt,Academics,High,complaint_triage,2,2
leak sweeping water renovation leak,Maintenance,Medium,synth_highacc,4,0
quiz lecturer revaluation practical degree,Academics,High,synth_highacc,2,2
i d like to suggest that the administration office stays open until 6 00 pm on wednesdays many of us have labs all day and can never make it before you close at 4 30 pm,Administration,Low,complaint_triage,7,1
penalty periodical charged nonfiction bibliography,Library,High,synth_highacc,8,2
bill grant incorrect balance receipt,Fees / Finance,Medium,synth_highacc,3,0
rice pickle undercook water mess,Canteen,High,synth_highacc,9,2
curriculum teacher outdated placement marks,Academics,High,synth_highacc,2,2
report fought environment case guard,Security / Discipline,High,synth_highacc,6,2
the late entry policy for the 8 am lecture is being applied inconsistently some students are allowed in at 8 15 while others are marked absent at 8 05 we need a clear uniform rule for the entire department to avoid confusion,Academics,Medium,complaint_triage,2,0
coffee cheap bitter oil menu,Canteen,Low,synth_highacc,9,1
lock crack broken renovation cleaning,Maintenance,Medium,synth_highacc,4,0
ventilator laundry exhaust mosquito locker,Hostels,High,synth_highacc,1,2
wire repairman exposed brick valve,Maintenance,Medium,synth_highacc,4,0
coffee pickle bitter breakfast juice,Canteen,High,synth_highacc,9,2
fine nonfiction calculation aisle absent,Library,Medium,synth_highacc,8,0
invoice tax due bill bank,Fees / Finance,High,synth_highacc,3,2
homework revaluation diploma project placement,Academics,High,synth_highacc,2,2
fine author waived card shelf,Library,High,synth_highacc,8,2
dinner breakfast snack snack expensive,Canteen,Low,synth_highacc,9,1
marks timetable incorrect answer delayed,Academics,Medium,synth_highacc,2,0
marks degree teacher grade internship,Academics,Medium,synth_highacc,2,0
cup chicken quality glass egg,Canteen,Medium,synth_highacc,9,0
milk oil mess food canteen,Canteen,Medium,synth_highacc,9,0
soap geyser missing locker expensive,Hostels,Low,synth_highacc,1,1
stop mandatory unsafe windscreen helmet,Transport,Low,synth_highacc,5,1
verification rejected submission attestation official,Administration,High,synth_highacc,7,2
bill rice overcharge cook chapati,Canteen,Medium,synth_highacc,9,0
meter van tampered rickshaw diesel,Transport,Medium,synth_highacc,5,0
ebook edition audiobook counter shelf,Library,High,synth_highacc,8,2
pipeline garbage leakage broken burst,Maintenance,Medium,synth_highacc,4,0
fuel overcrowded shortage ticket gear,Transport,Medium,synth_highacc,5,0
deadline submission registration attestation download,Administration,Low,synth_highacc,7,1
update patch failing adapter bug,IT Support,Medium,synth_highacc,0,0
flush sink slipper noisy water,Hostels,Low,synth_highacc,1,1
there s a drone flying very low near the dormitory windows it feels like a huge invasion of privacy as it s clearly recording inside the rooms can we have a policy on drone usage over living areas,Security / Discipline,Low,complaint_triage,6,1
flush sink expensive washroom inverter,Hostels,Medium,synth_highacc,1,0
hinge gutter rusted repairman plumber,Maintenance,Low,synth_highacc,4,1
driver authentication printer patch laptop,IT Support,Medium,synth_highacc,0,0
roommate has locked themselves in and is not responding i have been knocking for an hour and can hear their alarm going off i am worried about their health we need a master key to check on them immediately,Hostels,High,complaint_triage,1,2
notebook final missing curriculum postpone,Academics,Low,synth_highacc,2,1
trespass fraud smuggling vandalism unsafe,Security / Discipline,High,synth_highacc,6,2
plumber drill tap switch drain,Maintenance,High,synth_highacc,4,2
bully assaulted complaint drugs patrol,Security / Discipline,High,synth_highacc,6,2
the air conditioning in the computer lab is not cooling properly with 40 students and all the machines running the temperature is reaching 30 degrees it is becoming very difficult to focus on our coding lab the filters probably need cleaning or the gas needs a refill,Maintenance,Medium,complaint_triage,4,0
connectivity patch unstable crash charger,IT Support,High,synth_highacc,0,2
roommate expensive noisy bucket washroom,Hostels,Low,synth_highacc,1,1
milk pickle sour water vegetable,Canteen,Medium,synth_highacc,9,0
enrollment awaiting confirmed approval download,Administration,High,synth_highacc,7,2
thesis viva report seminar internship,Academics,Medium,synth_highacc,2,0
presentation professor topic group group,Academics,Low,synth_highacc,2,1
mirror parking cracked fare indicator,Transport,Medium,synth_highacc,5,0
upload storage login scanner server,IT Support,Medium,synth_highacc,0,0
group syllabus project grade internship,Academics,Medium,synth_highacc,2,0
tease hostel sexual raped caught,Security / Discipline,Medium,synth_highacc,6,0
fought witness injured danger interrogate,Security / Discipline,Low,synth_highacc,6,1
attestation certificate needed fee procedure,Administration,High,synth_highacc,7,2
vandalism threaten property harass disrespect,Security / Discipline,Medium,synth_highacc,6,0
reboot shutdown storage wlan hardware,IT Support,High,synth_highacc,0,2
teams audio device not detected before thesis defense headset shows in system settings but not in teams checked privacy permissions and drivers defense starts in an hour please assist urgently policy refresh or workaround needed,IT Support,High,complaint_triage,0,2
exam exam postponement schedule missing,Academics,Medium,synth_highacc,2,0
tease fir sexual rape evidence,Security / Discipline,Low,synth_highacc,6,1
overcharge cup bill water chapati,Canteen,Medium,synth_highacc,9,0
construction drill debris repair damage,Maintenance,Medium,synth_highacc,4,0
plumber wrench tap door sewage,Maintenance,High,synth_highacc,4,2
mentor group guidance viva lecture,Academics,Low,synth_highacc,2,1
tile pipe burst repairman burst,Maintenance,High,synth_highacc,4,2
door plumber jammed hole maintenance,Maintenance,Medium,synth_highacc,4,0
hardware internet firmware working wlan,IT Support,Low,synth_highacc,0,1
topic exam unclear assignment quiz,Academics,High,synth_highacc,2,2
reimbursement payable pending fee receipt,Fees / Finance,Low,synth_highacc,3,1
fiction database available scan almanac,Library,Low,synth_highacc,8,1
transaction account error interest interest,Fees / Finance,Low,synth_highacc,3,1
drink lunch kitchen juice glass,Canteen,Low,synth_highacc,9,1
ragging patrol complaint fight offence,Security / Discipline,High,synth_highacc,6,2
circular notice official submission letterhead,Administration,High,synth_highacc,7,2
request for a bulletin board in block b we currently stick all the notices on the walls and it leaves a lot of tape marks a proper cork board would look much cleaner and hold the posters better,Hostels,Low,complaint_triage,1,1
subject diploma registration score mentor,Academics,High,synth_highacc,2,2
drainage laundry expensive tap inverter,Hostels,Medium,synth_highacc,1,0
publisher available details zone reading,Library,Low,synth_highacc,8,1
driver fuel conductor conductor horn,Transport,Medium,synth_highacc,5,0
vehicle auto inspection cycle horn,Transport,Low,synth_highacc,5,1
credit debit loan delayed fund,Fees / Finance,High,synth_highacc,3,2
nonfiction section collection edition absent,Library,Medium,synth_highacc,8,0
dust exposed door drill wire,Maintenance,High,synth_highacc,4,2
my letter of completion has the wrong graduation date on it my employer needs the correct date to start my contract next week please re issue it today,Administration,High,complaint_triage,7,2
interrogate attack suspect harass murder,Security / Discipline,Medium,synth_highacc,6,0
cheap snack meal worth quality,Canteen,High,synth_highacc,9,2
mattress staircase hard staircase strict,Hostels,Low,synth_highacc,1,1
penalty periodical charged newspaper rack,Library,High,synth_highacc,8,2
dean approval approval deadline submission,Administration,Low,synth_highacc,7,1
rice expensive undercook hygiene menu,Canteen,Low,synth_highacc,9,1
magazine ebook latest reference shelf,Library,High,synth_highacc,8,2
endorse examination document policy migration,Administration,Medium,synth_highacc,7,0
brake clutch overcrowded taxi clutch,Transport,High,synth_highacc,5,2
grade submission missing delayed notebook,Academics,Low,synth_highacc,2,1
balcony door fan corridor roommate,Hostels,High,synth_highacc,1,2
blanket soap torn noisy curtain,Hostels,Low,synth_highacc,1,1
vpn firewall routing rebooting processor,IT Support,Medium,synth_highacc,0,0
vandalism environment property raped steals,Security / Discipline,Medium,synth_highacc,6,0
payment application gateway transfer budget,Fees / Finance,Low,synth_highacc,3,1
card deposit declined transaction online,Fees / Finance,Medium,synth_highacc,3,0
fight cybercrime broke fir assaulted,Security / Discipline,Low,synth_highacc,6,1
lesson presentation difficult marks result,Academics,High,synth_highacc,2,2
gutter mopping blocked sweeping screwdriver,Maintenance,High,synth_highacc,4,2
software laptop reboot update connectivity,IT Support,Low,synth_highacc,0,1
bed locker squeaky corridor cotton,Hostels,High,synth_highacc,1,2
college hackathon event was worst experience ever,Administration,Medium,manual,7,0
return print reminder newspaper ebook,Library,Medium,synth_highacc,8,0
wire switch peeling repairman plumber,Maintenance,Low,synth_highacc,4,1
regulation circular strict admission missing,Administration,Low,synth_highacc,7,1
curriculum subject outdated quiz schedule,Academics,Low,synth_highacc,2,1
processing registration time issue registration,Administration,Low,synth_highacc,7,1
affidavit verification sworn migration hostel,Administration,High,synth_highacc,7,2
ip adapter address ssd printer,IT Support,Medium,synth_highacc,0,0
book audiobook recommendation print reading,Library,High,synth_highacc,8,2
antivirus cloud desktop firewall projector,IT Support,Low,synth_highacc,0,1
notice hostel board certificate submission,Administration,Low,synth_highacc,7,1
conductor diesel rude diesel meter,Transport,Low,synth_highacc,5,1
fund budget bill balance arrear,Fees / Finance,High,synth_highacc,3,2
renew photocopy request shelf publisher,Library,Medium,synth_highacc,8,0
there is a large group of people protesting outside the main hall and they are blocking the entrance so nobody can get to their exams things are starting to get heated between students and protesters,Security / Discipline,Medium,complaint_triage,6,0
oil milk plate plate drink,Canteen,Medium,synth_highacc,9,0
aisle aisle light book reading,Library,Low,synth_highacc,8,1
harrash witness complaint weapon bullied,Security / Discipline,High,synth_highacc,6,2
crack wire wall replace lock,Maintenance,High,synth_highacc,4,2
request for a few more ceiling fans in the accounts branch hallway it gets very hot during the july fee submission week and the current ventilation isn t enough for the number of students standing in line,Fees / Finance,Low,complaint_triage,3,1
vpn ssd disconnecting login connect,IT Support,Low,synth_highacc,0,1
fare schedule increased tyre mandatory,Transport,High,synth_highacc,5,2
presentation seminar evaluated grading thesis,Academics,High,synth_highacc,2,2
bonafide missing certificate sworn procedure,Administration,Low,synth_highacc,7,1
heater laundry element table balcony,Hostels,Low,synth_highacc,1,1
hygiene breakfast poor snack overcharge,Canteen,High,synth_highacc,9,2
bucket flush cracked heating flush,Hostels,High,synth_highacc,1,2
kitchen expensive hygiene plate counter,Canteen,High,synth_highacc,9,2
chemical spill in the basement storage room a shelf collapsed and several containers of industrial cleaning agents have leaked and are reacting there are localized fumes and we need a hazmat trained maintenance member to neutralize the spill,Maintenance,High,complaint_triage,4,2
pending clerk application fee document,Administration,High,synth_highacc,7,2
finance scholarship office processed due,Fees / Finance,Medium,synth_highacc,3,0
drink water meal juice fork,Canteen,Medium,synth_highacc,9,0
gutter lock cleaning repair exposed,Maintenance,Medium,synth_highacc,4,0
shelf rack thesis magazine volume,Library,Medium,synth_highacc,8,0
the driver started driving before a student with crutches had a chance to sit down she fell over and hit her head we need drivers who are more mindful of students with mobility issues,Transport,High,complaint_triage,5,2
brake petrol failure van taxi,Transport,Medium,synth_highacc,5,0
borrow overdue period reference catalogue,Library,Low,synth_highacc,8,1
canteen bill snack curry,Canteen,Low,synth_highacc,9,1
router modem install authentication computer,IT Support,Medium,synth_highacc,0,0
tea stale cold breakfast sauce,Canteen,Low,synth_highacc,9,1
outstanding tuition amount waiver concession,Fees / Finance,High,synth_highacc,3,2
ethernet battery wlan login port,IT Support,High,synth_highacc,0,2
borrow publisher search return overdue,Library,Low,synth_highacc,8,1
socket fuse door sweeping valve,Maintenance,Low,synth_highacc,4,1
bonafide affidavit certificate form migration,Administration,High,synth_highacc,7,2
abstract newspaper journal bibliography zone,Library,High,synth_highacc,8,2
mess cook quality canteen rotten,Canteen,Low,synth_highacc,9,1
transaction invoice due bank charges,Fees / Finance,Medium,synth_highacc,3,0
the queue system in the admin building is broken the numbers on the screen don t match the tickets people are holding and everyone is just shouting over each other,Administration,Medium,complaint_triage,7,0
drain carpenter overflowing broken peeling,Maintenance,Medium,synth_highacc,4,0
staircase heating hostel laundry bucket,Hostels,High,synth_highacc,1,2
stale taste coffee fresh coffee,Canteen,Medium,synth_highacc,9,0
internship project opportunity placement delayed,Academics,Medium,synth_highacc,2,0
gst grant charges waiver cleared,Fees / Finance,Low,synth_highacc,3,1
midterm training results lecture degree,Academics,Low,synth_highacc,2,1
print overdue queue ebook edition,Library,Medium,synth_highacc,8,0
food fork shortage fork sauce,Canteen,Low,synth_highacc,9,1
the music in the mess hall is sometimes a bit too loud during breakfast it s hard to have a quiet conversation before heading to a 9 am lecture maybe the volume could be kept a bit lower in the mornings,Hostels,Low,complaint_triage,1,1
interest reimbursement late waiver deposit,Fees / Finance,Low,synth_highacc,3,1
topic mentor unclear paper overdue,Academics,Medium,synth_highacc,2,0
wire switch fixture sparking hammer,Maintenance,Medium,synth_highacc,4,0
error crash network password internet,IT Support,Medium,synth_highacc,0,0
pipeline leaking leakage electrician fuse,Maintenance,Medium,synth_highacc,4,0
mopping cement pane garbage garbage,Maintenance,High,synth_highacc,4,2
hygiene milk poor meal kitchen,Canteen,High,synth_highacc,9,2
midterm revaluation paper final lecturer,Academics,High,synth_highacc,2,2
meal oil spoiled canteen coffee,Canteen,Low,synth_highacc,9,1
accident route reported provided conductor,Transport,High,synth_highacc,5,2
almirah cupboard water bathroom laundry,Hostels,Low,synth_highacc,1,1
event coordinators mismanaged the college competition badly,Administration,Medium,manual,7,0
milk dinner milk food quality,Canteen,Low,synth_highacc,9,1
dust cement garbage drill urgent,Maintenance,High,synth_highacc,4,2
document submission sworn download,Administration,Medium,synth_highacc,7,0
signature requested attestation stamp scholarship,Administration,Low,synth_highacc,7,1
transaction account error charges fee,Fees / Finance,Low,synth_highacc,3,1
rate counter increased vegetable drink,Canteen,Medium,synth_highacc,9,0
mess counter price food counter,Canteen,Medium,synth_highacc,9,0
tea worth overcharge coffee rate,Canteen,Medium,synth_highacc,9,0
rotten oil breakfast spoil expensive,Canteen,Medium,synth_highacc,9,0
taste milk disappointing milk spoil,Canteen,Medium,synth_highacc,9,0
cheap daal juice worth drink,Canteen,Medium,synth_highacc,9,0
coffee vegetable bitter egg quality,Canteen,Medium,synth_highacc,9,0
hygiene fork poor taste sabzi,Canteen,Medium,synth_highacc,9,0
menu expensive menu quality plate,Canteen,Medium,synth_highacc,9,0
food mess shortage vegetable vegetable,Canteen,Medium,synth_highacc,9,0
oil curry snack plate dinner,Canteen,Medium,synth_highacc,9,0
oil daal glass plate coffee,Canteen,Medium,synth_highacc,9,0
food cook shortage food daal,Canteen,Medium,synth_highacc,9,0
salad coffee salad sauce expensive,Canteen,Medium,synth_highacc,9,0
kitchen curry hygiene plate overcharge,Canteen,Medium,synth_highacc,9,0
mess counter price food counter,Canteen,Medium,synth_highacc,9,0
food bill shortage menu egg,Canteen,Medium,synth_highacc,9,0
breakfast queue menu tea egg,Canteen,Medium,synth_highacc,9,0
price chapati glass expensive overcharge,Canteen,Medium,synth_highacc,9,0
snack juice items sabzi curry,Canteen,Medium,synth_highacc,9,0
vegetable oil sauce chicken drink,Canteen,Medium,synth_highacc,9,0
counter queue staff overcharge spoon,Canteen,Medium,synth_highacc,9,0
overcharge menu taste water canteen,Canteen,Medium,synth_highacc,9,0
queue fork long queue oil,Canteen,Medium,synth_highacc,9,0
rice counter sauce chapati plate,Canteen,Medium,synth_highacc,9,0
taste spoil awful canteen sauce,Canteen,Medium,synth_highacc,9,0
food meal shortage snack worth,Canteen,Medium,synth_highacc,9,0
chapati queue hard fresh mess,Canteen,Medium,synth_highacc,9,0
milk sabzi juice food mess,Canteen,Medium,synth_highacc,9,0
taste pickle poor lunch taste,Canteen,Medium,synth_highacc,9,0
coffee queue bitter sabzi plate,Canteen,Medium,synth_highacc,9,0
spoon breakfast sauce fork counter,Canteen,Medium,synth_highacc,9,0
mess spoil quality sauce menu,Canteen,Medium,synth_highacc,9,0
rice taste dinner chapati milk,Canteen,Medium,synth_highacc,9,0
lunch cook sauce breakfast curry,Canteen,Medium,synth_highacc,9,0
tea spoil cold plate cup,Canteen,Medium,synth_highacc,9,0
chapati counter hard food drink,Canteen,Medium,synth_highacc,9,0
kitchen vegetable hygiene drink taste,Canteen,Medium,synth_highacc,9,0
cheap counter chicken worth overcharge,Canteen,Medium,synth_highacc,9,0
menu dinner vegetable quality milk,Canteen,Medium,synth_highacc,9,0
kitchen snack drink meal snack,Canteen,Medium,synth_highacc,9,0
cook sauce spoil curry chapati,Canteen,Medium,synth_highacc,9,0
rotten oil breakfast spoil expensive,Canteen,Medium,synth_highacc,9,0
vegetable plate menu chicken spoon,Canteen,Medium,synth_highacc,9,0
oil breakfast oil plate stale,Canteen,Medium,synth_highacc,9,0
dinner vegetable overcharge snack breakfast,Canteen,Medium,synth_highacc,9,0
mess juice kitchen food snack,Canteen,Medium,synth_highacc,9,0
counter rice staff rotten rotten,Canteen,Medium,synth_highacc,9,0
milk pickle sour water vegetable,Canteen,Medium,synth_highacc,9,0
kitchen vegetable hygiene drink taste,Canteen,Medium,synth_highacc,9,0
dinner rate served oil menu,Canteen,Medium,synth_highacc,9,0
vegetable lunch oily dinner stale,Canteen,Medium,synth_highacc,9,0
overcharge sabzi worth water cup,Canteen,Medium,synth_highacc,9,0
taste spoil disappointing canteen sauce,Canteen,Medium,synth_highacc,9,0
milk oil rate food rice,Canteen,Medium,synth_highacc,9,0
tea water cold salad cup,Canteen,Medium,synth_highacc,9,0
spoon juice glass fork rate,Canteen,Medium,synth_highacc,9,0
rice juice undercook fresh worth,Canteen,Medium,synth_highacc,9,0
food kitchen shortage spoil breakfast,Canteen,Medium,synth_highacc,9,0
menu water food quality water,Canteen,Medium,synth_highacc,9,0
milk mess lunch food counter,Canteen,Medium,synth_highacc,9,0
canteen lunch costly snack kitchen,Canteen,Medium,synth_highacc,9,0
canteen fresh rate drink,Canteen,Medium,synth_highacc,9,0
dinner rice sabzi snack spoil,Canteen,Medium,synth_highacc,9,0
overcharge milk juice water stale,Canteen,Medium,synth_highacc,9,0
spoon cheap food fork queue,Canteen,Medium,synth_highacc,9,0
drink overcharge overcharge juice cook,Canteen,Medium,synth_highacc,9,0
coffee egg bitter plate meal,Canteen,Medium,synth_highacc,9,0
canteen mess bill cup,Canteen,Medium,synth_highacc,9,0
snack rice items pickle pickle,Canteen,Medium,synth_highacc,9,0
bill coffee vegetable rate oil,Canteen,Medium,synth_highacc,9,0
spoon breakfast sauce fork counter,Canteen,Medium,synth_highacc,9,0
chapati glass hard rotten food,Canteen,Medium,synth_highacc,9,0
breakfast overcharge menu oil expensive,Canteen,Medium,synth_highacc,9,0
dinner egg served pickle canteen,Canteen,Medium,synth_highacc,9,0
egg rotten oil daal milk,Canteen,Medium,synth_highacc,9,0
overcharge cup sabzi water rotten,Canteen,Medium,synth_highacc,9,0
hygiene fresh poor price chicken,Canteen,Medium,synth_highacc,9,0
rice daal undercook juice worth,Canteen,Medium,synth_highacc,9,0
counter counter staff spoon bill,Canteen,Medium,synth_highacc,9,0
canteen mess bill cup,Canteen,Medium,synth_highacc,9,0
counter queue staff overcharge spoon,Canteen,Medium,synth_highacc,9,0
stale meal egg fresh pickle,Canteen,Medium,synth_highacc,9,0
food breakfast rotten bill spoon,Canteen,Medium,synth_highacc,9,0
oil drink chicken plate chapati,Canteen,Medium,synth_highacc,9,0
snack daal items vegetable worth,Canteen,Medium,synth_highacc,9,0
food milk shortage cook spoil,Canteen,Medium,synth_highacc,9,0
dinner spoon served cheap price,Canteen,Medium,synth_highacc,9,0
cheap meal pickle worth sabzi,Canteen,Medium,synth_highacc,9,0
menu expensive menu quality plate,Canteen,Medium,synth_highacc,9,0
rice stale stale chapati mess,Canteen,Medium,synth_highacc,9,0
bill glass egg rate curry,Canteen,Medium,synth_highacc,9,0
counter dinner staff sauce bill,Canteen,Medium,synth_highacc,9,0
kitchen tea glass meal water,Canteen,Medium,synth_highacc,9,0
dinner vegetable served glass sabzi,Canteen,Medium,synth_highacc,9,0
water mess unhygienic dinner egg,Canteen,Medium,synth_highacc,9,0
card catalogue ebook periodical newspaper,Library,Medium,synth_highacc,8,0
photocopy stack charges bibliography return,Library,Medium,synth_highacc,8,0
bibliography newspaper section expired rack,Library,Medium,synth_highacc,8,0
silent volume zone research nonfiction,Library,Medium,synth_highacc,8,0
reading overdue area desk book,Library,Medium,synth_highacc,8,0
abstract penalty journal desk catalogue,Library,Medium,synth_highacc,8,0
book stack damaged database section,Library,Medium,synth_highacc,8,0
shelf rack labelling available database,Library,Medium,synth_highacc,8,0
book card damaged abstract shelf,Library,Medium,synth_highacc,8,0
fine stack calculation abstract librarian,Library,Medium,synth_highacc,8,0
penalty periodical charged newspaper rack,Library,Medium,synth_highacc,8,0
research newspaper available reference overdue,Library,Medium,synth_highacc,8,0
publisher newspaper details fine card,Library,Medium,synth_highacc,8,0
journal subscription subscription desk renew,Library,Medium,synth_highacc,8,0
database newspaper access locate abstract,Library,Medium,synth_highacc,8,0
aisle nonfiction light periodical magazine,Library,Medium,synth_highacc,8,0
locate counter shelf reading scan,Library,Medium,synth_highacc,8,0
journal catalogue binding shelf thesis,Library,Medium,synth_highacc,8,0
publisher ebook details librarian volume,Library,Medium,synth_highacc,8,0
newspaper ebook rack article available,Library,Medium,synth_highacc,8,0
database newspaper access newspaper shelf,Library,Medium,synth_highacc,8,0
volume edition renew research section,Library,Medium,synth_highacc,8,0
index counter page rack borrow,Library,Medium,synth_highacc,8,0
membership overdue renewal article author,Library,Medium,synth_highacc,8,0
photocopy author zone print available,Library,Medium,synth_highacc,8,0
research periodical paper volume counter,Library,Medium,synth_highacc,8,0
journal book binding almanac research,Library,Medium,synth_highacc,8,0
index penalty page fiction author,Library,Medium,synth_highacc,8,0
borrow author limit librarian book,Library,Medium,synth_highacc,8,0
catalogue renew search rack stack,Library,Medium,synth_highacc,8,0
volume edition index print fine,Library,Medium,synth_highacc,8,0
index scan page counter print,Library,Medium,synth_highacc,8,0
abstract section journal absent silent,Library,Medium,synth_highacc,8,0
fine shelf calculation audiobook photocopy,Library,Medium,synth_highacc,8,0
return edition date volume bibliography,Library,Medium,synth_highacc,8,0
bibliography newspaper section expired rack,Library,Medium,synth_highacc,8,0
journal fiction subscription penalty almanac,Library,Medium,synth_highacc,8,0
almanac shelf return bibliography overdue,Library,Medium,synth_highacc,8,0
scan database periodical librarian reading,Library,Medium,synth_highacc,8,0
renew librarian overdue fine audiobook,Library,Medium,synth_highacc,8,0
section aisle bibliography ebook publisher,Library,Medium,synth_highacc,8,0
membership reference expire counter fiction,Library,Medium,synth_highacc,8,0
thesis article binding edition card,Library,Medium,synth_highacc,8,0
borrow publisher search return overdue,Library,Medium,synth_highacc,8,0
photocopy overdue book print book,Library,Medium,synth_highacc,8,0
return book reminder bibliography book,Library,Medium,synth_highacc,8,0
search locate reference catalogue expired,Library,Medium,synth_highacc,8,0
section aisle abstract counter edition,Library,Medium,synth_highacc,8,0
card journal renewal article edition,Library,Medium,synth_highacc,8,0
abstract catalogue journal penalty abstract,Library,Medium,synth_highacc,8,0
journal database photocopy magazine periodical,Library,Medium,synth_highacc,8,0
book reference stack database,Library,Medium,synth_highacc,8,0
counter book staff zone renew,Library,Medium,synth_highacc,8,0
journal journal missing borrow scan,Library,Medium,synth_highacc,8,0
membership section expire counter audiobook,Library,Medium,synth_highacc,8,0
reference penalty section locate expired,Library,Medium,synth_highacc,8,0
search locate fiction penalty thesis,Library,Medium,synth_highacc,8,0
penalty search charged magazine rack,Library,Medium,synth_highacc,8,0
magazine borrow torn book article,Library,Medium,synth_highacc,8,0
fiction membership available aisle overdue,Library,Medium,synth_highacc,8,0
librarian index resolve citation aisle,Library,Medium,synth_highacc,8,0
section aisle zone abstract aisle,Library,Medium,synth_highacc,8,0
volume expired missing abstract journal,Library,Medium,synth_highacc,8,0
journal overdue scan magazine zone,Library,Medium,synth_highacc,8,0
search locate newspaper publisher penalty,Library,Medium,synth_highacc,8,0
journal database photocopy magazine periodical,Library,Medium,synth_highacc,8,0
membership edition renewal abstract membership,Library,Medium,synth_highacc,8,0
journal stack binding penalty database,Library,Medium,synth_highacc,8,0
publisher available details zone reading,Library,Medium,synth_highacc,8,0
desk author staff borrow zone,Library,Medium,synth_highacc,8,0
ebook penalty audiobook return nonfiction,Library,Medium,synth_highacc,8,0
section aisle zone abstract aisle,Library,Medium,synth_highacc,8,0
penalty book librarian membership search,Library,Medium,synth_highacc,8,0
journal thesis missing fine almanac,Library,Medium,synth_highacc,8,0
volume fine missing thesis photocopy,Library,Medium,synth_highacc,8,0
publisher citation details fiction abstract,Library,Medium,synth_highacc,8,0
research nonfiction section reference stack,Library,Medium,synth_highacc,8,0
photocopy penalty charges borrow card,Library,Medium,synth_highacc,8,0
silent newspaper zone thesis nonfiction,Library,Medium,synth_highacc,8,0
database volume access available abstract,Library,Medium,synth_highacc,8,0
magazine journal torn card membership,Library,Medium,synth_highacc,8,0
bibliography penalty section card aisle,Library,Medium,synth_highacc,8,0
shelf index labelling renew overdue,Library,Medium,synth_highacc,8,0
membership search expire photocopy card,Library,Medium,synth_highacc,8,0
locate counter shelf reading scan,Library,Medium,synth_highacc,8,0
counter almanac staff bibliography rack,Library,Medium,synth_highacc,8,0
silent search zone librarian shelf,Library,Medium,synth_highacc,8,0
photocopy audiobook thesis print citation,Library,Medium,synth_highacc,8,0
aisle reference light scan photocopy,Library,Medium,synth_highacc,8,0
thesis card binding overdue subscription,Library,Medium,synth_highacc,8,0
penalty fine edition membership magazine,Library,Medium,synth_highacc,8,0
ebook penalty audiobook return nonfiction,Library,Medium,synth_highacc,8,0
research silent zone reference audiobook,Library,Medium,synth_highacc,8,0
silent volume zone research nonfiction,Library,Medium,synth_highacc,8,0
section aisle bibliography ebook publisher,Library,Medium,synth_highacc,8,0
Teacher Issue Teacher doesn;t teach us syllabus contents. I have upload u file you can review it..,Academics,Medium,db_verified,2,0
Canteen Staff Rude Behaviour A new canteen staff is behaving us rude. Please take the action quickly.,Canteen,High,db_verified,9,2
Internet Connection issue I am not being able to access internet in class. Please fix the internet problem.,IT Support,Medium,db_verified,0,0
"Harashment Some one harrashed my friend , She is Crying. Should be take legal action",Academics,High,db_verified,2,2
"Canteen Food Stale I found the coachroach in canteen food today ,",Canteen,High,db_verified,9,2
